id_persona,edad,genero,ciudad_residencia,estrato_socioeconomico,frecuencia_visita,promedio_gasto_comida,ocio,consume_licor,preferencias_alimenticias,membresia_premium,tipo_de_pago_mas_usado,ingresos_mensuales,grupo_preferencia,n_restaurantes,rating_prom,clientes_por_restaurante,indice_cobertura
3456521319,61,Masculino,Chicago,Medio,2,23.02,Sí,Sí,Vegetariano,No,Efectivo,2838,Vegetariano/Vegano,2.0,4.1,847.0,0.02648563557654467
2916502228,44,Femenino,Chicago,Bajo,3,5.07,No,Sí,Mariscos,No,App,1365,Mariscos y pescado,21.0,4.409523809523809,59.142857142857146,0.37930756843800323
5736368501,54,Femenino,Chicago,Alto,5,34.35,No,Sí,Carnes,Sí,Tarjeta,7133,Carnes,32.0,4.3125,49.65625,0.45177260331445357
9718391309,70,Femenino,Chicago,Bajo,1,6.59,No,Sí,Vegetariano,No,Tarjeta,1205,Vegetariano/Vegano,2.0,4.1,847.0,0.02648563557654467
9148064715,79,Masculino,Chicago,Muy Alto,8,78.02,No,Sí,Pescado,Sí,App,17625,Mariscos y pescado,21.0,4.409523809523809,59.142857142857146,0.37930756843800323
5716275350,28,Masculino,Chicago,Medio,4,18.37,Sí,No,Pescado,Sí,Efectivo,2756,Mariscos y pescado,21.0,4.409523809523809,59.142857142857146,0.37930756843800323
4584891910,23,Masculino,Chicago,Alto,6,48.25,Sí,Sí,Mariscos,Sí,Efectivo,6976,Mariscos y pescado,21.0,4.409523809523809,59.142857142857146,0.37930756843800323
1118282957,77,Femenino,Chicago,Medio,4,28.57,No,Sí,Vegano,No,Tarjeta,1788,Vegetariano/Vegano,2.0,4.1,847.0,0.02648563557654467
8069035955,42,Femenino,Chicago,Medio,2,8.5,Sí,Sí,Vegetariano,No,Tarjeta,3145,Vegetariano/Vegano,2.0,4.1,847.0,0.02648563557654467
8333313045,44,Masculino,Chicago,Medio,5,22.42,No,Sí,Mariscos,Sí,Efectivo,2062,Mariscos y pescado,21.0,4.409523809523809,59.142857142857146,0.37930756843800323
2709051194,29,Femenino,Chicago,Alto,5,35.18,No,Sí,Carnes,Sí,Efectivo,6883,Carnes,32.0,4.3125,49.65625,0.45177260331445357
8140779790,37,Femenino,Chicago,Alto,6,18.74,No,Sí,Mariscos,Sí,App,8326,Mariscos y pescado,21.0,4.409523809523809,59.142857142857146,0.37930756843800323
7695630064,59,Femenino,Chicago,Alto,5,45.97,No,Sí,Vegetariano,No,Tarjeta,4735,Vegetariano/Vegano,2.0,4.1,847.0,0.02648563557654467
9337145038,38,Masculino,Chicago,Muy Alto,9,6.13,Sí,No,Otro,Sí,Efectivo,14154,Otro,191.0,4.39738219895288,3.094240837696335,7.250028200789622
2178884276,51,Masculino,Chicago,Muy Alto,9,60.07,No,No,Vegetariano,Sí,Efectivo,10987,Vegetariano/Vegano,2.0,4.1,847.0,0.02648563557654467
8843726220,43,Masculino,Chicago,Medio,3,21.44,Sí,Sí,Carnes,No,Efectivo,1690,Carnes,32.0,4.3125,49.65625,0.45177260331445357
1730408097,49,Masculino,Chicago,Bajo,2,6.68,No,Sí,Carnes,No,Efectivo,1128,Carnes,32.0,4.3125,49.65625,0.45177260331445357
6815177620,74,Masculino,Chicago,Alto,4,41.98,Sí,No,Mariscos,Sí,Efectivo,7923,Mariscos y pescado,21.0,4.409523809523809,59.142857142857146,0.37930756843800323
6882074066,62,Masculino,Chicago,Alto,6,49.14,Sí,Sí,Carnes,Sí,Efectivo,8394,Carnes,32.0,4.3125,49.65625,0.45177260331445357
9619600836,34,Masculino,Chicago,Alto,5,25.29,No,Sí,Vegetariano,Sí,Tarjeta,8982,Vegetariano/Vegano,2.0,4.1,847.0,0.02648563557654467
1997045743,46,Masculino,Chicago,Bajo,1,6.61,Sí,Sí,Pescado,No,Efectivo,1125,Mariscos y pescado,21.0,4.409523809523809,59.142857142857146,0.37930756843800323
6637880115,32,Masculino,Chicago,Medio,5,8.39,Sí,Sí,Mariscos,No,App,2523,Mariscos y pescado,21.0,4.409523809523809,59.142857142857146,0.37930756843800323
3157024618,77,Masculino,Chicago,Bajo,0,0.0,Sí,No,Vegetariano,No,App,1227,Vegetariano/Vegano,2.0,4.1,847.0,0.02648563557654467
9539923943,61,Femenino,Chicago,Bajo,3,9.11,No,No,Carnes,No,Efectivo,1512,Carnes,32.0,4.3125,49.65625,0.45177260331445357
7351061792,46,Masculino,Chicago,Muy Alto,10,88.36,No,Sí,Vegetariano,Sí,Efectivo,14709,Vegetariano/Vegano,2.0,4.1,847.0,0.02648563557654467
1476910050,37,Femenino,Chicago,Bajo,1,7.8,Sí,Sí,Pescado,No,Efectivo,1004,Mariscos y pescado,21.0,4.409523809523809,59.142857142857146,0.37930756843800323
9499888048,19,Masculino,Chicago,Alto,5,55.34,No,Sí,Carnes,Sí,App,6604,Carnes,32.0,4.3125,49.65625,0.45177260331445357
7529817193,63,Masculino,Chicago,Bajo,2,6.48,No,Sí,Carnes,No,App,973,Carnes,32.0,4.3125,49.65625,0.45177260331445357
9086147474,75,Femenino,Chicago,Muy Alto,9,17.03,No,No,Mariscos,Sí,Efectivo,14678,Mariscos y pescado,21.0,4.409523809523809,59.142857142857146,0.37930756843800323
7083157218,39,Masculino,Chicago,Alto,6,20.82,Sí,No,Mariscos,Sí,App,3596,Mariscos y pescado,21.0,4.409523809523809,59.142857142857146,0.37930756843800323
2548678342,45,Masculino,Chicago,Medio,4,27.7,No,Sí,Carnes,No,Tarjeta,3015,Carnes,32.0,4.3125,49.65625,0.45177260331445357
9954587710,63,Masculino,Chicago,Alto,4,30.78,Sí,Sí,Vegetariano,Sí,Efectivo,6006,Vegetariano/Vegano,2.0,4.1,847.0,0.02648563557654467
1198168828,44,Masculino,Chicago,Muy Alto,7,11.45,Sí,No,Vegano,Sí,Efectivo,17490,Vegetariano/Vegano,2.0,4.1,847.0,0.02648563557654467
5242015210,31,Femenino,Chicago,Muy Alto,7,97.43,No,No,Vegano,Sí,Tarjeta,10431,Vegetariano/Vegano,2.0,4.1,847.0,0.02648563557654467
3137394980,69,Femenino,Chicago,Muy Alto,7,60.14,No,Sí,Vegetariano,Sí,Efectivo,9631,Vegetariano/Vegano,2.0,4.1,847.0,0.02648563557654467
3618896499,42,Femenino,Chicago,Medio,2,22.76,Sí,No,Carnes,No,Tarjeta,2933,Carnes,32.0,4.3125,49.65625,0.45177260331445357
2149470354,18,Femenino,Chicago,Alto,5,5.25,Sí,Sí,Otro,Sí,Tarjeta,6849,Otro,191.0,4.39738219895288,3.094240837696335,7.250028200789622
2165559317,29,Femenino,Chicago,Muy Alto,8,40.26,Sí,Sí,Vegano,Sí,App,17944,Vegetariano/Vegano,2.0,4.1,847.0,0.02648563557654467
1840383636,72,Masculino,Chicago,Muy Alto,6,49.23,No,No,Carnes,Sí,App,17979,Carnes,32.0,4.3125,49.65625,0.45177260331445357
8137702525,25,Femenino,Chicago,Muy Alto,9,48.58,Sí,Sí,Pescado,Sí,App,9535,Mariscos y pescado,21.0,4.409523809523809,59.142857142857146,0.37930756843800323
4025007797,33,Masculino,Chicago,Alto,6,52.25,Sí,Sí,Vegetariano,Sí,Efectivo,4466,Vegetariano/Vegano,2.0,4.1,847.0,0.02648563557654467
8351137276,43,Femenino,Chicago,Medio,2,23.22,Sí,Sí,Vegano,No,Efectivo,1973,Vegetariano/Vegano,2.0,4.1,847.0,0.02648563557654467
5703979945,66,Masculino,Chicago,Alto,5,30.26,Sí,Sí,Pescado,Sí,App,6940,Mariscos y pescado,21.0,4.409523809523809,59.142857142857146,0.37930756843800323
1893328647,35,Femenino,Chicago,Bajo,2,7.59,Sí,Sí,Vegetariano,No,App,1229,Vegetariano/Vegano,2.0,4.1,847.0,0.02648563557654467
5802745844,62,Femenino,Chicago,Medio,3,13.44,No,Sí,Pescado,No,App,1688,Mariscos y pescado,21.0,4.409523809523809,59.142857142857146,0.37930756843800323
4993943753,78,Femenino,Chicago,Medio,2,29.74,No,No,Vegano,Sí,Efectivo,3124,Vegetariano/Vegano,2.0,4.1,847.0,0.02648563557654467
9084491684,34,Femenino,Chicago,Alto,5,57.22,No,No,Mariscos,Sí,Tarjeta,5011,Mariscos y pescado,21.0,4.409523809523809,59.142857142857146,0.37930756843800323
5087280062,56,Femenino,Chicago,Medio,5,26.8,No,Sí,Vegano,No,App,2423,Vegetariano/Vegano,2.0,4.1,847.0,0.02648563557654467
7842251654,45,Femenino,Chicago,Medio,2,25.61,No,No,Carnes,No,Criptomoneda,2739,Carnes,32.0,4.3125,49.65625,0.45177260331445357
5454664260,40,Masculino,Chicago,Alto,4,23.28,No,Sí,Carnes,Sí,Efectivo,5493,Carnes,32.0,4.3125,49.65625,0.45177260331445357
9706868875,69,Femenino,Chicago,Medio,3,7.16,No,Sí,Carnes,No,Efectivo,2256,Carnes,32.0,4.3125,49.65625,0.45177260331445357
6603749922,27,Masculino,Chicago,Muy Alto,5,31.73,No,Sí,Carnes,Sí,App,13441,Carnes,32.0,4.3125,49.65625,0.45177260331445357
1368605032,73,Femenino,Chicago,Muy Alto,7,90.43,No,Sí,Carnes,Sí,Criptomoneda,12948,Carnes,32.0,4.3125,49.65625,0.45177260331445357
3034447658,63,Femenino,Chicago,Bajo,1,9.88,No,No,Carnes,No,Tarjeta,877,Carnes,32.0,4.3125,49.65625,0.45177260331445357
1936506194,30,Femenino,Chicago,Alto,5,10.77,Sí,Sí,Vegetariano,Sí,Tarjeta,8671,Vegetariano/Vegano,2.0,4.1,847.0,0.02648563557654467
9585583837,44,Femenino,Chicago,Medio,4,29.46,No,Sí,Carnes,No,Tarjeta,3138,Carnes,32.0,4.3125,49.65625,0.45177260331445357
9740017641,68,Femenino,Chicago,Alto,4,37.62,Sí,Sí,Carnes,Sí,Tarjeta,8732,Carnes,32.0,4.3125,49.65625,0.45177260331445357
4810009104,29,Femenino,Chicago,Medio,4,16.72,No,Sí,Carnes,No,Tarjeta,2991,Carnes,32.0,4.3125,49.65625,0.45177260331445357
5067400473,22,Masculino,Chicago,Bajo,1,9.19,Sí,Sí,Mariscos,No,Efectivo,948,Mariscos y pescado,21.0,4.409523809523809,59.142857142857146,0.37930756843800323
5816527326,80,Femenino,Chicago,Alto,5,41.92,No,No,Vegetariano,Sí,Tarjeta,5136,Vegetariano/Vegano,2.0,4.1,847.0,0.02648563557654467
2924460897,75,Femenino,Chicago,Alto,6,26.28,Sí,Sí,Vegano,Sí,Efectivo,7878,Vegetariano/Vegano,2.0,4.1,847.0,0.02648563557654467
2274350418,27,Femenino,Chicago,Bajo,0,0.0,Sí,Sí,Mariscos,No,App,1560,Mariscos y pescado,21.0,4.409523809523809,59.142857142857146,0.37930756843800323
4367382040,34,Femenino,Chicago,Medio,2,18.88,Sí,No,Vegetariano,No,App,2054,Vegetariano/Vegano,2.0,4.1,847.0,0.02648563557654467
9261957016,44,Femenino,Chicago,Bajo,3,9.94,No,No,Vegano,No,Tarjeta,962,Vegetariano/Vegano,2.0,4.1,847.0,0.02648563557654467
4254589788,61,Femenino,Chicago,Bajo,2,5.47,Sí,Sí,Carnes,No,App,1522,Carnes,32.0,4.3125,49.65625,0.45177260331445357
5722918703,28,Femenino,Chicago,Medio,5,11.29,Sí,Sí,Otro,No,Tarjeta,2188,Otro,191.0,4.39738219895288,3.094240837696335,7.250028200789622
9058972810,62,Femenino,Chicago,Alto,4,53.81,No,Sí,Carnes,No,Tarjeta,5516,Carnes,32.0,4.3125,49.65625,0.45177260331445357
2315202804,44,Femenino,Chicago,Medio,2,10.73,Sí,Sí,Carnes,No,Tarjeta,1743,Carnes,32.0,4.3125,49.65625,0.45177260331445357
7091250529,62,Femenino,Chicago,Alto,4,38.08,No,No,Pescado,Sí,Tarjeta,8472,Mariscos y pescado,21.0,4.409523809523809,59.142857142857146,0.37930756843800323
6668354702,18,Masculino,Chicago,Alto,6,50.5,No,Sí,Vegetariano,Sí,Efectivo,4042,Vegetariano/Vegano,2.0,4.1,847.0,0.02648563557654467
7234842696,80,Femenino,Chicago,Medio,2,13.17,No,Sí,Otro,Sí,Tarjeta,2526,Otro,191.0,4.39738219895288,3.094240837696335,7.250028200789622
3249673376,79,Masculino,Chicago,Muy Alto,6,17.13,No,No,Vegano,Sí,Tarjeta,12891,Vegetariano/Vegano,2.0,4.1,847.0,0.02648563557654467
3324051554,29,Masculino,Chicago,Alto,6,54.05,No,Sí,Otro,No,Tarjeta,4806,Otro,191.0,4.39738219895288,3.094240837696335,7.250028200789622
9934940008,38,Masculino,Chicago,Alto,4,7.75,Sí,Sí,Otro,Sí,Efectivo,4318,Otro,191.0,4.39738219895288,3.094240837696335,7.250028200789622
2929513766,62,Masculino,Chicago,Bajo,3,7.58,Sí,Sí,Carnes,No,App,1369,Carnes,32.0,4.3125,49.65625,0.45177260331445357
4321766358,33,Femenino,Chicago,Bajo,1,5.9,No,Sí,Vegetariano,No,Tarjeta,1190,Vegetariano/Vegano,2.0,4.1,847.0,0.02648563557654467
8981576848,37,Masculino,Chicago,Medio,2,25.3,Sí,No,Carnes,No,App,2175,Carnes,32.0,4.3125,49.65625,0.45177260331445357
5006254928,28,Masculino,Chicago,Muy Alto,9,99.88,No,Sí,Otro,Sí,Tarjeta,9774,Otro,191.0,4.39738219895288,3.094240837696335,7.250028200789622
2275419402,21,Femenino,Chicago,Medio,5,13.76,No,Sí,Vegetariano,No,App,2935,Vegetariano/Vegano,2.0,4.1,847.0,0.02648563557654467
4810352911,79,Femenino,Chicago,Medio,4,7.37,Sí,Sí,Mariscos,No,Efectivo,2352,Mariscos y pescado,21.0,4.409523809523809,59.142857142857146,0.37930756843800323
6524621697,61,Masculino,Chicago,Medio,3,21.35,Sí,No,Carnes,No,Tarjeta,3323,Carnes,32.0,4.3125,49.65625,0.45177260331445357
1607078287,26,Masculino,Chicago,Medio,4,20.4,No,No,Vegano,Sí,Efectivo,1776,Vegetariano/Vegano,2.0,4.1,847.0,0.02648563557654467
4933355644,60,Femenino,Chicago,Bajo,0,0.0,Sí,Sí,Vegetariano,No,Tarjeta,1002,Vegetariano/Vegano,2.0,4.1,847.0,0.02648563557654467
9753722094,77,Masculino,Chicago,Alto,5,36.52,Sí,Sí,Pescado,No,Efectivo,4043,Mariscos y pescado,21.0,4.409523809523809,59.142857142857146,0.37930756843800323
3486692500,61,Femenino,Chicago,Bajo,2,9.13,No,No,Mariscos,No,App,1287,Mariscos y pescado,21.0,4.409523809523809,59.142857142857146,0.37930756843800323
8398862537,35,Masculino,Chicago,Medio,4,17.4,No,No,Vegano,No,Criptomoneda,3219,Vegetariano/Vegano,2.0,4.1,847.0,0.02648563557654467
2889192199,46,Masculino,Chicago,Alto,4,10.13,No,No,Carnes,Sí,Efectivo,6127,Carnes,32.0,4.3125,49.65625,0.45177260331445357
4033164905,19,Femenino,Chicago,Muy Alto,10,50.71,Sí,No,Carnes,Sí,Tarjeta,17047,Carnes,32.0,4.3125,49.65625,0.45177260331445357
7540301973,53,Femenino,Chicago,Medio,4,17.37,No,Sí,Vegetariano,No,Efectivo,2095,Vegetariano/Vegano,2.0,4.1,847.0,0.02648563557654467
9922452002,41,Masculino,Chicago,Medio,4,8.83,Sí,No,Otro,No,App,2357,Otro,191.0,4.39738219895288,3.094240837696335,7.250028200789622
5617569424,40,Femenino,Chicago,Medio,2,17.9,Sí,Sí,Carnes,No,App,2236,Carnes,32.0,4.3125,49.65625,0.45177260331445357
7725506600,45,Masculino,Chicago,Bajo,3,8.08,Sí,Sí,Vegetariano,No,Tarjeta,1244,Vegetariano/Vegano,2.0,4.1,847.0,0.02648563557654467
9118141883,33,Masculino,Chicago,Alto,6,53.09,Sí,Sí,Vegetariano,Sí,Tarjeta,8239,Vegetariano/Vegano,2.0,4.1,847.0,0.02648563557654467
1909948433,77,Femenino,Chicago,Bajo,0,0.0,No,No,Pescado,No,Efectivo,1304,Mariscos y pescado,21.0,4.409523809523809,59.142857142857146,0.37930756843800323
8934694323,26,Femenino,Chicago,Medio,3,22.89,Sí,Sí,Otro,No,Efectivo,3026,Otro,191.0,4.39738219895288,3.094240837696335,7.250028200789622
8709849092,51,Femenino,Chicago,Medio,5,22.15,Sí,No,Otro,No,Efectivo,2241,Otro,191.0,4.39738219895288,3.094240837696335,7.250028200789622
1899700279,53,Masculino,Chicago,Bajo,0,0.0,Sí,Sí,Vegetariano,No,Efectivo,1259,Vegetariano/Vegano,2.0,4.1,847.0,0.02648563557654467
8910440683,47,Femenino,Chicago,Bajo,0,0.0,Sí,No,Pescado,No,Tarjeta,1258,Mariscos y pescado,21.0,4.409523809523809,59.142857142857146,0.37930756843800323
8298372610,46,Femenino,Chicago,Alto,5,52.54,No,Sí,Sin dato,No,Tarjeta,5958,Sin dato,,,,
4020889880,29,Masculino,Chicago,Muy Alto,6,100.06,Sí,Sí,Carnes,Sí,App,16452,Carnes,32.0,4.3125,49.65625,0.45177260331445357
1137223267,52,Femenino,Chicago,Bajo,1,9.94,No,No,Vegano,No,Tarjeta,1040,Vegetariano/Vegano,2.0,4.1,847.0,0.02648563557654467
7059591606,33,Masculino,Chicago,Medio,4,21.93,No,Sí,Carnes,No,Tarjeta,2688,Carnes,32.0,4.3125,49.65625,0.45177260331445357
2474442265,33,Femenino,Chicago,Alto,4,44.99,No,No,Carnes,Sí,Tarjeta,5728,Carnes,32.0,4.3125,49.65625,0.45177260331445357
2556411683,22,Femenino,Chicago,Muy Alto,5,15.59,No,Sí,Vegetariano,Sí,App,9281,Vegetariano/Vegano,2.0,4.1,847.0,0.02648563557654467
9356854399,25,Masculino,Chicago,Alto,4,36.94,Sí,Sí,Vegetariano,No,App,3828,Vegetariano/Vegano,2.0,4.1,847.0,0.02648563557654467
4310818259,78,Femenino,Chicago,Alto,6,53.95,Sí,Sí,Carnes,No,App,4892,Carnes,32.0,4.3125,49.65625,0.45177260331445357
2087219393,73,Masculino,Chicago,Bajo,3,9.3,No,No,Mariscos,No,Tarjeta,1525,Mariscos y pescado,21.0,4.409523809523809,59.142857142857146,0.37930756843800323
8820673474,58,Femenino,Chicago,Muy Alto,7,103.04,No,Sí,Vegetariano,Sí,Tarjeta,13225,Vegetariano/Vegano,2.0,4.1,847.0,0.02648563557654467
7374584386,36,Femenino,Chicago,Bajo,2,6.95,No,No,Carnes,No,App,1216,Carnes,32.0,4.3125,49.65625,0.45177260331445357
1568185470,78,Femenino,Chicago,Muy Alto,7,60.35,Sí,No,Otro,Sí,Tarjeta,17864,Otro,191.0,4.39738219895288,3.094240837696335,7.250028200789622
9116448726,80,Femenino,Chicago,Medio,5,22.71,No,No,Carnes,No,Tarjeta,2626,Carnes,32.0,4.3125,49.65625,0.45177260331445357
9680308246,70,Femenino,Chicago,Muy Alto,5,90.13,Sí,Sí,Pescado,Sí,Tarjeta,16368,Mariscos y pescado,21.0,4.409523809523809,59.142857142857146,0.37930756843800323
1736086849,64,Femenino,Chicago,Alto,6,5.61,Sí,Sí,Carnes,Sí,Tarjeta,7786,Carnes,32.0,4.3125,49.65625,0.45177260331445357
1780316263,50,Masculino,Chicago,Bajo,1,6.18,No,Sí,Sin dato,No,Tarjeta,871,Sin dato,,,,
7625866719,49,Masculino,Chicago,Alto,4,58.7,Sí,Sí,Otro,Sí,Tarjeta,3621,Otro,191.0,4.39738219895288,3.094240837696335,7.250028200789622
4042413312,23,Femenino,Chicago,Alto,5,31.55,Sí,Sí,Carnes,Sí,Tarjeta,7929,Carnes,32.0,4.3125,49.65625,0.45177260331445357
2229872876,20,Masculino,Chicago,Bajo,3,5.16,No,Sí,Pescado,No,Efectivo,1348,Mariscos y pescado,21.0,4.409523809523809,59.142857142857146,0.37930756843800323
8442697839,71,Femenino,Chicago,Muy Alto,7,47.43,Sí,Sí,Vegano,Sí,Efectivo,17466,Vegetariano/Vegano,2.0,4.1,847.0,0.02648563557654467
6770970113,47,Masculino,Chicago,Medio,3,14.54,Sí,Sí,Vegetariano,No,Efectivo,2696,Vegetariano/Vegano,2.0,4.1,847.0,0.02648563557654467
9620935604,77,Masculino,Chicago,Alto,4,32.73,No,No,Vegano,No,App,6572,Vegetariano/Vegano,2.0,4.1,847.0,0.02648563557654467
6405351998,20,Femenino,Chicago,Medio,5,27.64,No,Sí,Carnes,No,App,2064,Carnes,32.0,4.3125,49.65625,0.45177260331445357
7471466260,58,Femenino,Chicago,Medio,5,14.24,No,Sí,Vegetariano,No,App,1776,Vegetariano/Vegano,2.0,4.1,847.0,0.02648563557654467
7857947709,35,Femenino,Chicago,Bajo,2,6.15,No,Sí,Pescado,No,Tarjeta,1530,Mariscos y pescado,21.0,4.409523809523809,59.142857142857146,0.37930756843800323
3293444559,67,Masculino,Chicago,Bajo,2,8.47,No,Sí,Carnes,No,App,1261,Carnes,32.0,4.3125,49.65625,0.45177260331445357
8503368512,54,Femenino,Chicago,Alto,4,9.02,Sí,Sí,Pescado,No,Efectivo,7979,Mariscos y pescado,21.0,4.409523809523809,59.142857142857146,0.37930756843800323
4281901324,18,Femenino,Chicago,Medio,2,9.79,Sí,Sí,Mariscos,No,Efectivo,2135,Mariscos y pescado,21.0,4.409523809523809,59.142857142857146,0.37930756843800323
7465834732,40,Masculino,Chicago,Alto,6,37.09,No,Sí,Otro,Sí,Efectivo,7208,Otro,191.0,4.39738219895288,3.094240837696335,7.250028200789622
8871979518,44,Femenino,Chicago,Medio,3,9.93,No,Sí,Carnes,No,Tarjeta,2130,Carnes,32.0,4.3125,49.65625,0.45177260331445357
7444898579,48,Masculino,Chicago,Medio,4,5.39,Sí,No,Carnes,No,Efectivo,2480,Carnes,32.0,4.3125,49.65625,0.45177260331445357
1892445882,59,Masculino,Chicago,Bajo,2,6.23,No,No,Vegetariano,No,App,1406,Vegetariano/Vegano,2.0,4.1,847.0,0.02648563557654467
3019049580,37,Femenino,Chicago,Alto,5,54.05,Sí,Sí,Vegetariano,Sí,Efectivo,7946,Vegetariano/Vegano,2.0,4.1,847.0,0.02648563557654467
7982725037,79,Masculino,Chicago,Bajo,2,9.05,No,No,Pescado,No,Efectivo,958,Mariscos y pescado,21.0,4.409523809523809,59.142857142857146,0.37930756843800323
9049737799,66,Masculino,Chicago,Medio,4,29.12,Sí,No,Carnes,No,Efectivo,3381,Carnes,32.0,4.3125,49.65625,0.45177260331445357
1981971938,20,Masculino,Chicago,Medio,4,24.5,Sí,Sí,Otro,No,Tarjeta,2531,Otro,191.0,4.39738219895288,3.094240837696335,7.250028200789622
5649905416,43,Femenino,Chicago,Alto,5,33.71,Sí,Sí,Carnes,Sí,App,6631,Carnes,32.0,4.3125,49.65625,0.45177260331445357
4163547418,43,Femenino,Chicago,Bajo,2,5.33,Sí,No,Carnes,No,Tarjeta,824,Carnes,32.0,4.3125,49.65625,0.45177260331445357
6183086934,70,Masculino,Chicago,Medio,5,28.53,No,Sí,Carnes,No,Tarjeta,2582,Carnes,32.0,4.3125,49.65625,0.45177260331445357
9511322359,26,Masculino,Chicago,Medio,5,22.52,No,Sí,Mariscos,No,Tarjeta,2247,Mariscos y pescado,21.0,4.409523809523809,59.142857142857146,0.37930756843800323
8064882799,55,Masculino,Chicago,Medio,4,16.13,No,Sí,Carnes,No,App,3414,Carnes,32.0,4.3125,49.65625,0.45177260331445357
4242296823,64,Femenino,Chicago,Bajo,3,6.49,Sí,Sí,Carnes,No,App,1077,Carnes,32.0,4.3125,49.65625,0.45177260331445357
9467959811,49,Masculino,Chicago,Alto,4,18.27,No,Sí,Carnes,No,App,5816,Carnes,32.0,4.3125,49.65625,0.45177260331445357
5632087724,36,Masculino,Chicago,Bajo,0,0.0,Sí,Sí,Mariscos,No,Tarjeta,1513,Mariscos y pescado,21.0,4.409523809523809,59.142857142857146,0.37930756843800323
2382129132,64,Masculino,Chicago,Medio,5,22.44,No,Sí,Pescado,No,Efectivo,2928,Mariscos y pescado,21.0,4.409523809523809,59.142857142857146,0.37930756843800323
6969135358,77,Femenino,Chicago,Bajo,0,0.0,Sí,No,Carnes,Sí,Tarjeta,1080,Carnes,32.0,4.3125,49.65625,0.45177260331445357
8314922743,19,Femenino,Chicago,Alto,5,19.73,Sí,Sí,Otro,Sí,App,6109,Otro,191.0,4.39738219895288,3.094240837696335,7.250028200789622
3960592003,35,Femenino,Chicago,Bajo,3,6.28,Sí,Sí,Vegano,No,Tarjeta,1074,Vegetariano/Vegano,2.0,4.1,847.0,0.02648563557654467
4623960580,32,Femenino,Chicago,Bajo,1,7.46,Sí,Sí,Mariscos,No,Tarjeta,1521,Mariscos y pescado,21.0,4.409523809523809,59.142857142857146,0.37930756843800323
8893852340,66,Femenino,Chicago,Muy Alto,8,103.28,Sí,Sí,Carnes,Sí,Tarjeta,17355,Carnes,32.0,4.3125,49.65625,0.45177260331445357
3994452858,46,Femenino,Chicago,Muy Alto,5,13.86,No,Sí,Vegetariano,Sí,App,12505,Vegetariano/Vegano,2.0,4.1,847.0,0.02648563557654467
3021644254,25,Masculino,Chicago,Bajo,1,7.64,No,Sí,Pescado,No,App,1196,Mariscos y pescado,21.0,4.409523809523809,59.142857142857146,0.37930756843800323
3081076755,80,Masculino,Chicago,Bajo,1,5.07,No,Sí,Vegetariano,No,Efectivo,1373,Vegetariano/Vegano,2.0,4.1,847.0,0.02648563557654467
4796865162,57,Femenino,Chicago,Bajo,0,0.0,No,Sí,Vegano,No,Efectivo,1441,Vegetariano/Vegano,2.0,4.1,847.0,0.02648563557654467
7996528252,38,Femenino,Chicago,Bajo,1,8.68,Sí,Sí,Carnes,No,App,1099,Carnes,32.0,4.3125,49.65625,0.45177260331445357
4558594751,21,Masculino,Chicago,Alto,4,32.53,Sí,Sí,Pescado,No,App,7478,Mariscos y pescado,21.0,4.409523809523809,59.142857142857146,0.37930756843800323
4259973452,33,Masculino,Chicago,Medio,5,21.78,No,Sí,Vegetariano,Sí,Efectivo,2940,Vegetariano/Vegano,2.0,4.1,847.0,0.02648563557654467
9923542410,29,Femenino,Chicago,Medio,2,6.69,No,Sí,Carnes,No,Efectivo,1807,Carnes,32.0,4.3125,49.65625,0.45177260331445357
2252055106,67,Femenino,Chicago,Alto,4,17.28,Sí,Sí,Otro,Sí,Efectivo,3927,Otro,191.0,4.39738219895288,3.094240837696335,7.250028200789622
2702311064,64,Masculino,Chicago,Alto,6,35.4,No,Sí,Carnes,No,Efectivo,3684,Carnes,32.0,4.3125,49.65625,0.45177260331445357
1395255255,64,Masculino,Chicago,Medio,3,11.36,No,Sí,Carnes,No,App,2475,Carnes,32.0,4.3125,49.65625,0.45177260331445357
9830946410,50,Femenino,Chicago,Medio,2,10.79,Sí,Sí,Carnes,No,Efectivo,1736,Carnes,32.0,4.3125,49.65625,0.45177260331445357
2300989802,68,Masculino,Chicago,Bajo,1,7.97,No,Sí,Carnes,Sí,Efectivo,923,Carnes,32.0,4.3125,49.65625,0.45177260331445357
9603011340,23,Femenino,Chicago,Medio,4,6.13,No,Sí,Vegano,No,App,3236,Vegetariano/Vegano,2.0,4.1,847.0,0.02648563557654467
1362218752,40,Femenino,Chicago,Muy Alto,10,46.1,No,Sí,Otro,Sí,Tarjeta,16893,Otro,191.0,4.39738219895288,3.094240837696335,7.250028200789622
8180101072,50,Femenino,Chicago,Medio,5,29.6,No,Sí,Vegano,No,App,1727,Vegetariano/Vegano,2.0,4.1,847.0,0.02648563557654467
9475155674,21,Femenino,Chicago,Bajo,2,7.64,Sí,Sí,Vegano,No,App,1266,Vegetariano/Vegano,2.0,4.1,847.0,0.02648563557654467
8778927211,56,Masculino,Chicago,Alto,6,55.99,No,No,Sin dato,No,Efectivo,7646,Sin dato,,,,
2249540402,23,Femenino,Chicago,Muy Alto,10,71.05,Sí,Sí,Vegetariano,Sí,Efectivo,11408,Vegetariano/Vegano,2.0,4.1,847.0,0.02648563557654467
2968158685,49,Masculino,Chicago,Muy Alto,6,57.86,No,No,Carnes,Sí,Tarjeta,15736,Carnes,32.0,4.3125,49.65625,0.45177260331445357
2240467770,56,Femenino,Chicago,Muy Alto,5,23.34,No,No,Carnes,Sí,Tarjeta,10571,Carnes,32.0,4.3125,49.65625,0.45177260331445357
8453582359,35,Femenino,Chicago,Medio,2,10.3,No,No,Carnes,No,Efectivo,2567,Carnes,32.0,4.3125,49.65625,0.45177260331445357
4890291521,68,Femenino,Chicago,Bajo,0,0.0,Sí,No,Otro,No,Tarjeta,821,Otro,191.0,4.39738219895288,3.094240837696335,7.250028200789622
9261825255,29,Femenino,Chicago,Medio,5,25.55,Sí,Sí,Vegetariano,Sí,Efectivo,2806,Vegetariano/Vegano,2.0,4.1,847.0,0.02648563557654467
4660052761,66,Masculino,Chicago,Alto,4,57.19,No,No,Carnes,Sí,App,4258,Carnes,32.0,4.3125,49.65625,0.45177260331445357
4364114312,47,Masculino,Chicago,Medio,2,21.6,Sí,Sí,Carnes,No,Efectivo,2002,Carnes,32.0,4.3125,49.65625,0.45177260331445357
3886874711,52,Masculino,Chicago,Muy Alto,7,22.46,Sí,Sí,Vegetariano,Sí,App,16766,Vegetariano/Vegano,2.0,4.1,847.0,0.02648563557654467
7003761377,39,Femenino,Chicago,Medio,4,16.94,No,Sí,Mariscos,Sí,App,3247,Mariscos y pescado,21.0,4.409523809523809,59.142857142857146,0.37930756843800323
9562519605,33,Femenino,Chicago,Bajo,1,8.8,Sí,Sí,Mariscos,No,Efectivo,1549,Mariscos y pescado,21.0,4.409523809523809,59.142857142857146,0.37930756843800323
9538582379,39,Masculino,Chicago,Alto,5,21.23,No,No,Vegetariano,Sí,Efectivo,7562,Vegetariano/Vegano,2.0,4.1,847.0,0.02648563557654467
4820301341,62,Femenino,Chicago,Bajo,0,0.0,No,Sí,Vegano,No,Criptomoneda,1577,Vegetariano/Vegano,2.0,4.1,847.0,0.02648563557654467
7367666321,67,Femenino,Chicago,Muy Alto,10,49.38,Sí,Sí,Mariscos,Sí,Tarjeta,11710,Mariscos y pescado,21.0,4.409523809523809,59.142857142857146,0.37930756843800323
2409591198,26,Femenino,Chicago,Muy Alto,9,62.34,No,Sí,Vegano,Sí,App,15142,Vegetariano/Vegano,2.0,4.1,847.0,0.02648563557654467
5169972146,73,Masculino,Chicago,Bajo,0,0.0,No,No,Carnes,No,Tarjeta,1388,Carnes,32.0,4.3125,49.65625,0.45177260331445357
5577256608,44,Masculino,Chicago,Medio,4,12.57,No,No,Vegetariano,No,App,3474,Vegetariano/Vegano,2.0,4.1,847.0,0.02648563557654467
5306977868,49,Masculino,Chicago,Medio,4,6.56,Sí,No,Otro,Sí,Tarjeta,3485,Otro,191.0,4.39738219895288,3.094240837696335,7.250028200789622
3210629192,26,Femenino,Chicago,Alto,5,28.24,No,Sí,Vegano,Sí,Efectivo,3855,Vegetariano/Vegano,2.0,4.1,847.0,0.02648563557654467
1647008550,43,Femenino,Chicago,Medio,4,22.39,No,Sí,Pescado,No,Efectivo,3231,Mariscos y pescado,21.0,4.409523809523809,59.142857142857146,0.37930756843800323
6115319619,43,Femenino,Chicago,Alto,5,55.16,No,Sí,Sin dato,Sí,Tarjeta,5301,Sin dato,,,,
2606143397,24,Femenino,Chicago,Bajo,0,0.0,Sí,No,Otro,No,App,828,Otro,191.0,4.39738219895288,3.094240837696335,7.250028200789622
3291925657,35,Masculino,Chicago,Muy Alto,9,82.62,Sí,Sí,Carnes,Sí,App,15586,Carnes,32.0,4.3125,49.65625,0.45177260331445357
2626793469,75,Masculino,Chicago,Medio,2,12.54,Sí,Sí,Carnes,No,Efectivo,2634,Carnes,32.0,4.3125,49.65625,0.45177260331445357
1034206213,63,Femenino,Chicago,Alto,4,37.54,No,Sí,Otro,Sí,Efectivo,4413,Otro,191.0,4.39738219895288,3.094240837696335,7.250028200789622
5304529841,64,Masculino,Chicago,Medio,4,15.35,No,Sí,Otro,No,Criptomoneda,2703,Otro,191.0,4.39738219895288,3.094240837696335,7.250028200789622
6880469951,46,Masculino,Chicago,Bajo,0,0.0,No,Sí,Carnes,No,Efectivo,1389,Carnes,32.0,4.3125,49.65625,0.45177260331445357
5095053279,27,Femenino,Chicago,Alto,6,53.68,Sí,Sí,Sin dato,No,App,8338,Sin dato,,,,
8385427839,40,Femenino,Chicago,Medio,2,5.46,Sí,Sí,Vegetariano,No,Tarjeta,1747,Vegetariano/Vegano,2.0,4.1,847.0,0.02648563557654467
3973225507,77,Masculino,Chicago,Medio,4,26.08,Sí,Sí,Carnes,No,Tarjeta,1774,Carnes,32.0,4.3125,49.65625,0.45177260331445357
6926062765,43,Masculino,Chicago,Medio,3,28.16,No,Sí,Mariscos,No,Efectivo,3339,Mariscos y pescado,21.0,4.409523809523809,59.142857142857146,0.37930756843800323
7245511471,62,Masculino,Chicago,Alto,5,57.63,Sí,Sí,Pescado,Sí,Tarjeta,3956,Mariscos y pescado,21.0,4.409523809523809,59.142857142857146,0.37930756843800323
6696832837,71,Masculino,Chicago,Bajo,0,0.0,No,Sí,Vegetariano,No,Tarjeta,1120,Vegetariano/Vegano,2.0,4.1,847.0,0.02648563557654467
2412235258,46,Masculino,Chicago,Medio,4,18.3,Sí,No,Pescado,No,Efectivo,3011,Mariscos y pescado,21.0,4.409523809523809,59.142857142857146,0.37930756843800323
7872609079,74,Masculino,Chicago,Medio,5,18.82,No,Sí,Vegetariano,Sí,Efectivo,3045,Vegetariano/Vegano,2.0,4.1,847.0,0.02648563557654467
9518221601,42,Masculino,Chicago,Alto,4,6.21,No,No,Carnes,No,App,8036,Carnes,32.0,4.3125,49.65625,0.45177260331445357
1674555072,20,Masculino,Chicago,Bajo,3,5.99,Sí,Sí,Carnes,No,Tarjeta,1151,Carnes,32.0,4.3125,49.65625,0.45177260331445357
1208775906,34,Femenino,Chicago,Alto,4,6.33,No,Sí,Vegano,Sí,Tarjeta,7761,Vegetariano/Vegano,2.0,4.1,847.0,0.02648563557654467
1993540220,19,Femenino,Chicago,Medio,5,23.24,Sí,Sí,Carnes,No,Tarjeta,2413,Carnes,32.0,4.3125,49.65625,0.45177260331445357
4881814057,49,Masculino,Chicago,Medio,3,26.83,Sí,Sí,Mariscos,No,Efectivo,3390,Mariscos y pescado,21.0,4.409523809523809,59.142857142857146,0.37930756843800323
3946512731,34,Masculino,Chicago,Medio,2,22.27,Sí,No,Vegano,No,Efectivo,1608,Vegetariano/Vegano,2.0,4.1,847.0,0.02648563557654467
4598016224,28,Masculino,Chicago,Bajo,2,6.87,No,Sí,Pescado,No,Efectivo,1119,Mariscos y pescado,21.0,4.409523809523809,59.142857142857146,0.37930756843800323
1778755680,40,Femenino,Chicago,Alto,6,21.97,No,No,Carnes,No,Efectivo,8847,Carnes,32.0,4.3125,49.65625,0.45177260331445357
2889751592,71,Femenino,Chicago,Bajo,2,7.12,Sí,Sí,Carnes,No,App,1416,Carnes,32.0,4.3125,49.65625,0.45177260331445357
8804121811,30,Masculino,Chicago,Medio,3,13.74,Sí,Sí,Vegetariano,Sí,Tarjeta,1825,Vegetariano/Vegano,2.0,4.1,847.0,0.02648563557654467
9597820720,73,Femenino,Chicago,Muy Alto,6,50.23,No,No,Sin dato,Sí,Tarjeta,14921,Sin dato,,,,
8563454214,76,Masculino,Chicago,Alto,5,36.05,Sí,No,Pescado,No,Tarjeta,8260,Mariscos y pescado,21.0,4.409523809523809,59.142857142857146,0.37930756843800323
6660968981,24,Masculino,Chicago,Muy Alto,8,7.98,No,Sí,Carnes,Sí,Criptomoneda,15697,Carnes,32.0,4.3125,49.65625,0.45177260331445357
6286710243,26,Femenino,Chicago,Alto,5,39.25,No,Sí,Otro,Sí,Efectivo,4297,Otro,191.0,4.39738219895288,3.094240837696335,7.250028200789622
1205082311,55,Femenino,Chicago,Medio,4,23.37,Sí,No,Otro,No,App,3021,Otro,191.0,4.39738219895288,3.094240837696335,7.250028200789622
8553175739,30,Femenino,Chicago,Medio,2,18.54,No,Sí,Vegetariano,No,Tarjeta,1990,Vegetariano/Vegano,2.0,4.1,847.0,0.02648563557654467
5722062474,43,Masculino,Chicago,Alto,5,51.65,Sí,No,Carnes,Sí,Efectivo,6045,Carnes,32.0,4.3125,49.65625,0.45177260331445357
5483308751,33,Masculino,Chicago,Muy Alto,5,70.88,Sí,Sí,Carnes,Sí,Efectivo,11915,Carnes,32.0,4.3125,49.65625,0.45177260331445357
7984446909,45,Femenino,Chicago,Alto,4,50.79,No,Sí,Otro,Sí,Tarjeta,3911,Otro,191.0,4.39738219895288,3.094240837696335,7.250028200789622
8623270417,78,Femenino,Chicago,Medio,4,17.15,Sí,Sí,Otro,No,Efectivo,3173,Otro,191.0,4.39738219895288,3.094240837696335,7.250028200789622
8963737643,64,Femenino,Chicago,Bajo,1,6.53,Sí,Sí,Mariscos,No,App,1052,Mariscos y pescado,21.0,4.409523809523809,59.142857142857146,0.37930756843800323
6474033646,47,Femenino,Chicago,Medio,3,11.27,Sí,No,Carnes,No,Efectivo,3230,Carnes,32.0,4.3125,49.65625,0.45177260331445357
6863332693,65,Femenino,Chicago,Alto,6,48.58,Sí,Sí,Vegetariano,Sí,Tarjeta,4974,Vegetariano/Vegano,2.0,4.1,847.0,0.02648563557654467
6253032575,32,Femenino,Chicago,Medio,4,9.71,Sí,Sí,Sin dato,No,Tarjeta,2514,Sin dato,,,,
2871241920,76,Femenino,Chicago,Bajo,3,8.26,No,No,Carnes,No,Tarjeta,1048,Carnes,32.0,4.3125,49.65625,0.45177260331445357
8521672629,34,Masculino,Chicago,Alto,5,23.62,Sí,Sí,Otro,Sí,Tarjeta,6732,Otro,191.0,4.39738219895288,3.094240837696335,7.250028200789622
2601143749,49,Femenino,Chicago,Muy Alto,5,80.73,No,No,Sin dato,Sí,Efectivo,13937,Sin dato,,,,
3864715453,42,Masculino,Chicago,Medio,4,19.69,Sí,Sí,Vegetariano,No,App,1736,Vegetariano/Vegano,2.0,4.1,847.0,0.02648563557654467
2321373053,52,Masculino,Chicago,Medio,4,12.6,No,Sí,Pescado,No,Efectivo,1771,Mariscos y pescado,21.0,4.409523809523809,59.142857142857146,0.37930756843800323
3274611172,58,Femenino,Chicago,Alto,6,38.03,No,Sí,Carnes,Sí,Tarjeta,5273,Carnes,32.0,4.3125,49.65625,0.45177260331445357
9629869335,59,Femenino,Chicago,Alto,5,27.35,Sí,Sí,Sin dato,Sí,Tarjeta,7542,Sin dato,,,,
5042815942,20,Masculino,Chicago,Bajo,3,5.31,Sí,Sí,Vegetariano,No,Tarjeta,1502,Vegetariano/Vegano,2.0,4.1,847.0,0.02648563557654467
6374644126,67,Masculino,Chicago,Medio,2,24.56,No,Sí,Mariscos,No,Efectivo,3184,Mariscos y pescado,21.0,4.409523809523809,59.142857142857146,0.37930756843800323
3439750224,56,Masculino,Chicago,Muy Alto,5,29.29,Sí,Sí,Vegetariano,No,Efectivo,12081,Vegetariano/Vegano,2.0,4.1,847.0,0.02648563557654467
8157719876,73,Masculino,Chicago,Bajo,2,8.19,Sí,Sí,Carnes,No,Tarjeta,1216,Carnes,32.0,4.3125,49.65625,0.45177260331445357
8354773713,78,Femenino,Chicago,Alto,4,32.08,Sí,Sí,Carnes,Sí,App,7561,Carnes,32.0,4.3125,49.65625,0.45177260331445357
4891728297,79,Femenino,Chicago,Alto,4,7.9,Sí,No,Vegetariano,No,Criptomoneda,5419,Vegetariano/Vegano,2.0,4.1,847.0,0.02648563557654467
7896639483,70,Masculino,Chicago,Alto,4,19.33,Sí,Sí,Vegetariano,Sí,Efectivo,7414,Vegetariano/Vegano,2.0,4.1,847.0,0.02648563557654467
5465848219,50,Masculino,Chicago,Bajo,3,5.16,Sí,No,Carnes,No,Tarjeta,1338,Carnes,32.0,4.3125,49.65625,0.45177260331445357
4035117757,55,Femenino,Chicago,Bajo,3,5.85,No,Sí,Otro,No,Efectivo,1498,Otro,191.0,4.39738219895288,3.094240837696335,7.250028200789622
4934197713,20,Masculino,Chicago,Medio,2,20.69,Sí,Sí,Vegano,No,Tarjeta,2559,Vegetariano/Vegano,2.0,4.1,847.0,0.02648563557654467
9981364488,24,Femenino,Chicago,Medio,3,11.23,No,Sí,Vegetariano,No,Efectivo,2781,Vegetariano/Vegano,2.0,4.1,847.0,0.02648563557654467
3072949431,27,Masculino,Chicago,Medio,4,15.68,No,Sí,Vegano,No,Tarjeta,2832,Vegetariano/Vegano,2.0,4.1,847.0,0.02648563557654467
6593926267,41,Masculino,Chicago,Bajo,0,0.0,No,Sí,Carnes,No,Efectivo,1426,Carnes,32.0,4.3125,49.65625,0.45177260331445357
2522704758,52,Femenino,Chicago,Bajo,0,0.0,Sí,No,Mariscos,No,Tarjeta,1443,Mariscos y pescado,21.0,4.409523809523809,59.142857142857146,0.37930756843800323
6783560662,72,Masculino,Chicago,Alto,4,40.21,No,No,Carnes,No,Efectivo,5267,Carnes,32.0,4.3125,49.65625,0.45177260331445357
1629246754,59,Femenino,Chicago,Alto,6,23.48,No,No,Mariscos,No,Efectivo,7694,Mariscos y pescado,21.0,4.409523809523809,59.142857142857146,0.37930756843800323
6305189721,76,Masculino,Chicago,Bajo,1,7.48,No,No,Vegetariano,No,Tarjeta,1064,Vegetariano/Vegano,2.0,4.1,847.0,0.02648563557654467
6937061784,72,Femenino,Chicago,Bajo,3,7.0,No,No,Carnes,No,App,1259,Carnes,32.0,4.3125,49.65625,0.45177260331445357
2729321333,69,Femenino,Chicago,Medio,2,21.48,Sí,No,Carnes,No,Tarjeta,2858,Carnes,32.0,4.3125,49.65625,0.45177260331445357
8151068566,66,Masculino,Chicago,Bajo,2,6.845,No,Sí,Carnes,No,Efectivo,1026,Carnes,32.0,4.3125,49.65625,0.45177260331445357
8542826729,24,Femenino,Chicago,Bajo,1,5.87,Sí,Sí,Sin dato,No,Efectivo,1476,Sin dato,,,,
9369987994,50,Femenino,Chicago,Alto,5,24.13,Sí,Sí,Carnes,Sí,Efectivo,7343,Carnes,32.0,4.3125,49.65625,0.45177260331445357
5495502901,27,Femenino,Chicago,Medio,3,28.28,No,Sí,Pescado,No,Tarjeta,1768,Mariscos y pescado,21.0,4.409523809523809,59.142857142857146,0.37930756843800323
7638253076,53,Masculino,Chicago,Medio,5,10.46,No,No,Vegetariano,No,Tarjeta,2076,Vegetariano/Vegano,2.0,4.1,847.0,0.02648563557654467
2902502763,24,Masculino,Chicago,Alto,4,57.88,Sí,Sí,Carnes,Sí,Tarjeta,5024,Carnes,32.0,4.3125,49.65625,0.45177260331445357
3171722069,53,Femenino,Chicago,Bajo,2,7.06,No,Sí,Vegano,No,App,962,Vegetariano/Vegano,2.0,4.1,847.0,0.02648563557654467
2558287806,31,Masculino,Chicago,Medio,4,26.65,No,Sí,Otro,No,Tarjeta,1719,Otro,191.0,4.39738219895288,3.094240837696335,7.250028200789622
1036212487,40,Femenino,Chicago,Medio,3,16.4,Sí,Sí,Vegetariano,Sí,App,3390,Vegetariano/Vegano,2.0,4.1,847.0,0.02648563557654467
1807753719,40,Femenino,Chicago,Alto,5,44.76,Sí,No,Vegano,Sí,App,5874,Vegetariano/Vegano,2.0,4.1,847.0,0.02648563557654467
2464137110,80,Masculino,Chicago,Medio,3,10.1,No,No,Pescado,No,App,3311,Mariscos y pescado,21.0,4.409523809523809,59.142857142857146,0.37930756843800323
3474349799,49,Masculino,Chicago,Alto,4,58.99,No,Sí,Vegetariano,No,Efectivo,5725,Vegetariano/Vegano,2.0,4.1,847.0,0.02648563557654467
3906865197,26,Femenino,Chicago,Alto,6,39.47,No,Sí,Otro,Sí,Tarjeta,7042,Otro,191.0,4.39738219895288,3.094240837696335,7.250028200789622
8134243381,68,Masculino,Chicago,Muy Alto,10,42.87,No,Sí,Mariscos,Sí,Efectivo,9387,Mariscos y pescado,21.0,4.409523809523809,59.142857142857146,0.37930756843800323
7073973467,80,Masculino,Chicago,Muy Alto,9,102.75,Sí,No,Carnes,Sí,Tarjeta,9552,Carnes,32.0,4.3125,49.65625,0.45177260331445357
6166847778,27,Masculino,Chicago,Medio,2,7.2,Sí,Sí,Pescado,No,Tarjeta,2810,Mariscos y pescado,21.0,4.409523809523809,59.142857142857146,0.37930756843800323
8766339535,21,Masculino,Chicago,Medio,4,20.31,No,Sí,Vegetariano,No,Tarjeta,2584,Vegetariano/Vegano,2.0,4.1,847.0,0.02648563557654467
5500116748,33,Femenino,Chicago,Muy Alto,8,66.81,Sí,No,Vegetariano,Sí,Efectivo,10512,Vegetariano/Vegano,2.0,4.1,847.0,0.02648563557654467
7989810861,25,Masculino,Chicago,Muy Alto,9,99.88,Sí,Sí,Carnes,Sí,App,10657,Carnes,32.0,4.3125,49.65625,0.45177260331445357
5991616188,30,Femenino,Chicago,Medio,2,21.22,Sí,Sí,Sin dato,No,Efectivo,1999,Sin dato,,,,
4898440913,64,Masculino,Chicago,Alto,5,45.41,Sí,Sí,Carnes,No,Efectivo,7464,Carnes,32.0,4.3125,49.65625,0.45177260331445357
3195484562,18,Masculino,Chicago,Bajo,0,0.0,No,Sí,Pescado,No,App,1264,Mariscos y pescado,21.0,4.409523809523809,59.142857142857146,0.37930756843800323
3773570124,31,Femenino,Chicago,Medio,5,20.73,No,Sí,Carnes,Sí,Efectivo,2645,Carnes,32.0,4.3125,49.65625,0.45177260331445357
5065017813,40,Masculino,Chicago,Medio,2,19.64,Sí,No,Vegano,No,App,2717,Vegetariano/Vegano,2.0,4.1,847.0,0.02648563557654467
7076339937,46,Masculino,Chicago,Medio,5,22.3,Sí,Sí,Pescado,No,Tarjeta,1630,Mariscos y pescado,21.0,4.409523809523809,59.142857142857146,0.37930756843800323
2256103929,71,Femenino,Chicago,Alto,5,32.44,No,Sí,Carnes,Sí,App,6683,Carnes,32.0,4.3125,49.65625,0.45177260331445357
6329388257,61,Masculino,Chicago,Medio,3,13.98,No,Sí,Carnes,No,Efectivo,2340,Carnes,32.0,4.3125,49.65625,0.45177260331445357
3291300350,24,Masculino,Chicago,Alto,6,22.87,No,Sí,Vegetariano,Sí,App,4596,Vegetariano/Vegano,2.0,4.1,847.0,0.02648563557654467
5897158445,22,Masculino,Chicago,Muy Alto,10,69.57,Sí,Sí,Carnes,Sí,Tarjeta,16146,Carnes,32.0,4.3125,49.65625,0.45177260331445357
8151557476,67,Femenino,Chicago,Bajo,2,8.63,No,Sí,Otro,No,Tarjeta,1240,Otro,191.0,4.39738219895288,3.094240837696335,7.250028200789622
3640949789,33,Femenino,Chicago,Muy Alto,9,12.81,Sí,Sí,Mariscos,Sí,Tarjeta,16105,Mariscos y pescado,21.0,4.409523809523809,59.142857142857146,0.37930756843800323
6095331206,54,Femenino,Chicago,Alto,4,16.89,Sí,Sí,Carnes,No,App,5198,Carnes,32.0,4.3125,49.65625,0.45177260331445357
9839935220,32,Femenino,Chicago,Alto,5,24.59,No,No,Otro,Sí,App,8303,Otro,191.0,4.39738219895288,3.094240837696335,7.250028200789622
7367149900,18,Femenino,Chicago,Bajo,2,9.49,No,Sí,Vegetariano,No,Efectivo,1235,Vegetariano/Vegano,2.0,4.1,847.0,0.02648563557654467
3721975060,78,Masculino,Chicago,Bajo,3,5.82,Sí,Sí,Vegetariano,No,Tarjeta,1222,Vegetariano/Vegano,2.0,4.1,847.0,0.02648563557654467
8355554562,52,Femenino,Chicago,Muy Alto,10,95.35,No,Sí,Carnes,No,Tarjeta,15118,Carnes,32.0,4.3125,49.65625,0.45177260331445357
8799522966,55,Femenino,Chicago,Medio,2,20.43,No,No,Otro,No,Tarjeta,2985,Otro,191.0,4.39738219895288,3.094240837696335,7.250028200789622
2632531424,61,Masculino,Chicago,Alto,4,41.71,Sí,Sí,Carnes,Sí,Efectivo,6016,Carnes,32.0,4.3125,49.65625,0.45177260331445357
5953676315,48,Femenino,Chicago,Alto,6,19.39,Sí,No,Vegano,Sí,Efectivo,5100,Vegetariano/Vegano,2.0,4.1,847.0,0.02648563557654467
4384375283,28,Femenino,Chicago,Alto,6,48.35,No,Sí,Pescado,Sí,Tarjeta,5589,Mariscos y pescado,21.0,4.409523809523809,59.142857142857146,0.37930756843800323
3620220878,26,Femenino,Chicago,Alto,6,42.44,Sí,Sí,Mariscos,Sí,Efectivo,4768,Mariscos y pescado,21.0,4.409523809523809,59.142857142857146,0.37930756843800323
3652998107,80,Masculino,Chicago,Medio,3,24.53,Sí,Sí,Pescado,No,Tarjeta,3470,Mariscos y pescado,21.0,4.409523809523809,59.142857142857146,0.37930756843800323
9789256117,49,Femenino,Chicago,Medio,4,22.22,Sí,Sí,Mariscos,No,Efectivo,2650,Mariscos y pescado,21.0,4.409523809523809,59.142857142857146,0.37930756843800323
2213140390,52,Femenino,Chicago,Muy Alto,9,50.71,Sí,Sí,Mariscos,Sí,Efectivo,12398,Mariscos y pescado,21.0,4.409523809523809,59.142857142857146,0.37930756843800323
1938121407,66,Femenino,Chicago,Bajo,0,0.0,Sí,Sí,Otro,No,Tarjeta,1101,Otro,191.0,4.39738219895288,3.094240837696335,7.250028200789622
2051194393,49,Masculino,Chicago,Alto,5,38.52,No,No,Carnes,Sí,Tarjeta,5371,Carnes,32.0,4.3125,49.65625,0.45177260331445357
3619328497,21,Masculino,Chicago,Muy Alto,10,86.12,Sí,Sí,Carnes,Sí,Efectivo,12886,Carnes,32.0,4.3125,49.65625,0.45177260331445357
6213476583,58,Femenino,Chicago,Medio,2,29.09,No,Sí,Mariscos,Sí,Efectivo,3077,Mariscos y pescado,21.0,4.409523809523809,59.142857142857146,0.37930756843800323
8177932148,67,Masculino,Chicago,Alto,4,7.19,Sí,No,Vegano,Sí,App,6008,Vegetariano/Vegano,2.0,4.1,847.0,0.02648563557654467
8782799001,27,Masculino,Chicago,Alto,6,30.89,Sí,Sí,Sin dato,No,Efectivo,6769,Sin dato,,,,
2234929990,69,Masculino,Chicago,Alto,5,7.3,Sí,No,Vegetariano,No,App,7599,Vegetariano/Vegano,2.0,4.1,847.0,0.02648563557654467
4463500791,50,Masculino,Chicago,Medio,5,24.65,No,Sí,Carnes,No,Tarjeta,2183,Carnes,32.0,4.3125,49.65625,0.45177260331445357
3332335039,50,Masculino,Chicago,Medio,2,13.4,Sí,Sí,Vegetariano,No,App,1877,Vegetariano/Vegano,2.0,4.1,847.0,0.02648563557654467
7809247958,72,Masculino,Chicago,Muy Alto,10,87.69,No,Sí,Mariscos,Sí,App,14335,Mariscos y pescado,21.0,4.409523809523809,59.142857142857146,0.37930756843800323
7792391252,29,Femenino,Chicago,Alto,4,9.61,No,Sí,Carnes,Sí,App,7662,Carnes,32.0,4.3125,49.65625,0.45177260331445357
7913174714,46,Femenino,Chicago,Alto,4,58.18,No,Sí,Vegano,No,App,6079,Vegetariano/Vegano,2.0,4.1,847.0,0.02648563557654467
7115094199,63,Femenino,Chicago,Alto,4,48.19,No,No,Carnes,No,App,7382,Carnes,32.0,4.3125,49.65625,0.45177260331445357
9172188378,72,Femenino,Chicago,Bajo,1,7.84,Sí,No,Vegano,No,Efectivo,1211,Vegetariano/Vegano,2.0,4.1,847.0,0.02648563557654467
9224718806,49,Femenino,Chicago,Bajo,1,6.845,No,No,Pescado,No,Tarjeta,978,Mariscos y pescado,21.0,4.409523809523809,59.142857142857146,0.37930756843800323
6605727343,66,Femenino,Chicago,Medio,4,23.41,Sí,Sí,Carnes,No,Efectivo,1948,Carnes,32.0,4.3125,49.65625,0.45177260331445357
6580815214,79,Femenino,Chicago,Bajo,3,7.01,No,No,Vegano,No,App,1318,Vegetariano/Vegano,2.0,4.1,847.0,0.02648563557654467
9736235869,53,Femenino,Chicago,Bajo,1,8.46,No,Sí,Carnes,No,App,1408,Carnes,32.0,4.3125,49.65625,0.45177260331445357
2064348736,28,Femenino,Chicago,Bajo,1,9.57,Sí,Sí,Mariscos,No,Tarjeta,1333,Mariscos y pescado,21.0,4.409523809523809,59.142857142857146,0.37930756843800323
8420277232,70,Masculino,Chicago,Muy Alto,6,55.81,Sí,Sí,Carnes,Sí,Tarjeta,12195,Carnes,32.0,4.3125,49.65625,0.45177260331445357
5279857565,33,Masculino,Chicago,Alto,4,45.18,Sí,No,Carnes,Sí,Efectivo,8945,Carnes,32.0,4.3125,49.65625,0.45177260331445357
7085248253,49,Femenino,Chicago,Muy Alto,5,93.58,Sí,No,Vegetariano,Sí,App,16851,Vegetariano/Vegano,2.0,4.1,847.0,0.02648563557654467
6410007309,50,Masculino,Chicago,Alto,6,8.58,Sí,No,Vegano,Sí,App,8022,Vegetariano/Vegano,2.0,4.1,847.0,0.02648563557654467
8547465921,55,Masculino,Chicago,Muy Alto,8,65.11,No,Sí,Pescado,Sí,App,10308,Mariscos y pescado,21.0,4.409523809523809,59.142857142857146,0.37930756843800323
6448508300,30,Masculino,Chicago,Medio,5,29.97,No,Sí,Vegetariano,No,Efectivo,2219,Vegetariano/Vegano,2.0,4.1,847.0,0.02648563557654467
9459422017,28,Masculino,Chicago,Alto,6,5.37,No,Sí,Pescado,No,Efectivo,5198,Mariscos y pescado,21.0,4.409523809523809,59.142857142857146,0.37930756843800323
3687000830,65,Masculino,Chicago,Medio,5,26.16,No,No,Vegetariano,No,Tarjeta,1655,Vegetariano/Vegano,2.0,4.1,847.0,0.02648563557654467
7750763475,35,Femenino,Chicago,Bajo,1,7.08,No,No,Carnes,No,App,1116,Carnes,32.0,4.3125,49.65625,0.45177260331445357
5621536018,76,Femenino,Chicago,Alto,5,50.76,No,Sí,Vegetariano,Sí,Efectivo,4886,Vegetariano/Vegano,2.0,4.1,847.0,0.02648563557654467
4590359283,49,Femenino,Chicago,Medio,3,21.83,No,No,Pescado,Sí,Efectivo,3395,Mariscos y pescado,21.0,4.409523809523809,59.142857142857146,0.37930756843800323
7969660467,41,Femenino,Chicago,Alto,6,23.32,No,Sí,Pescado,Sí,Efectivo,6448,Mariscos y pescado,21.0,4.409523809523809,59.142857142857146,0.37930756843800323
9824406356,56,Femenino,Chicago,Medio,5,29.14,Sí,Sí,Mariscos,No,Efectivo,3093,Mariscos y pescado,21.0,4.409523809523809,59.142857142857146,0.37930756843800323
7237130742,79,Masculino,Chicago,Muy Alto,6,82.82,No,Sí,Sin dato,Sí,Tarjeta,9060,Sin dato,,,,
1041960043,46,Masculino,Chicago,Alto,5,14.81,No,No,Vegano,Sí,Efectivo,6798,Vegetariano/Vegano,2.0,4.1,847.0,0.02648563557654467
1420696156,55,Femenino,Chicago,Bajo,3,5.09,Sí,No,Vegano,No,Efectivo,1291,Vegetariano/Vegano,2.0,4.1,847.0,0.02648563557654467
6526943085,51,Masculino,Chicago,Alto,4,38.83,Sí,Sí,Pescado,Sí,App,7913,Mariscos y pescado,21.0,4.409523809523809,59.142857142857146,0.37930756843800323
7062514906,50,Femenino,Chicago,Bajo,2,5.47,No,No,Mariscos,No,App,896,Mariscos y pescado,21.0,4.409523809523809,59.142857142857146,0.37930756843800323
8190602705,71,Femenino,Chicago,Alto,6,45.24,Sí,No,Otro,Sí,Tarjeta,5985,Otro,191.0,4.39738219895288,3.094240837696335,7.250028200789622
5913698582,30,Femenino,Chicago,Medio,5,17.43,Sí,Sí,Carnes,No,Tarjeta,3346,Carnes,32.0,4.3125,49.65625,0.45177260331445357
7008902147,78,Femenino,Chicago,Bajo,0,0.0,Sí,Sí,Carnes,No,Tarjeta,975,Carnes,32.0,4.3125,49.65625,0.45177260331445357
7028389807,59,Femenino,Chicago,Medio,2,19.72,Sí,No,Pescado,No,App,2222,Mariscos y pescado,21.0,4.409523809523809,59.142857142857146,0.37930756843800323
5044141808,37,Femenino,Chicago,Alto,6,55.69,Sí,No,Carnes,Sí,App,5908,Carnes,32.0,4.3125,49.65625,0.45177260331445357
1228615871,34,Masculino,Chicago,Alto,5,13.96,Sí,Sí,Carnes,Sí,Tarjeta,5688,Carnes,32.0,4.3125,49.65625,0.45177260331445357
4102693976,68,Masculino,Chicago,Alto,6,28.45,No,No,Pescado,Sí,Tarjeta,7726,Mariscos y pescado,21.0,4.409523809523809,59.142857142857146,0.37930756843800323
9792623509,22,Masculino,Chicago,Muy Alto,7,22.91,No,Sí,Mariscos,No,Tarjeta,14117,Mariscos y pescado,21.0,4.409523809523809,59.142857142857146,0.37930756843800323
5440855649,38,Masculino,Chicago,Bajo,1,8.99,Sí,No,Mariscos,No,Efectivo,899,Mariscos y pescado,21.0,4.409523809523809,59.142857142857146,0.37930756843800323
2945857110,45,Masculino,Chicago,Medio,4,22.88,Sí,No,Vegetariano,No,App,1914,Vegetariano/Vegano,2.0,4.1,847.0,0.02648563557654467
4792261745,76,Femenino,Chicago,Bajo,2,7.15,Sí,No,Carnes,No,Efectivo,1029,Carnes,32.0,4.3125,49.65625,0.45177260331445357
6060784316,78,Femenino,Chicago,Medio,3,27.14,Sí,No,Vegetariano,No,Efectivo,2248,Vegetariano/Vegano,2.0,4.1,847.0,0.02648563557654467
8723540312,48,Masculino,Chicago,Bajo,0,0.0,Sí,No,Carnes,No,Efectivo,1470,Carnes,32.0,4.3125,49.65625,0.45177260331445357
6433453122,26,Femenino,Chicago,Bajo,2,8.62,No,Sí,Vegano,No,Efectivo,954,Vegetariano/Vegano,2.0,4.1,847.0,0.02648563557654467
8532520509,53,Femenino,Chicago,Alto,5,17.57,No,Sí,Vegetariano,No,Efectivo,7136,Vegetariano/Vegano,2.0,4.1,847.0,0.02648563557654467
8545986937,59,Masculino,Chicago,Medio,4,9.04,Sí,Sí,Pescado,No,Tarjeta,2808,Mariscos y pescado,21.0,4.409523809523809,59.142857142857146,0.37930756843800323
9955017329,59,Femenino,Chicago,Alto,6,8.12,No,Sí,Carnes,Sí,Tarjeta,4856,Carnes,32.0,4.3125,49.65625,0.45177260331445357
8534964249,59,Masculino,Chicago,Medio,5,25.05,Sí,Sí,Carnes,No,Efectivo,3291,Carnes,32.0,4.3125,49.65625,0.45177260331445357
1895694103,47,Femenino,Chicago,Muy Alto,7,39.03,Sí,Sí,Sin dato,Sí,Efectivo,12736,Sin dato,,,,
5722154355,74,Masculino,Chicago,Bajo,3,5.79,No,No,Vegano,No,Tarjeta,1162,Vegetariano/Vegano,2.0,4.1,847.0,0.02648563557654467
5532828602,36,Femenino,Chicago,Bajo,3,8.53,No,Sí,Vegetariano,No,Criptomoneda,950,Vegetariano/Vegano,2.0,4.1,847.0,0.02648563557654467
9321902955,45,Femenino,Chicago,Medio,5,27.44,Sí,No,Vegetariano,Sí,Tarjeta,1668,Vegetariano/Vegano,2.0,4.1,847.0,0.02648563557654467
6333283561,74,Masculino,Chicago,Medio,5,18.77,Sí,No,Pescado,No,Tarjeta,2488,Mariscos y pescado,21.0,4.409523809523809,59.142857142857146,0.37930756843800323
1423296554,56,Femenino,Chicago,Medio,4,16.04,Sí,Sí,Carnes,Sí,App,1786,Carnes,32.0,4.3125,49.65625,0.45177260331445357
3333160319,48,Femenino,Chicago,Medio,3,18.77,Sí,Sí,Carnes,Sí,App,2222,Carnes,32.0,4.3125,49.65625,0.45177260331445357
8571100146,73,Femenino,Chicago,Alto,5,52.81,Sí,Sí,Otro,Sí,Tarjeta,7538,Otro,191.0,4.39738219895288,3.094240837696335,7.250028200789622
6602298084,60,Femenino,Chicago,Medio,3,10.7,Sí,Sí,Sin dato,No,App,2987,Sin dato,,,,
8349469337,38,Masculino,Chicago,Muy Alto,10,89.46,Sí,Sí,Vegetariano,Sí,Tarjeta,17760,Vegetariano/Vegano,2.0,4.1,847.0,0.02648563557654467
8653024839,72,Femenino,Chicago,Bajo,1,6.7,Sí,Sí,Pescado,No,Efectivo,1134,Mariscos y pescado,21.0,4.409523809523809,59.142857142857146,0.37930756843800323
6750965191,38,Masculino,Chicago,Medio,2,13.49,Sí,No,Carnes,No,Efectivo,2343,Carnes,32.0,4.3125,49.65625,0.45177260331445357
9128820465,75,Masculino,Chicago,Alto,5,43.58,No,Sí,Mariscos,Sí,App,4519,Mariscos y pescado,21.0,4.409523809523809,59.142857142857146,0.37930756843800323
6841611158,57,Masculino,Chicago,Alto,4,32.54,No,No,Mariscos,No,App,3873,Mariscos y pescado,21.0,4.409523809523809,59.142857142857146,0.37930756843800323
6351923934,20,Masculino,Chicago,Medio,3,23.31,No,Sí,Carnes,No,Tarjeta,2147,Carnes,32.0,4.3125,49.65625,0.45177260331445357
8934927891,34,Femenino,Chicago,Alto,6,30.28,No,Sí,Vegetariano,Sí,Tarjeta,4863,Vegetariano/Vegano,2.0,4.1,847.0,0.02648563557654467
6016200419,41,Femenino,Chicago,Medio,3,14.59,No,No,Carnes,No,App,2630,Carnes,32.0,4.3125,49.65625,0.45177260331445357
1352594753,68,Masculino,Chicago,Alto,6,29.9,Sí,Sí,Vegetariano,Sí,Tarjeta,6584,Vegetariano/Vegano,2.0,4.1,847.0,0.02648563557654467
3115340169,66,Masculino,Chicago,Bajo,3,7.03,No,No,Sin dato,No,Tarjeta,1531,Sin dato,,,,
8333210351,33,Femenino,Chicago,Muy Alto,6,36.69,No,Sí,Vegetariano,Sí,Efectivo,17709,Vegetariano/Vegano,2.0,4.1,847.0,0.02648563557654467
9867333036,22,Masculino,Chicago,Muy Alto,5,10.84,Sí,Sí,Otro,Sí,Tarjeta,10677,Otro,191.0,4.39738219895288,3.094240837696335,7.250028200789622
6340387387,65,Masculino,Chicago,Alto,6,51.04,No,Sí,Mariscos,No,App,3687,Mariscos y pescado,21.0,4.409523809523809,59.142857142857146,0.37930756843800323
7312212321,49,Masculino,Chicago,Muy Alto,7,33.58,No,No,Mariscos,Sí,Tarjeta,13273,Mariscos y pescado,21.0,4.409523809523809,59.142857142857146,0.37930756843800323
7872821360,54,Masculino,Chicago,Bajo,0,0.0,No,Sí,Carnes,No,Efectivo,831,Carnes,32.0,4.3125,49.65625,0.45177260331445357
7198190085,20,Femenino,Chicago,Medio,4,24.47,No,Sí,Otro,No,App,2607,Otro,191.0,4.39738219895288,3.094240837696335,7.250028200789622
4478719374,74,Femenino,Chicago,Medio,3,28.08,No,No,Mariscos,Sí,Efectivo,2368,Mariscos y pescado,21.0,4.409523809523809,59.142857142857146,0.37930756843800323
1523808688,58,Femenino,Chicago,Medio,3,9.68,Sí,Sí,Vegetariano,No,Efectivo,1771,Vegetariano/Vegano,2.0,4.1,847.0,0.02648563557654467
2967947250,22,Femenino,Chicago,Bajo,2,6.02,No,Sí,Carnes,No,Tarjeta,960,Carnes,32.0,4.3125,49.65625,0.45177260331445357
3545406888,62,Femenino,Chicago,Medio,3,23.17,Sí,Sí,Vegano,No,Efectivo,2112,Vegetariano/Vegano,2.0,4.1,847.0,0.02648563557654467
2304253610,19,Femenino,Chicago,Medio,3,11.33,No,Sí,Vegetariano,No,App,2859,Vegetariano/Vegano,2.0,4.1,847.0,0.02648563557654467
6374703625,42,Masculino,Chicago,Alto,4,17.31,No,No,Carnes,Sí,Tarjeta,6616,Carnes,32.0,4.3125,49.65625,0.45177260331445357
6786043791,23,Masculino,Chicago,Bajo,2,7.5,No,Sí,Vegano,No,Efectivo,1202,Vegetariano/Vegano,2.0,4.1,847.0,0.02648563557654467
4890891246,21,Femenino,Chicago,Medio,2,23.49,Sí,Sí,Vegano,No,App,2801,Vegetariano/Vegano,2.0,4.1,847.0,0.02648563557654467
3147963295,58,Femenino,Chicago,Medio,5,11.26,Sí,No,Mariscos,No,App,2522,Mariscos y pescado,21.0,4.409523809523809,59.142857142857146,0.37930756843800323
7906964260,29,Femenino,Chicago,Bajo,0,0.0,Sí,Sí,Carnes,No,Tarjeta,844,Carnes,32.0,4.3125,49.65625,0.45177260331445357
5368645970,26,Femenino,Chicago,Bajo,1,9.48,No,Sí,Vegetariano,No,Efectivo,1174,Vegetariano/Vegano,2.0,4.1,847.0,0.02648563557654467
7065030776,72,Masculino,Chicago,Medio,4,15.53,Sí,No,Vegetariano,Sí,App,2998,Vegetariano/Vegano,2.0,4.1,847.0,0.02648563557654467
7996030750,72,Femenino,Chicago,Medio,5,24.65,Sí,Sí,Vegetariano,No,App,2209,Vegetariano/Vegano,2.0,4.1,847.0,0.02648563557654467
7917872081,35,Femenino,Chicago,Alto,5,36.19,No,Sí,Carnes,Sí,Efectivo,8064,Carnes,32.0,4.3125,49.65625,0.45177260331445357
7634421476,29,Masculino,Chicago,Bajo,1,8.76,No,Sí,Sin dato,No,App,1049,Sin dato,,,,
1761627884,72,Femenino,Chicago,Bajo,0,0.0,No,Sí,Carnes,No,Tarjeta,1597,Carnes,32.0,4.3125,49.65625,0.45177260331445357
6924716023,38,Masculino,Chicago,Medio,5,17.69,Sí,Sí,Carnes,Sí,Efectivo,2130,Carnes,32.0,4.3125,49.65625,0.45177260331445357
1315686781,23,Femenino,Chicago,Alto,6,46.97,Sí,Sí,Vegetariano,Sí,Efectivo,6720,Vegetariano/Vegano,2.0,4.1,847.0,0.02648563557654467
4859106140,31,Femenino,Chicago,Medio,2,9.58,Sí,No,Vegano,No,Tarjeta,3449,Vegetariano/Vegano,2.0,4.1,847.0,0.02648563557654467
6363261350,75,Masculino,Chicago,Medio,2,28.54,No,Sí,Carnes,No,Efectivo,1940,Carnes,32.0,4.3125,49.65625,0.45177260331445357
5713714758,74,Masculino,Chicago,Muy Alto,10,66.59,Sí,Sí,Mariscos,Sí,Tarjeta,15088,Mariscos y pescado,21.0,4.409523809523809,59.142857142857146,0.37930756843800323
9285531461,71,Masculino,Chicago,Bajo,3,7.64,No,No,Carnes,No,Tarjeta,1162,Carnes,32.0,4.3125,49.65625,0.45177260331445357
5772615781,24,Femenino,Chicago,Muy Alto,10,36.0,No,Sí,Pescado,Sí,Tarjeta,15774,Mariscos y pescado,21.0,4.409523809523809,59.142857142857146,0.37930756843800323
4327751608,32,Femenino,Chicago,Alto,6,30.97,Sí,Sí,Mariscos,Sí,App,3683,Mariscos y pescado,21.0,4.409523809523809,59.142857142857146,0.37930756843800323
6968752224,23,Femenino,Chicago,Bajo,0,0.0,No,Sí,Carnes,No,Efectivo,1480,Carnes,32.0,4.3125,49.65625,0.45177260331445357
8646882118,27,Masculino,Chicago,Alto,6,20.61,No,Sí,Carnes,No,Tarjeta,7863,Carnes,32.0,4.3125,49.65625,0.45177260331445357
4721351171,39,Femenino,Chicago,Bajo,2,9.07,No,No,Carnes,No,Efectivo,1146,Carnes,32.0,4.3125,49.65625,0.45177260331445357
2020679111,61,Femenino,Chicago,Medio,2,6.63,Sí,No,Pescado,No,App,2581,Mariscos y pescado,21.0,4.409523809523809,59.142857142857146,0.37930756843800323
7845071320,61,Masculino,Chicago,Muy Alto,7,68.84,Sí,Sí,Vegetariano,No,Tarjeta,13219,Vegetariano/Vegano,2.0,4.1,847.0,0.02648563557654467
1158929824,63,Masculino,Chicago,Medio,2,29.5,Sí,Sí,Carnes,No,Tarjeta,2293,Carnes,32.0,4.3125,49.65625,0.45177260331445357
7504017397,74,Femenino,Chicago,Muy Alto,7,42.35,No,Sí,Carnes,Sí,Efectivo,15082,Carnes,32.0,4.3125,49.65625,0.45177260331445357
4201075995,48,Masculino,Chicago,Muy Alto,5,38.75,Sí,No,Carnes,Sí,Tarjeta,11652,Carnes,32.0,4.3125,49.65625,0.45177260331445357
4245846308,61,Masculino,Chicago,Medio,4,25.2,Sí,Sí,Carnes,Sí,Efectivo,2575,Carnes,32.0,4.3125,49.65625,0.45177260331445357
6278832139,60,Femenino,Chicago,Muy Alto,7,40.8,Sí,No,Carnes,Sí,Efectivo,11010,Carnes,32.0,4.3125,49.65625,0.45177260331445357
5106442139,66,Masculino,Chicago,Bajo,2,7.89,No,Sí,Carnes,No,App,981,Carnes,32.0,4.3125,49.65625,0.45177260331445357
4586599377,47,Femenino,Chicago,Medio,3,23.54,No,Sí,Carnes,No,Efectivo,3008,Carnes,32.0,4.3125,49.65625,0.45177260331445357
4251813322,54,Femenino,Chicago,Medio,4,12.21,No,No,Carnes,Sí,Efectivo,1943,Carnes,32.0,4.3125,49.65625,0.45177260331445357
4556439070,51,Masculino,Chicago,Bajo,0,0.0,No,No,Carnes,No,App,1190,Carnes,32.0,4.3125,49.65625,0.45177260331445357
9614048844,75,Masculino,Chicago,Bajo,2,7.96,No,No,Carnes,No,App,939,Carnes,32.0,4.3125,49.65625,0.45177260331445357
9264884678,69,Femenino,Chicago,Bajo,3,7.6,No,Sí,Carnes,No,Efectivo,1466,Carnes,32.0,4.3125,49.65625,0.45177260331445357
8151668116,67,Femenino,Chicago,Medio,4,24.27,Sí,Sí,Vegetariano,Sí,App,2300,Vegetariano/Vegano,2.0,4.1,847.0,0.02648563557654467
9673312714,80,Masculino,Chicago,Alto,6,57.79,No,Sí,Carnes,Sí,Efectivo,3833,Carnes,32.0,4.3125,49.65625,0.45177260331445357
2994056084,35,Femenino,Chicago,Alto,6,32.955,Sí,No,Vegetariano,No,Tarjeta,4317,Vegetariano/Vegano,2.0,4.1,847.0,0.02648563557654467
8855538725,67,Femenino,Chicago,Bajo,3,6.79,Sí,Sí,Carnes,No,Criptomoneda,1366,Carnes,32.0,4.3125,49.65625,0.45177260331445357
9071271723,22,Masculino,Chicago,Muy Alto,5,41.89,No,No,Vegetariano,Sí,Efectivo,17626,Vegetariano/Vegano,2.0,4.1,847.0,0.02648563557654467
1393667326,23,Masculino,Chicago,Alto,4,14.58,Sí,Sí,Carnes,No,Efectivo,5948,Carnes,32.0,4.3125,49.65625,0.45177260331445357
1651163226,54,Femenino,Chicago,Medio,3,18.27,No,No,Pescado,Sí,Efectivo,2949,Mariscos y pescado,21.0,4.409523809523809,59.142857142857146,0.37930756843800323
1092735983,58,Femenino,Chicago,Muy Alto,5,5.83,No,No,Mariscos,Sí,Efectivo,17638,Mariscos y pescado,21.0,4.409523809523809,59.142857142857146,0.37930756843800323
1914201261,49,Masculino,Chicago,Alto,5,26.99,Sí,Sí,Vegetariano,Sí,Efectivo,7462,Vegetariano/Vegano,2.0,4.1,847.0,0.02648563557654467
6745597442,26,Femenino,Chicago,Alto,5,37.53,Sí,Sí,Carnes,Sí,Tarjeta,4679,Carnes,32.0,4.3125,49.65625,0.45177260331445357
7397875236,18,Masculino,Chicago,Medio,2,9.32,No,Sí,Mariscos,Sí,Tarjeta,3497,Mariscos y pescado,21.0,4.409523809523809,59.142857142857146,0.37930756843800323
4525430750,65,Femenino,Chicago,Medio,2,6.94,Sí,Sí,Carnes,No,App,2429,Carnes,32.0,4.3125,49.65625,0.45177260331445357
2945574776,80,Masculino,Chicago,Alto,5,31.92,Sí,Sí,Carnes,No,App,8448,Carnes,32.0,4.3125,49.65625,0.45177260331445357
2071701052,63,Masculino,Chicago,Bajo,1,5.26,No,Sí,Mariscos,No,Efectivo,880,Mariscos y pescado,21.0,4.409523809523809,59.142857142857146,0.37930756843800323
6048096802,72,Masculino,Chicago,Bajo,2,6.86,No,No,Otro,No,Efectivo,1143,Otro,191.0,4.39738219895288,3.094240837696335,7.250028200789622
1588097152,75,Masculino,Chicago,Medio,3,28.76,Sí,No,Otro,No,Efectivo,1824,Otro,191.0,4.39738219895288,3.094240837696335,7.250028200789622
4742681842,47,Masculino,Chicago,Medio,4,16.53,Sí,No,Carnes,No,App,2861,Carnes,32.0,4.3125,49.65625,0.45177260331445357
3066356631,58,Femenino,Chicago,Medio,3,5.23,No,No,Pescado,No,App,2651,Mariscos y pescado,21.0,4.409523809523809,59.142857142857146,0.37930756843800323
2058367805,79,Femenino,Chicago,Bajo,1,6.85,Sí,No,Vegetariano,No,App,1354,Vegetariano/Vegano,2.0,4.1,847.0,0.02648563557654467
8127735101,24,Femenino,Chicago,Alto,4,42.94,No,Sí,Otro,No,Tarjeta,4623,Otro,191.0,4.39738219895288,3.094240837696335,7.250028200789622
5869046804,68,Masculino,Chicago,Bajo,1,9.64,Sí,Sí,Pescado,No,App,1485,Mariscos y pescado,21.0,4.409523809523809,59.142857142857146,0.37930756843800323
2213412237,60,Femenino,Chicago,Muy Alto,5,23.2,No,Sí,Pescado,Sí,Efectivo,10349,Mariscos y pescado,21.0,4.409523809523809,59.142857142857146,0.37930756843800323
6197708712,31,Masculino,Chicago,Medio,4,16.3,Sí,Sí,Carnes,No,Tarjeta,3090,Carnes,32.0,4.3125,49.65625,0.45177260331445357
2001141593,29,Masculino,Chicago,Medio,2,7.25,No,Sí,Carnes,Sí,Efectivo,3244,Carnes,32.0,4.3125,49.65625,0.45177260331445357
5268845844,41,Femenino,Chicago,Bajo,0,0.0,Sí,No,Mariscos,No,Efectivo,1579,Mariscos y pescado,21.0,4.409523809523809,59.142857142857146,0.37930756843800323
9095263528,55,Masculino,Chicago,Bajo,3,6.47,Sí,Sí,Vegano,No,Efectivo,1163,Vegetariano/Vegano,2.0,4.1,847.0,0.02648563557654467
2277950614,59,Masculino,Chicago,Medio,5,21.39,No,No,Pescado,No,Efectivo,3348,Mariscos y pescado,21.0,4.409523809523809,59.142857142857146,0.37930756843800323
8833889083,46,Masculino,Chicago,Medio,4,12.9,No,Sí,Vegano,No,Tarjeta,3071,Vegetariano/Vegano,2.0,4.1,847.0,0.02648563557654467
5927571882,68,Masculino,Chicago,Bajo,1,8.4,Sí,No,Otro,No,Tarjeta,1083,Otro,191.0,4.39738219895288,3.094240837696335,7.250028200789622
7796433898,42,Masculino,Chicago,Medio,3,29.12,No,Sí,Mariscos,No,Efectivo,1748,Mariscos y pescado,21.0,4.409523809523809,59.142857142857146,0.37930756843800323
2203423402,21,Femenino,Chicago,Muy Alto,6,72.53,No,Sí,Vegetariano,Sí,Efectivo,9368,Vegetariano/Vegano,2.0,4.1,847.0,0.02648563557654467
3607959128,22,Masculino,Chicago,Bajo,3,7.71,No,Sí,Mariscos,No,Criptomoneda,1033,Mariscos y pescado,21.0,4.409523809523809,59.142857142857146,0.37930756843800323
9006793532,47,Femenino,Chicago,Alto,4,6.74,Sí,Sí,Carnes,No,Efectivo,4196,Carnes,32.0,4.3125,49.65625,0.45177260331445357
4687903383,47,Femenino,Chicago,Bajo,2,8.52,Sí,Sí,Pescado,No,Tarjeta,1394,Mariscos y pescado,21.0,4.409523809523809,59.142857142857146,0.37930756843800323
4578950639,57,Masculino,Chicago,Bajo,0,0.0,Sí,No,Carnes,No,Efectivo,1109,Carnes,32.0,4.3125,49.65625,0.45177260331445357
3738996728,39,Masculino,Chicago,Alto,6,35.05,Sí,No,Vegano,Sí,App,3748,Vegetariano/Vegano,2.0,4.1,847.0,0.02648563557654467
4556736597,40,Femenino,Chicago,Alto,6,26.01,Sí,Sí,Vegano,Sí,App,8255,Vegetariano/Vegano,2.0,4.1,847.0,0.02648563557654467
1172684301,44,Masculino,Chicago,Bajo,3,9.86,No,No,Carnes,No,App,974,Carnes,32.0,4.3125,49.65625,0.45177260331445357
2853165178,30,Masculino,Chicago,Muy Alto,7,88.99,Sí,Sí,Mariscos,Sí,App,14170,Mariscos y pescado,21.0,4.409523809523809,59.142857142857146,0.37930756843800323
1070988942,53,Femenino,Chicago,Medio,2,8.98,No,Sí,Otro,No,App,3426,Otro,191.0,4.39738219895288,3.094240837696335,7.250028200789622
5492818960,19,Femenino,Chicago,Medio,2,12.99,Sí,Sí,Otro,No,Tarjeta,1677,Otro,191.0,4.39738219895288,3.094240837696335,7.250028200789622
9163812104,61,Masculino,Chicago,Muy Alto,8,35.59,Sí,Sí,Mariscos,Sí,App,9232,Mariscos y pescado,21.0,4.409523809523809,59.142857142857146,0.37930756843800323
7648837045,51,Femenino,Chicago,Alto,4,17.3,No,No,Carnes,Sí,Efectivo,8713,Carnes,32.0,4.3125,49.65625,0.45177260331445357
1006168190,49,Masculino,Chicago,Alto,6,57.26,Sí,No,Mariscos,Sí,Efectivo,7577,Mariscos y pescado,21.0,4.409523809523809,59.142857142857146,0.37930756843800323
3753821527,36,Masculino,Chicago,Bajo,1,9.22,Sí,Sí,Vegano,No,App,970,Vegetariano/Vegano,2.0,4.1,847.0,0.02648563557654467
7748240117,45,Masculino,Chicago,Alto,5,39.57,Sí,No,Otro,No,Efectivo,6390,Otro,191.0,4.39738219895288,3.094240837696335,7.250028200789622
6830144919,49,Femenino,Chicago,Alto,5,21.04,Sí,No,Mariscos,Sí,Tarjeta,6391,Mariscos y pescado,21.0,4.409523809523809,59.142857142857146,0.37930756843800323
4411482830,40,Masculino,Chicago,Alto,5,33.08,No,No,Carnes,Sí,Tarjeta,4161,Carnes,32.0,4.3125,49.65625,0.45177260331445357
8088031498,73,Masculino,Chicago,Bajo,2,9.39,No,No,Vegetariano,No,App,808,Vegetariano/Vegano,2.0,4.1,847.0,0.02648563557654467
4334155196,62,Masculino,Chicago,Alto,4,58.07,Sí,No,Otro,Sí,Tarjeta,8920,Otro,191.0,4.39738219895288,3.094240837696335,7.250028200789622
4876833928,42,Masculino,Chicago,Alto,5,6.71,Sí,Sí,Carnes,No,Tarjeta,6253,Carnes,32.0,4.3125,49.65625,0.45177260331445357
8214323842,49,Masculino,Chicago,Bajo,1,7.43,No,No,Vegano,No,Efectivo,1548,Vegetariano/Vegano,2.0,4.1,847.0,0.02648563557654467
4842234134,65,Masculino,Chicago,Medio,5,12.63,No,Sí,Sin dato,No,Efectivo,3234,Sin dato,,,,
5808289503,30,Masculino,Chicago,Bajo,3,9.59,Sí,Sí,Carnes,No,Tarjeta,813,Carnes,32.0,4.3125,49.65625,0.45177260331445357
9328492778,64,Masculino,Chicago,Medio,3,23.35,No,Sí,Pescado,No,Tarjeta,2342,Mariscos y pescado,21.0,4.409523809523809,59.142857142857146,0.37930756843800323
3594156388,42,Masculino,Chicago,Bajo,2,8.64,Sí,No,Vegetariano,No,Tarjeta,1191,Vegetariano/Vegano,2.0,4.1,847.0,0.02648563557654467
2649479425,43,Masculino,Chicago,Medio,5,9.35,No,Sí,Vegetariano,No,Criptomoneda,2508,Vegetariano/Vegano,2.0,4.1,847.0,0.02648563557654467
6467052616,49,Femenino,Chicago,Medio,5,28.1,Sí,Sí,Vegano,Sí,App,2602,Vegetariano/Vegano,2.0,4.1,847.0,0.02648563557654467
7780959817,76,Masculino,Chicago,Medio,4,18.68,No,Sí,Pescado,No,Tarjeta,3160,Mariscos y pescado,21.0,4.409523809523809,59.142857142857146,0.37930756843800323
4175917932,79,Femenino,Chicago,Medio,4,27.94,No,No,Otro,No,App,3381,Otro,191.0,4.39738219895288,3.094240837696335,7.250028200789622
9135679214,66,Femenino,Chicago,Medio,5,9.37,No,No,Sin dato,No,Tarjeta,2417,Sin dato,,,,
3715795548,60,Masculino,Chicago,Alto,6,15.51,Sí,No,Vegano,No,Tarjeta,4190,Vegetariano/Vegano,2.0,4.1,847.0,0.02648563557654467
6091273294,24,Femenino,Chicago,Bajo,2,9.26,Sí,Sí,Vegetariano,No,Efectivo,1445,Vegetariano/Vegano,2.0,4.1,847.0,0.02648563557654467
1078230898,64,Femenino,Chicago,Medio,5,6.99,Sí,No,Carnes,No,Tarjeta,2515,Carnes,32.0,4.3125,49.65625,0.45177260331445357
3840412106,26,Femenino,Chicago,Muy Alto,7,69.21,No,Sí,Carnes,Sí,Efectivo,16070,Carnes,32.0,4.3125,49.65625,0.45177260331445357
3306867876,27,Femenino,Chicago,Medio,3,6.08,Sí,Sí,Carnes,No,Tarjeta,3185,Carnes,32.0,4.3125,49.65625,0.45177260331445357
8540990094,75,Masculino,Chicago,Alto,6,36.86,No,Sí,Vegetariano,Sí,Efectivo,4535,Vegetariano/Vegano,2.0,4.1,847.0,0.02648563557654467
2353725181,56,Femenino,Chicago,Alto,4,57.95,Sí,Sí,Vegetariano,No,Tarjeta,4076,Vegetariano/Vegano,2.0,4.1,847.0,0.02648563557654467
4131867260,29,Femenino,Chicago,Medio,2,28.23,Sí,Sí,Vegetariano,No,App,1999,Vegetariano/Vegano,2.0,4.1,847.0,0.02648563557654467
2440977557,30,Masculino,Chicago,Bajo,0,0.0,Sí,Sí,Vegano,No,App,1215,Vegetariano/Vegano,2.0,4.1,847.0,0.02648563557654467
2983672651,69,Femenino,Chicago,Alto,4,52.7,No,Sí,Carnes,Sí,App,4582,Carnes,32.0,4.3125,49.65625,0.45177260331445357
1662976399,37,Femenino,Chicago,Muy Alto,8,35.86,Sí,No,Carnes,Sí,Efectivo,15214,Carnes,32.0,4.3125,49.65625,0.45177260331445357
7475684019,47,Masculino,Chicago,Alto,6,9.03,Sí,No,Otro,Sí,Tarjeta,7238,Otro,191.0,4.39738219895288,3.094240837696335,7.250028200789622
6441633259,29,Femenino,Chicago,Medio,4,14.68,Sí,Sí,Vegetariano,No,Efectivo,2294,Vegetariano/Vegano,2.0,4.1,847.0,0.02648563557654467
6864443882,48,Masculino,Chicago,Medio,4,26.1,Sí,No,Vegetariano,Sí,Efectivo,2170,Vegetariano/Vegano,2.0,4.1,847.0,0.02648563557654467
8450973709,77,Masculino,Chicago,Alto,4,13.3,Sí,No,Carnes,No,App,5577,Carnes,32.0,4.3125,49.65625,0.45177260331445357
6124341827,45,Masculino,Chicago,Medio,5,22.71,No,No,Vegetariano,No,Efectivo,2347,Vegetariano/Vegano,2.0,4.1,847.0,0.02648563557654467
7816166316,62,Femenino,Chicago,Bajo,1,7.01,Sí,Sí,Mariscos,No,App,1506,Mariscos y pescado,21.0,4.409523809523809,59.142857142857146,0.37930756843800323
9296492310,56,Masculino,Chicago,Medio,4,20.79,Sí,No,Carnes,No,Tarjeta,3413,Carnes,32.0,4.3125,49.65625,0.45177260331445357
4585541728,36,Masculino,Chicago,Medio,4,15.64,Sí,Sí,Vegetariano,No,Tarjeta,2344,Vegetariano/Vegano,2.0,4.1,847.0,0.02648563557654467
8645780953,61,Masculino,Chicago,Bajo,0,0.0,No,Sí,Carnes,No,Efectivo,827,Carnes,32.0,4.3125,49.65625,0.45177260331445357
9732473171,51,Femenino,Chicago,Alto,5,32.61,Sí,Sí,Carnes,Sí,App,5113,Carnes,32.0,4.3125,49.65625,0.45177260331445357
8942331330,20,Femenino,Chicago,Medio,2,10.72,No,Sí,Carnes,No,App,1663,Carnes,32.0,4.3125,49.65625,0.45177260331445357
6662168858,49,Masculino,Chicago,Medio,4,7.33,No,No,Vegano,No,Tarjeta,3295,Vegetariano/Vegano,2.0,4.1,847.0,0.02648563557654467
3344758807,50,Masculino,Chicago,Muy Alto,8,22.11,No,Sí,Vegano,Sí,App,17905,Vegetariano/Vegano,2.0,4.1,847.0,0.02648563557654467
9294666194,21,Femenino,Chicago,Alto,6,52.37,Sí,No,Mariscos,No,Tarjeta,6108,Mariscos y pescado,21.0,4.409523809523809,59.142857142857146,0.37930756843800323
1316293885,56,Femenino,Chicago,Bajo,0,0.0,No,Sí,Pescado,No,Efectivo,1415,Mariscos y pescado,21.0,4.409523809523809,59.142857142857146,0.37930756843800323
3303090267,38,Femenino,Chicago,Medio,3,27.05,Sí,Sí,Carnes,No,Efectivo,3267,Carnes,32.0,4.3125,49.65625,0.45177260331445357
3941085140,76,Femenino,Chicago,Alto,6,40.31,Sí,Sí,Mariscos,Sí,Efectivo,4312,Mariscos y pescado,21.0,4.409523809523809,59.142857142857146,0.37930756843800323
5359582487,23,Femenino,Chicago,Muy Alto,9,90.22,No,Sí,Carnes,Sí,Efectivo,17830,Carnes,32.0,4.3125,49.65625,0.45177260331445357
4503187911,64,Femenino,Chicago,Alto,4,42.31,Sí,Sí,Carnes,Sí,Efectivo,5558,Carnes,32.0,4.3125,49.65625,0.45177260331445357
4566318669,22,Masculino,Chicago,Bajo,2,9.79,Sí,Sí,Carnes,No,App,1553,Carnes,32.0,4.3125,49.65625,0.45177260331445357
1697125957,39,Femenino,Chicago,Medio,4,22.26,No,Sí,Vegetariano,No,Efectivo,1890,Vegetariano/Vegano,2.0,4.1,847.0,0.02648563557654467
3039713271,52,Femenino,Chicago,Medio,2,18.49,Sí,Sí,Pescado,Sí,App,2851,Mariscos y pescado,21.0,4.409523809523809,59.142857142857146,0.37930756843800323
7881778087,51,Masculino,Chicago,Medio,2,6.93,Sí,Sí,Pescado,No,Tarjeta,2019,Mariscos y pescado,21.0,4.409523809523809,59.142857142857146,0.37930756843800323
4833373615,34,Femenino,Chicago,Muy Alto,7,29.38,Sí,Sí,Vegetariano,Sí,Tarjeta,11269,Vegetariano/Vegano,2.0,4.1,847.0,0.02648563557654467
7505693643,71,Masculino,Chicago,Bajo,0,0.0,No,Sí,Vegetariano,No,Tarjeta,860,Vegetariano/Vegano,2.0,4.1,847.0,0.02648563557654467
3550908958,42,Masculino,Chicago,Alto,6,17.13,Sí,Sí,Vegetariano,Sí,Efectivo,4443,Vegetariano/Vegano,2.0,4.1,847.0,0.02648563557654467
4187988846,71,Masculino,Chicago,Muy Alto,9,98.81,Sí,No,Carnes,Sí,Tarjeta,13510,Carnes,32.0,4.3125,49.65625,0.45177260331445357
9041759939,71,Femenino,Chicago,Bajo,3,7.82,No,No,Carnes,No,Efectivo,1073,Carnes,32.0,4.3125,49.65625,0.45177260331445357
7273725488,54,Masculino,Chicago,Alto,6,38.88,No,No,Mariscos,Sí,Efectivo,4672,Mariscos y pescado,21.0,4.409523809523809,59.142857142857146,0.37930756843800323
6089063141,55,Masculino,Chicago,Bajo,1,8.77,No,No,Vegetariano,No,App,948,Vegetariano/Vegano,2.0,4.1,847.0,0.02648563557654467
6578666394,64,Femenino,Chicago,Muy Alto,9,33.64,No,Sí,Carnes,Sí,Tarjeta,12530,Carnes,32.0,4.3125,49.65625,0.45177260331445357
1294590834,24,Femenino,Chicago,Medio,3,7.48,No,Sí,Vegetariano,No,Tarjeta,3352,Vegetariano/Vegano,2.0,4.1,847.0,0.02648563557654467
8941609261,32,Masculino,Chicago,Bajo,2,6.2,Sí,Sí,Carnes,No,Efectivo,1587,Carnes,32.0,4.3125,49.65625,0.45177260331445357
5313915933,47,Masculino,Chicago,Medio,4,21.92,No,Sí,Carnes,Sí,Efectivo,2728,Carnes,32.0,4.3125,49.65625,0.45177260331445357
2833184319,49,Masculino,Chicago,Bajo,2,9.24,No,Sí,Carnes,No,Tarjeta,1032,Carnes,32.0,4.3125,49.65625,0.45177260331445357
7218193207,59,Femenino,Chicago,Alto,6,15.44,No,Sí,Vegetariano,Sí,App,5032,Vegetariano/Vegano,2.0,4.1,847.0,0.02648563557654467
7508349372,21,Femenino,Chicago,Alto,6,39.52,No,Sí,Carnes,Sí,Efectivo,6243,Carnes,32.0,4.3125,49.65625,0.45177260331445357
3035761595,77,Femenino,Chicago,Medio,4,22.94,Sí,No,Mariscos,No,Criptomoneda,3287,Mariscos y pescado,21.0,4.409523809523809,59.142857142857146,0.37930756843800323
1725746234,43,Masculino,Chicago,Medio,3,11.59,No,No,Otro,No,Efectivo,3236,Otro,191.0,4.39738219895288,3.094240837696335,7.250028200789622
5375086298,53,Masculino,Chicago,Bajo,0,0.0,No,Sí,Vegano,No,Efectivo,881,Vegetariano/Vegano,2.0,4.1,847.0,0.02648563557654467
2761637648,67,Masculino,Chicago,Medio,4,22.72,No,No,Sin dato,No,Tarjeta,1700,Sin dato,,,,
7967363739,49,Femenino,Chicago,Muy Alto,5,21.31,No,No,Pescado,Sí,Efectivo,17713,Mariscos y pescado,21.0,4.409523809523809,59.142857142857146,0.37930756843800323
4125758723,66,Femenino,Chicago,Alto,5,5.36,Sí,Sí,Otro,No,Tarjeta,6875,Otro,191.0,4.39738219895288,3.094240837696335,7.250028200789622
8281641403,73,Masculino,Chicago,Medio,3,10.19,Sí,Sí,Carnes,No,Efectivo,3264,Carnes,32.0,4.3125,49.65625,0.45177260331445357
8925856505,44,Femenino,Chicago,Alto,6,32.955,Sí,Sí,Otro,Sí,Efectivo,7089,Otro,191.0,4.39738219895288,3.094240837696335,7.250028200789622
1306602396,77,Femenino,Chicago,Muy Alto,6,30.53,No,Sí,Sin dato,Sí,Tarjeta,15284,Sin dato,,,,
9625522564,40,Femenino,Chicago,Bajo,3,8.15,No,Sí,Otro,No,Tarjeta,1586,Otro,191.0,4.39738219895288,3.094240837696335,7.250028200789622
6087749922,45,Masculino,Chicago,Bajo,0,0.0,Sí,No,Carnes,No,App,902,Carnes,32.0,4.3125,49.65625,0.45177260331445357
4647797507,70,Femenino,Chicago,Medio,2,15.34,No,Sí,Carnes,No,App,2997,Carnes,32.0,4.3125,49.65625,0.45177260331445357
7524368542,19,Femenino,Chicago,Bajo,1,7.95,Sí,Sí,Vegetariano,No,Tarjeta,1358,Vegetariano/Vegano,2.0,4.1,847.0,0.02648563557654467
3147487660,39,Masculino,Chicago,Bajo,2,6.33,No,Sí,Pescado,No,Efectivo,1478,Mariscos y pescado,21.0,4.409523809523809,59.142857142857146,0.37930756843800323
2352018428,73,Femenino,Chicago,Medio,2,15.64,Sí,Sí,Pescado,No,Efectivo,2250,Mariscos y pescado,21.0,4.409523809523809,59.142857142857146,0.37930756843800323
9911329062,50,Masculino,Chicago,Medio,4,9.86,Sí,Sí,Otro,No,App,2878,Otro,191.0,4.39738219895288,3.094240837696335,7.250028200789622
7633803213,50,Femenino,Chicago,Medio,5,28.9,No,Sí,Vegetariano,No,Efectivo,2022,Vegetariano/Vegano,2.0,4.1,847.0,0.02648563557654467
4521880435,79,Masculino,Chicago,Bajo,3,7.94,Sí,Sí,Carnes,No,Tarjeta,1416,Carnes,32.0,4.3125,49.65625,0.45177260331445357
2076341629,27,Masculino,Chicago,Bajo,1,5.85,Sí,Sí,Carnes,No,Tarjeta,1337,Carnes,32.0,4.3125,49.65625,0.45177260331445357
5988052808,26,Masculino,Chicago,Alto,5,20.44,No,Sí,Carnes,Sí,Efectivo,6270,Carnes,32.0,4.3125,49.65625,0.45177260331445357
7752591527,52,Femenino,Chicago,Medio,2,17.41,Sí,No,Mariscos,No,Efectivo,2982,Mariscos y pescado,21.0,4.409523809523809,59.142857142857146,0.37930756843800323
2846977028,65,Femenino,Chicago,Medio,4,13.37,No,Sí,Otro,No,Tarjeta,2627,Otro,191.0,4.39738219895288,3.094240837696335,7.250028200789622
7403065218,28,Femenino,Chicago,Alto,6,47.78,No,No,Pescado,Sí,Tarjeta,8849,Mariscos y pescado,21.0,4.409523809523809,59.142857142857146,0.37930756843800323
2622262713,64,Masculino,Chicago,Medio,2,29.82,Sí,Sí,Sin dato,No,App,2212,Sin dato,,,,
2573108158,44,Masculino,Chicago,Alto,5,33.65,No,Sí,Carnes,Sí,Tarjeta,5248,Carnes,32.0,4.3125,49.65625,0.45177260331445357
4666491795,43,Femenino,Chicago,Alto,6,45.88,Sí,Sí,Carnes,No,App,3567,Carnes,32.0,4.3125,49.65625,0.45177260331445357
3602494716,75,Femenino,Chicago,Medio,4,22.96,Sí,Sí,Otro,Sí,Tarjeta,2570,Otro,191.0,4.39738219895288,3.094240837696335,7.250028200789622
7666869046,50,Femenino,Chicago,Muy Alto,8,50.15,No,Sí,Vegetariano,Sí,App,12561,Vegetariano/Vegano,2.0,4.1,847.0,0.02648563557654467
2880070874,27,Femenino,Chicago,Medio,4,7.75,Sí,Sí,Vegetariano,No,Efectivo,2597,Vegetariano/Vegano,2.0,4.1,847.0,0.02648563557654467
4724110138,29,Femenino,Chicago,Bajo,1,7.56,Sí,Sí,Vegetariano,No,Efectivo,982,Vegetariano/Vegano,2.0,4.1,847.0,0.02648563557654467
1826700966,18,Masculino,Chicago,Muy Alto,7,67.26,Sí,Sí,Vegetariano,Sí,Efectivo,9938,Vegetariano/Vegano,2.0,4.1,847.0,0.02648563557654467
6051515351,39,Femenino,Chicago,Bajo,2,5.41,Sí,Sí,Carnes,No,App,1499,Carnes,32.0,4.3125,49.65625,0.45177260331445357
7150363994,63,Femenino,Chicago,Alto,6,29.67,No,Sí,Carnes,Sí,Tarjeta,5066,Carnes,32.0,4.3125,49.65625,0.45177260331445357
8534977387,55,Masculino,Chicago,Medio,2,20.03,Sí,No,Carnes,No,App,2092,Carnes,32.0,4.3125,49.65625,0.45177260331445357
7747423487,23,Masculino,Chicago,Bajo,3,6.98,No,Sí,Vegetariano,No,App,1521,Vegetariano/Vegano,2.0,4.1,847.0,0.02648563557654467
2411844389,24,Masculino,Chicago,Bajo,1,7.65,Sí,Sí,Carnes,No,App,1545,Carnes,32.0,4.3125,49.65625,0.45177260331445357
9084427417,51,Masculino,Chicago,Bajo,2,7.43,No,No,Vegano,No,Tarjeta,1544,Vegetariano/Vegano,2.0,4.1,847.0,0.02648563557654467
2017041448,35,Masculino,Chicago,Bajo,3,6.23,Sí,No,Carnes,No,Efectivo,1171,Carnes,32.0,4.3125,49.65625,0.45177260331445357
4726992894,26,Masculino,Chicago,Medio,3,23.49,Sí,Sí,Vegetariano,No,App,2183,Vegetariano/Vegano,2.0,4.1,847.0,0.02648563557654467
9260707155,63,Femenino,Chicago,Alto,4,51.48,Sí,Sí,Sin dato,Sí,App,4494,Sin dato,,,,
1862274520,53,Femenino,Chicago,Bajo,1,6.51,Sí,Sí,Carnes,No,Tarjeta,1180,Carnes,32.0,4.3125,49.65625,0.45177260331445357
5951375416,22,Masculino,Chicago,Alto,5,24.78,Sí,Sí,Vegano,Sí,Tarjeta,7663,Vegetariano/Vegano,2.0,4.1,847.0,0.02648563557654467
5519607470,66,Femenino,Chicago,Muy Alto,6,48.94,Sí,No,Otro,Sí,App,15772,Otro,191.0,4.39738219895288,3.094240837696335,7.250028200789622
4034047118,51,Masculino,Chicago,Bajo,2,6.04,No,Sí,Vegetariano,No,Tarjeta,1470,Vegetariano/Vegano,2.0,4.1,847.0,0.02648563557654467
7688723108,22,Femenino,Chicago,Bajo,3,6.17,Sí,Sí,Otro,No,App,1248,Otro,191.0,4.39738219895288,3.094240837696335,7.250028200789622
7914144480,31,Femenino,Chicago,Medio,4,25.73,No,No,Carnes,No,Efectivo,2799,Carnes,32.0,4.3125,49.65625,0.45177260331445357
4497217225,70,Masculino,Chicago,Alto,5,6.86,Sí,Sí,Vegetariano,No,Efectivo,8121,Vegetariano/Vegano,2.0,4.1,847.0,0.02648563557654467
5309172294,26,Masculino,Chicago,Alto,6,23.03,Sí,Sí,Carnes,No,App,7894,Carnes,32.0,4.3125,49.65625,0.45177260331445357
9394233625,27,Masculino,Chicago,Medio,2,9.35,Sí,Sí,Vegano,No,Efectivo,2577,Vegetariano/Vegano,2.0,4.1,847.0,0.02648563557654467
5509824667,78,Masculino,Chicago,Bajo,0,0.0,No,Sí,Carnes,No,App,835,Carnes,32.0,4.3125,49.65625,0.45177260331445357
1864541803,67,Femenino,Chicago,Muy Alto,8,57.58,No,No,Sin dato,Sí,Tarjeta,11004,Sin dato,,,,
6458618273,23,Masculino,Chicago,Alto,5,6.36,Sí,No,Vegano,Sí,App,5775,Vegetariano/Vegano,2.0,4.1,847.0,0.02648563557654467
2711913377,27,Masculino,Chicago,Medio,4,28.79,Sí,Sí,Vegano,No,App,2041,Vegetariano/Vegano,2.0,4.1,847.0,0.02648563557654467
6649827836,79,Femenino,Chicago,Medio,4,5.9,No,No,Otro,No,App,1785,Otro,191.0,4.39738219895288,3.094240837696335,7.250028200789622
6933946911,45,Masculino,Chicago,Bajo,0,0.0,Sí,Sí,Mariscos,No,Tarjeta,1598,Mariscos y pescado,21.0,4.409523809523809,59.142857142857146,0.37930756843800323
7805745017,53,Femenino,Chicago,Alto,6,29.79,No,Sí,Vegetariano,Sí,Efectivo,5861,Vegetariano/Vegano,2.0,4.1,847.0,0.02648563557654467
2696818623,25,Masculino,Chicago,Alto,5,12.04,No,Sí,Vegetariano,Sí,App,4274,Vegetariano/Vegano,2.0,4.1,847.0,0.02648563557654467
7830239139,18,Masculino,Chicago,Medio,4,18.7,Sí,Sí,Carnes,No,Efectivo,3173,Carnes,32.0,4.3125,49.65625,0.45177260331445357
7437253943,56,Masculino,Chicago,Medio,2,29.68,Sí,No,Carnes,No,App,2109,Carnes,32.0,4.3125,49.65625,0.45177260331445357
5753253590,66,Masculino,Chicago,Medio,2,15.11,No,Sí,Vegetariano,Sí,Efectivo,2904,Vegetariano/Vegano,2.0,4.1,847.0,0.02648563557654467
8721678779,54,Masculino,Chicago,Bajo,0,0.0,Sí,Sí,Mariscos,No,Efectivo,1173,Mariscos y pescado,21.0,4.409523809523809,59.142857142857146,0.37930756843800323
2381661997,76,Femenino,Chicago,Medio,2,29.91,Sí,No,Sin dato,No,Efectivo,2614,Sin dato,,,,
8563007469,30,Femenino,Chicago,Muy Alto,10,100.29,Sí,Sí,Otro,Sí,App,13128,Otro,191.0,4.39738219895288,3.094240837696335,7.250028200789622
1532820121,45,Masculino,Chicago,Alto,5,45.61,Sí,Sí,Vegetariano,Sí,App,7299,Vegetariano/Vegano,2.0,4.1,847.0,0.02648563557654467
8353126871,80,Femenino,Chicago,Alto,6,14.26,Sí,Sí,Carnes,Sí,Efectivo,8565,Carnes,32.0,4.3125,49.65625,0.45177260331445357
7107060632,58,Masculino,Chicago,Medio,4,29.08,No,Sí,Vegano,No,Tarjeta,1715,Vegetariano/Vegano,2.0,4.1,847.0,0.02648563557654467
2570641687,67,Masculino,Chicago,Medio,2,14.85,No,No,Mariscos,No,Criptomoneda,2802,Mariscos y pescado,21.0,4.409523809523809,59.142857142857146,0.37930756843800323
2280403099,35,Masculino,Chicago,Medio,3,13.38,Sí,Sí,Vegetariano,No,Tarjeta,3079,Vegetariano/Vegano,2.0,4.1,847.0,0.02648563557654467
8987178288,43,Masculino,Chicago,Medio,5,16.25,No,Sí,Vegano,No,Efectivo,3139,Vegetariano/Vegano,2.0,4.1,847.0,0.02648563557654467
6302946647,70,Femenino,Chicago,Bajo,0,0.0,Sí,No,Pescado,No,Efectivo,907,Mariscos y pescado,21.0,4.409523809523809,59.142857142857146,0.37930756843800323
7473919076,40,Masculino,Chicago,Medio,4,15.19,Sí,Sí,Carnes,No,App,3170,Carnes,32.0,4.3125,49.65625,0.45177260331445357
2149984890,30,Masculino,Chicago,Bajo,1,5.63,Sí,Sí,Carnes,No,App,1386,Carnes,32.0,4.3125,49.65625,0.45177260331445357
2175945569,51,Masculino,Chicago,Bajo,2,7.88,Sí,No,Sin dato,No,Tarjeta,1168,Sin dato,,,,
6005088174,37,Masculino,Chicago,Medio,3,7.63,Sí,Sí,Carnes,Sí,Tarjeta,1971,Carnes,32.0,4.3125,49.65625,0.45177260331445357
5322769469,59,Femenino,Chicago,Medio,3,24.86,Sí,Sí,Vegano,No,Efectivo,1940,Vegetariano/Vegano,2.0,4.1,847.0,0.02648563557654467
6880804196,73,Femenino,Chicago,Bajo,2,7.88,No,Sí,Carnes,No,Tarjeta,916,Carnes,32.0,4.3125,49.65625,0.45177260331445357
5801174046,41,Masculino,Chicago,Bajo,3,5.69,Sí,Sí,Vegetariano,No,Tarjeta,1239,Vegetariano/Vegano,2.0,4.1,847.0,0.02648563557654467
7177851367,42,Masculino,Chicago,Muy Alto,5,58.8,No,No,Otro,No,Efectivo,16704,Otro,191.0,4.39738219895288,3.094240837696335,7.250028200789622
7996944190,31,Femenino,Chicago,Muy Alto,10,72.72,No,No,Carnes,Sí,Efectivo,9967,Carnes,32.0,4.3125,49.65625,0.45177260331445357
7203864779,42,Femenino,Chicago,Bajo,2,8.24,Sí,Sí,Vegetariano,No,App,1165,Vegetariano/Vegano,2.0,4.1,847.0,0.02648563557654467
6562434335,74,Masculino,Chicago,Medio,4,24.98,Sí,No,Carnes,No,Tarjeta,2151,Carnes,32.0,4.3125,49.65625,0.45177260331445357
8924068862,58,Femenino,Chicago,Bajo,2,6.54,No,No,Carnes,No,Tarjeta,1413,Carnes,32.0,4.3125,49.65625,0.45177260331445357
1741070243,25,Femenino,Chicago,Medio,3,25.77,Sí,Sí,Sin dato,Sí,Tarjeta,2413,Sin dato,,,,
6505706239,44,Masculino,Chicago,Medio,2,16.09,Sí,No,Carnes,No,Efectivo,3051,Carnes,32.0,4.3125,49.65625,0.45177260331445357
2838366072,52,Masculino,Chicago,Medio,5,6.75,No,No,Mariscos,No,Efectivo,2084,Mariscos y pescado,21.0,4.409523809523809,59.142857142857146,0.37930756843800323
9942155842,22,Masculino,Chicago,Muy Alto,10,46.51,No,Sí,Mariscos,Sí,App,13362,Mariscos y pescado,21.0,4.409523809523809,59.142857142857146,0.37930756843800323
2940955281,50,Femenino,Chicago,Bajo,0,0.0,Sí,Sí,Vegetariano,No,Efectivo,1013,Vegetariano/Vegano,2.0,4.1,847.0,0.02648563557654467
9710461781,69,Masculino,Chicago,Bajo,3,8.02,Sí,No,Sin dato,No,Efectivo,1189,Sin dato,,,,
1137492262,30,Femenino,Chicago,Bajo,0,0.0,No,Sí,Vegetariano,No,Efectivo,923,Vegetariano/Vegano,2.0,4.1,847.0,0.02648563557654467
6213356588,69,Femenino,Chicago,Bajo,1,9.27,Sí,No,Carnes,No,Efectivo,1162,Carnes,32.0,4.3125,49.65625,0.45177260331445357
3442667754,75,Masculino,Chicago,Medio,4,28.54,No,No,Mariscos,No,Efectivo,1903,Mariscos y pescado,21.0,4.409523809523809,59.142857142857146,0.37930756843800323
5247754307,55,Masculino,Chicago,Medio,2,14.83,Sí,Sí,Carnes,No,Tarjeta,3158,Carnes,32.0,4.3125,49.65625,0.45177260331445357
4515617641,50,Femenino,Chicago,Medio,5,19.09,No,Sí,Carnes,No,App,2559,Carnes,32.0,4.3125,49.65625,0.45177260331445357
2371174693,34,Masculino,Chicago,Medio,3,21.55,Sí,Sí,Vegano,No,Efectivo,2433,Vegetariano/Vegano,2.0,4.1,847.0,0.02648563557654467
9818680148,36,Femenino,Chicago,Bajo,2,5.93,Sí,No,Mariscos,No,Tarjeta,1291,Mariscos y pescado,21.0,4.409523809523809,59.142857142857146,0.37930756843800323
9959316663,34,Masculino,Chicago,Medio,3,28.63,Sí,No,Vegetariano,No,Efectivo,2629,Vegetariano/Vegano,2.0,4.1,847.0,0.02648563557654467
6711086931,45,Masculino,Chicago,Bajo,3,9.78,No,Sí,Carnes,No,Tarjeta,1543,Carnes,32.0,4.3125,49.65625,0.45177260331445357
4137245394,31,Masculino,Chicago,Alto,6,32.61,No,Sí,Carnes,Sí,Efectivo,5671,Carnes,32.0,4.3125,49.65625,0.45177260331445357
1703362952,44,Masculino,Chicago,Bajo,2,6.82,No,No,Otro,No,App,1563,Otro,191.0,4.39738219895288,3.094240837696335,7.250028200789622
7547648273,42,Femenino,Chicago,Bajo,2,7.2,Sí,Sí,Vegetariano,No,Efectivo,1353,Vegetariano/Vegano,2.0,4.1,847.0,0.02648563557654467
5586862564,37,Masculino,Chicago,Bajo,3,9.05,No,Sí,Vegetariano,No,Tarjeta,1545,Vegetariano/Vegano,2.0,4.1,847.0,0.02648563557654467
3268891859,62,Femenino,Chicago,Alto,6,40.06,No,Sí,Carnes,Sí,App,6276,Carnes,32.0,4.3125,49.65625,0.45177260331445357
2311597141,61,Femenino,Chicago,Alto,4,38.58,No,Sí,Mariscos,Sí,Efectivo,8996,Mariscos y pescado,21.0,4.409523809523809,59.142857142857146,0.37930756843800323
7127584892,39,Femenino,Chicago,Alto,5,59.22,Sí,Sí,Vegetariano,No,Efectivo,3936,Vegetariano/Vegano,2.0,4.1,847.0,0.02648563557654467
6659676478,76,Masculino,Chicago,Muy Alto,5,31.67,No,Sí,Pescado,Sí,Efectivo,15281,Mariscos y pescado,21.0,4.409523809523809,59.142857142857146,0.37930756843800323
9063095518,19,Femenino,Chicago,Bajo,1,7.32,No,Sí,Carnes,No,Tarjeta,1100,Carnes,32.0,4.3125,49.65625,0.45177260331445357
4852198387,36,Masculino,Chicago,Alto,5,7.7,No,Sí,Otro,Sí,Tarjeta,6552,Otro,191.0,4.39738219895288,3.094240837696335,7.250028200789622
6679319196,57,Masculino,Chicago,Medio,4,19.34,No,Sí,Carnes,No,App,3013,Carnes,32.0,4.3125,49.65625,0.45177260331445357
8325043570,29,Femenino,Chicago,Muy Alto,5,58.11,Sí,Sí,Mariscos,Sí,App,15246,Mariscos y pescado,21.0,4.409523809523809,59.142857142857146,0.37930756843800323
4345526911,75,Femenino,Chicago,Medio,3,5.11,Sí,No,Carnes,No,Efectivo,3423,Carnes,32.0,4.3125,49.65625,0.45177260331445357
6520997534,29,Masculino,Chicago,Alto,6,47.29,No,Sí,Vegano,Sí,App,8158,Vegetariano/Vegano,2.0,4.1,847.0,0.02648563557654467
4050161122,42,Masculino,Chicago,Muy Alto,6,57.6,Sí,No,Sin dato,Sí,Efectivo,13120,Sin dato,,,,
4915529276,74,Femenino,Chicago,Muy Alto,10,82.71,No,Sí,Carnes,Sí,App,14730,Carnes,32.0,4.3125,49.65625,0.45177260331445357
8554790282,29,Masculino,Chicago,Alto,6,22.96,No,Sí,Pescado,Sí,App,7154,Mariscos y pescado,21.0,4.409523809523809,59.142857142857146,0.37930756843800323
2900706092,63,Masculino,Chicago,Medio,2,12.65,No,No,Sin dato,No,Efectivo,3328,Sin dato,,,,
7194467511,45,Femenino,Chicago,Alto,5,50.32,Sí,No,Otro,Sí,App,7033,Otro,191.0,4.39738219895288,3.094240837696335,7.250028200789622
7599991412,63,Masculino,Chicago,Medio,3,10.47,Sí,Sí,Otro,No,Efectivo,3300,Otro,191.0,4.39738219895288,3.094240837696335,7.250028200789622
8854469576,74,Femenino,Chicago,Alto,4,30.81,No,No,Vegetariano,No,App,7927,Vegetariano/Vegano,2.0,4.1,847.0,0.02648563557654467
4437690152,34,Masculino,Chicago,Alto,6,46.74,No,Sí,Carnes,No,App,8415,Carnes,32.0,4.3125,49.65625,0.45177260331445357
8968364599,59,Femenino,Chicago,Medio,3,13.11,No,Sí,Vegetariano,No,Tarjeta,2582,Vegetariano/Vegano,2.0,4.1,847.0,0.02648563557654467
3953969835,78,Femenino,Chicago,Medio,4,23.67,No,Sí,Mariscos,No,Efectivo,2027,Mariscos y pescado,21.0,4.409523809523809,59.142857142857146,0.37930756843800323
2973888646,25,Femenino,Chicago,Bajo,3,5.16,No,Sí,Carnes,No,Efectivo,1146,Carnes,32.0,4.3125,49.65625,0.45177260331445357
9826843917,60,Masculino,Chicago,Medio,2,10.61,No,Sí,Carnes,No,Tarjeta,3293,Carnes,32.0,4.3125,49.65625,0.45177260331445357
4403845222,51,Femenino,Chicago,Alto,5,16.03,Sí,Sí,Vegetariano,Sí,Efectivo,8610,Vegetariano/Vegano,2.0,4.1,847.0,0.02648563557654467
6056680794,70,Masculino,Chicago,Medio,4,27.32,Sí,Sí,Vegetariano,No,App,3262,Vegetariano/Vegano,2.0,4.1,847.0,0.02648563557654467
1141961397,75,Femenino,Chicago,Medio,2,5.09,Sí,No,Mariscos,Sí,App,2630,Mariscos y pescado,21.0,4.409523809523809,59.142857142857146,0.37930756843800323
4803492387,55,Femenino,Chicago,Alto,6,17.99,No,Sí,Otro,Sí,Efectivo,5278,Otro,191.0,4.39738219895288,3.094240837696335,7.250028200789622
9353296008,33,Femenino,Chicago,Bajo,1,9.48,Sí,Sí,Mariscos,No,App,913,Mariscos y pescado,21.0,4.409523809523809,59.142857142857146,0.37930756843800323
5622363754,26,Femenino,Chicago,Medio,4,19.56,Sí,Sí,Sin dato,No,App,2673,Sin dato,,,,
8570481902,22,Masculino,Chicago,Muy Alto,6,85.1,Sí,No,Vegetariano,Sí,App,10565,Vegetariano/Vegano,2.0,4.1,847.0,0.02648563557654467
6953249679,45,Femenino,Chicago,Alto,5,15.87,No,No,Carnes,No,App,8375,Carnes,32.0,4.3125,49.65625,0.45177260331445357
5956042044,44,Masculino,Chicago,Medio,2,28.92,No,No,Sin dato,No,Efectivo,3433,Sin dato,,,,
4215558262,45,Masculino,Chicago,Bajo,1,6.58,No,Sí,Vegetariano,No,Efectivo,1383,Vegetariano/Vegano,2.0,4.1,847.0,0.02648563557654467
9804677062,18,Masculino,Chicago,Alto,6,42.69,No,Sí,Carnes,Sí,Efectivo,8836,Carnes,32.0,4.3125,49.65625,0.45177260331445357
3636467652,48,Femenino,Chicago,Alto,6,54.65,No,No,Vegano,Sí,Tarjeta,6531,Vegetariano/Vegano,2.0,4.1,847.0,0.02648563557654467
2653814748,21,Femenino,Chicago,Muy Alto,7,63.15,No,Sí,Vegano,Sí,Tarjeta,13868,Vegetariano/Vegano,2.0,4.1,847.0,0.02648563557654467
6711131533,51,Masculino,Chicago,Bajo,1,6.86,No,Sí,Pescado,No,Efectivo,1457,Mariscos y pescado,21.0,4.409523809523809,59.142857142857146,0.37930756843800323
6794378741,69,Masculino,Chicago,Bajo,2,6.35,No,Sí,Vegano,No,Efectivo,902,Vegetariano/Vegano,2.0,4.1,847.0,0.02648563557654467
9332541401,67,Femenino,Chicago,Medio,5,13.1,Sí,No,Vegetariano,Sí,Efectivo,2491,Vegetariano/Vegano,2.0,4.1,847.0,0.02648563557654467
1741134891,40,Masculino,Chicago,Medio,2,11.92,Sí,Sí,Carnes,No,Tarjeta,3348,Carnes,32.0,4.3125,49.65625,0.45177260331445357
5651009809,71,Femenino,Chicago,Medio,4,22.11,Sí,No,Sin dato,No,Efectivo,2424,Sin dato,,,,
4173917498,50,Masculino,Chicago,Medio,4,6.86,No,No,Carnes,No,Tarjeta,2553,Carnes,32.0,4.3125,49.65625,0.45177260331445357
5522758283,52,Femenino,Chicago,Bajo,2,9.56,Sí,No,Vegetariano,No,Tarjeta,1278,Vegetariano/Vegano,2.0,4.1,847.0,0.02648563557654467
9847828776,41,Femenino,Chicago,Alto,4,24.42,No,Sí,Vegano,Sí,Tarjeta,6658,Vegetariano/Vegano,2.0,4.1,847.0,0.02648563557654467
1681203727,69,Femenino,Chicago,Medio,4,13.98,Sí,Sí,Carnes,No,Tarjeta,2177,Carnes,32.0,4.3125,49.65625,0.45177260331445357
8865390946,77,Femenino,Chicago,Alto,5,41.56,Sí,Sí,Carnes,No,Efectivo,8528,Carnes,32.0,4.3125,49.65625,0.45177260331445357
5752844974,46,Masculino,Chicago,Bajo,2,8.85,No,Sí,Carnes,No,Efectivo,911,Carnes,32.0,4.3125,49.65625,0.45177260331445357
2951867520,76,Masculino,Chicago,Medio,2,8.69,Sí,Sí,Mariscos,No,Tarjeta,3488,Mariscos y pescado,21.0,4.409523809523809,59.142857142857146,0.37930756843800323
9816338601,58,Masculino,Chicago,Muy Alto,10,92.09,No,Sí,Carnes,Sí,Efectivo,13611,Carnes,32.0,4.3125,49.65625,0.45177260331445357
8174049147,57,Masculino,Chicago,Medio,2,17.58,Sí,Sí,Otro,Sí,Efectivo,2404,Otro,191.0,4.39738219895288,3.094240837696335,7.250028200789622
8666074487,75,Masculino,Chicago,Medio,5,7.22,No,No,Pescado,No,App,1718,Mariscos y pescado,21.0,4.409523809523809,59.142857142857146,0.37930756843800323
9161875363,46,Masculino,Chicago,Alto,5,58.65,No,Sí,Vegetariano,Sí,Efectivo,4264,Vegetariano/Vegano,2.0,4.1,847.0,0.02648563557654467
4956961965,43,Femenino,Chicago,Alto,4,32.33,Sí,No,Pescado,Sí,Efectivo,4155,Mariscos y pescado,21.0,4.409523809523809,59.142857142857146,0.37930756843800323
2593375387,49,Femenino,Chicago,Muy Alto,7,48.75,Sí,No,Vegano,Sí,Tarjeta,12191,Vegetariano/Vegano,2.0,4.1,847.0,0.02648563557654467
1097634221,76,Masculino,Chicago,Muy Alto,6,22.37,No,Sí,Vegano,Sí,Efectivo,10396,Vegetariano/Vegano,2.0,4.1,847.0,0.02648563557654467
5021369227,64,Femenino,Chicago,Medio,2,20.15,Sí,No,Otro,No,Tarjeta,1861,Otro,191.0,4.39738219895288,3.094240837696335,7.250028200789622
3575311720,28,Masculino,Chicago,Bajo,1,9.55,No,Sí,Carnes,No,App,1326,Carnes,32.0,4.3125,49.65625,0.45177260331445357
9128109021,32,Masculino,Chicago,Bajo,2,8.37,No,Sí,Mariscos,No,Efectivo,833,Mariscos y pescado,21.0,4.409523809523809,59.142857142857146,0.37930756843800323
6799865208,69,Masculino,Chicago,Bajo,2,6.21,Sí,Sí,Vegano,No,App,1081,Vegetariano/Vegano,2.0,4.1,847.0,0.02648563557654467
2289118584,78,Femenino,Chicago,Alto,4,28.74,Sí,No,Pescado,No,Tarjeta,5564,Mariscos y pescado,21.0,4.409523809523809,59.142857142857146,0.37930756843800323
9821375891,65,Femenino,Chicago,Medio,3,14.35,Sí,Sí,Carnes,No,Tarjeta,1823,Carnes,32.0,4.3125,49.65625,0.45177260331445357
9515971497,46,Masculino,Chicago,Alto,5,59.13,Sí,No,Pescado,Sí,Tarjeta,5293,Mariscos y pescado,21.0,4.409523809523809,59.142857142857146,0.37930756843800323
6229490913,54,Masculino,Chicago,Medio,3,12.56,Sí,No,Mariscos,No,Efectivo,2525,Mariscos y pescado,21.0,4.409523809523809,59.142857142857146,0.37930756843800323
3102895903,74,Femenino,Chicago,Medio,5,19.06,No,Sí,Vegano,No,Efectivo,2195,Vegetariano/Vegano,2.0,4.1,847.0,0.02648563557654467
4794276323,19,Masculino,Chicago,Bajo,3,8.46,Sí,Sí,Carnes,No,App,840,Carnes,32.0,4.3125,49.65625,0.45177260331445357
5644563242,59,Femenino,Chicago,Bajo,3,7.16,Sí,Sí,Mariscos,No,Efectivo,833,Mariscos y pescado,21.0,4.409523809523809,59.142857142857146,0.37930756843800323
3107112281,69,Masculino,Chicago,Muy Alto,5,66.11,No,Sí,Carnes,Sí,Efectivo,16398,Carnes,32.0,4.3125,49.65625,0.45177260331445357
5697267144,79,Masculino,Chicago,Alto,4,38.48,No,Sí,Mariscos,Sí,Efectivo,3573,Mariscos y pescado,21.0,4.409523809523809,59.142857142857146,0.37930756843800323
5670983945,57,Masculino,Chicago,Medio,2,21.49,Sí,Sí,Pescado,Sí,Tarjeta,2335,Mariscos y pescado,21.0,4.409523809523809,59.142857142857146,0.37930756843800323
6867874047,79,Masculino,Chicago,Medio,4,29.89,Sí,No,Carnes,No,Tarjeta,2984,Carnes,32.0,4.3125,49.65625,0.45177260331445357
9226616337,20,Femenino,Chicago,Muy Alto,5,91.38,Sí,No,Vegano,No,App,11107,Vegetariano/Vegano,2.0,4.1,847.0,0.02648563557654467
7122731002,74,Masculino,Chicago,Bajo,3,8.98,Sí,Sí,Vegano,Sí,Tarjeta,1244,Vegetariano/Vegano,2.0,4.1,847.0,0.02648563557654467
9957813353,35,Masculino,Chicago,Alto,4,18.06,Sí,Sí,Otro,Sí,Tarjeta,8518,Otro,191.0,4.39738219895288,3.094240837696335,7.250028200789622
9514444316,75,Femenino,Chicago,Medio,3,17.7,No,No,Otro,No,Efectivo,2415,Otro,191.0,4.39738219895288,3.094240837696335,7.250028200789622
1872163903,34,Femenino,Chicago,Alto,5,18.52,No,No,Otro,Sí,Tarjeta,6416,Otro,191.0,4.39738219895288,3.094240837696335,7.250028200789622
6991878065,21,Masculino,Chicago,Alto,6,28.79,Sí,Sí,Vegetariano,Sí,Efectivo,7950,Vegetariano/Vegano,2.0,4.1,847.0,0.02648563557654467
9161013180,57,Masculino,Chicago,Alto,5,52.63,Sí,No,Vegetariano,Sí,Efectivo,6566,Vegetariano/Vegano,2.0,4.1,847.0,0.02648563557654467
3316796568,31,Masculino,Chicago,Muy Alto,10,51.75,No,No,Mariscos,Sí,Tarjeta,15268,Mariscos y pescado,21.0,4.409523809523809,59.142857142857146,0.37930756843800323
7405626032,72,Femenino,Chicago,Bajo,0,0.0,No,Sí,Vegano,No,App,1252,Vegetariano/Vegano,2.0,4.1,847.0,0.02648563557654467
1645908204,26,Femenino,Chicago,Muy Alto,7,75.79,Sí,No,Carnes,Sí,App,14566,Carnes,32.0,4.3125,49.65625,0.45177260331445357
7032124964,77,Femenino,Chicago,Medio,4,16.92,No,No,Mariscos,No,Efectivo,2358,Mariscos y pescado,21.0,4.409523809523809,59.142857142857146,0.37930756843800323
7251396934,69,Masculino,Chicago,Medio,2,23.72,No,No,Vegano,No,Efectivo,2811,Vegetariano/Vegano,2.0,4.1,847.0,0.02648563557654467
5037798344,18,Masculino,Chicago,Medio,3,17.4,Sí,Sí,Vegetariano,No,Efectivo,1935,Vegetariano/Vegano,2.0,4.1,847.0,0.02648563557654467
3532855799,76,Masculino,Chicago,Medio,3,25.36,No,Sí,Vegetariano,No,Tarjeta,2361,Vegetariano/Vegano,2.0,4.1,847.0,0.02648563557654467
4743266234,37,Masculino,Chicago,Alto,4,19.66,Sí,No,Pescado,Sí,Tarjeta,6890,Mariscos y pescado,21.0,4.409523809523809,59.142857142857146,0.37930756843800323
9271015771,48,Masculino,Chicago,Alto,4,32.21,No,No,Mariscos,Sí,App,6131,Mariscos y pescado,21.0,4.409523809523809,59.142857142857146,0.37930756843800323
3118677094,45,Femenino,Chicago,Medio,4,18.07,No,No,Mariscos,No,App,2650,Mariscos y pescado,21.0,4.409523809523809,59.142857142857146,0.37930756843800323
8802891209,66,Femenino,Chicago,Medio,4,18.19,No,Sí,Vegetariano,No,Efectivo,2152,Vegetariano/Vegano,2.0,4.1,847.0,0.02648563557654467
3744890160,22,Masculino,Chicago,Medio,3,13.84,Sí,Sí,Otro,No,Efectivo,1614,Otro,191.0,4.39738219895288,3.094240837696335,7.250028200789622
6124042570,61,Masculino,Chicago,Alto,5,7.4,No,Sí,Vegetariano,Sí,Criptomoneda,3564,Vegetariano/Vegano,2.0,4.1,847.0,0.02648563557654467
6112563096,26,Femenino,Chicago,Medio,2,25.05,No,Sí,Carnes,No,App,3300,Carnes,32.0,4.3125,49.65625,0.45177260331445357
5963057354,64,Femenino,Chicago,Medio,5,23.93,Sí,Sí,Vegetariano,No,Efectivo,2518,Vegetariano/Vegano,2.0,4.1,847.0,0.02648563557654467
2363635846,74,Masculino,Chicago,Medio,4,13.88,Sí,No,Carnes,Sí,App,2011,Carnes,32.0,4.3125,49.65625,0.45177260331445357
6220665395,61,Masculino,Chicago,Bajo,3,9.63,Sí,No,Vegano,No,Efectivo,1162,Vegetariano/Vegano,2.0,4.1,847.0,0.02648563557654467
6461291541,68,Femenino,Chicago,Medio,5,27.54,No,Sí,Vegano,No,Efectivo,3382,Vegetariano/Vegano,2.0,4.1,847.0,0.02648563557654467
5221589520,58,Masculino,Chicago,Alto,6,30.25,No,No,Pescado,Sí,Efectivo,8137,Mariscos y pescado,21.0,4.409523809523809,59.142857142857146,0.37930756843800323
2495966316,23,Masculino,Chicago,Bajo,2,9.08,Sí,Sí,Mariscos,No,App,1275,Mariscos y pescado,21.0,4.409523809523809,59.142857142857146,0.37930756843800323
3441044403,62,Masculino,Chicago,Alto,4,58.47,Sí,Sí,Vegetariano,Sí,App,6953,Vegetariano/Vegano,2.0,4.1,847.0,0.02648563557654467
4217519234,46,Masculino,Chicago,Muy Alto,7,81.86,No,No,Vegetariano,Sí,Efectivo,15251,Vegetariano/Vegano,2.0,4.1,847.0,0.02648563557654467
3454017128,57,Femenino,Chicago,Bajo,2,9.32,Sí,Sí,Mariscos,No,App,1195,Mariscos y pescado,21.0,4.409523809523809,59.142857142857146,0.37930756843800323
2163127942,18,Femenino,Chicago,Bajo,0,0.0,Sí,Sí,Mariscos,No,Efectivo,1433,Mariscos y pescado,21.0,4.409523809523809,59.142857142857146,0.37930756843800323
6201230463,33,Femenino,Chicago,Alto,4,20.74,Sí,Sí,Carnes,No,Tarjeta,5048,Carnes,32.0,4.3125,49.65625,0.45177260331445357
4340584292,21,Femenino,Chicago,Bajo,2,7.91,No,Sí,Carnes,No,App,1533,Carnes,32.0,4.3125,49.65625,0.45177260331445357
6098907586,66,Masculino,Chicago,Alto,4,7.64,No,No,Carnes,Sí,Tarjeta,4406,Carnes,32.0,4.3125,49.65625,0.45177260331445357
3058982440,46,Masculino,Chicago,Bajo,3,7.58,Sí,Sí,Otro,No,Tarjeta,1351,Otro,191.0,4.39738219895288,3.094240837696335,7.250028200789622
5803280863,37,Femenino,Chicago,Alto,5,24.31,Sí,Sí,Mariscos,Sí,Efectivo,7862,Mariscos y pescado,21.0,4.409523809523809,59.142857142857146,0.37930756843800323
9292791081,72,Femenino,Chicago,Muy Alto,5,74.16,No,Sí,Carnes,Sí,Efectivo,10902,Carnes,32.0,4.3125,49.65625,0.45177260331445357
1759751348,30,Femenino,Chicago,Medio,5,28.77,Sí,Sí,Mariscos,No,Tarjeta,2018,Mariscos y pescado,21.0,4.409523809523809,59.142857142857146,0.37930756843800323
5370396525,25,Femenino,Chicago,Alto,5,39.1,No,Sí,Carnes,Sí,Tarjeta,7899,Carnes,32.0,4.3125,49.65625,0.45177260331445357
5902099884,78,Masculino,Chicago,Bajo,0,0.0,No,No,Mariscos,No,Efectivo,1586,Mariscos y pescado,21.0,4.409523809523809,59.142857142857146,0.37930756843800323
2699989899,70,Femenino,Chicago,Alto,4,23.24,Sí,Sí,Mariscos,Sí,Efectivo,5335,Mariscos y pescado,21.0,4.409523809523809,59.142857142857146,0.37930756843800323
8958848294,42,Femenino,Chicago,Bajo,3,7.35,Sí,Sí,Vegetariano,No,Efectivo,1295,Vegetariano/Vegano,2.0,4.1,847.0,0.02648563557654467
3269449477,26,Masculino,Chicago,Muy Alto,6,24.74,No,Sí,Otro,Sí,Efectivo,17097,Otro,191.0,4.39738219895288,3.094240837696335,7.250028200789622
6845287382,37,Femenino,Chicago,Alto,6,14.93,No,Sí,Otro,Sí,Tarjeta,4436,Otro,191.0,4.39738219895288,3.094240837696335,7.250028200789622
2294609093,52,Masculino,Chicago,Medio,4,21.79,No,Sí,Otro,No,Efectivo,2842,Otro,191.0,4.39738219895288,3.094240837696335,7.250028200789622
4064538638,23,Femenino,Chicago,Bajo,1,8.06,Sí,Sí,Pescado,No,Tarjeta,1340,Mariscos y pescado,21.0,4.409523809523809,59.142857142857146,0.37930756843800323
8894905381,76,Masculino,Chicago,Alto,4,57.04,Sí,Sí,Mariscos,Sí,Tarjeta,5783,Mariscos y pescado,21.0,4.409523809523809,59.142857142857146,0.37930756843800323
9973421080,21,Femenino,Chicago,Medio,2,14.53,Sí,Sí,Mariscos,No,Tarjeta,2011,Mariscos y pescado,21.0,4.409523809523809,59.142857142857146,0.37930756843800323
4575143282,41,Masculino,Chicago,Alto,5,24.85,No,No,Otro,Sí,Efectivo,8424,Otro,191.0,4.39738219895288,3.094240837696335,7.250028200789622
9662899915,29,Masculino,Chicago,Alto,5,10.68,No,Sí,Pescado,Sí,App,6075,Mariscos y pescado,21.0,4.409523809523809,59.142857142857146,0.37930756843800323
9081088931,29,Femenino,Chicago,Muy Alto,9,57.84,No,Sí,Vegetariano,Sí,Tarjeta,10637,Vegetariano/Vegano,2.0,4.1,847.0,0.02648563557654467
9693129072,30,Femenino,Chicago,Medio,4,26.31,Sí,Sí,Otro,Sí,Tarjeta,2199,Otro,191.0,4.39738219895288,3.094240837696335,7.250028200789622
3145404476,76,Femenino,Chicago,Medio,3,8.66,No,No,Pescado,No,App,3404,Mariscos y pescado,21.0,4.409523809523809,59.142857142857146,0.37930756843800323
1371723252,54,Femenino,Chicago,Alto,5,21.9,No,No,Vegano,Sí,Tarjeta,3657,Vegetariano/Vegano,2.0,4.1,847.0,0.02648563557654467
4914026577,69,Femenino,Chicago,Bajo,1,7.58,No,Sí,Vegetariano,No,App,1546,Vegetariano/Vegano,2.0,4.1,847.0,0.02648563557654467
8224997846,70,Femenino,Chicago,Alto,4,41.81,Sí,Sí,Carnes,Sí,Tarjeta,6218,Carnes,32.0,4.3125,49.65625,0.45177260331445357
4400769113,40,Masculino,Chicago,Medio,4,25.55,Sí,Sí,Vegano,Sí,Tarjeta,2942,Vegetariano/Vegano,2.0,4.1,847.0,0.02648563557654467
1719014205,18,Masculino,Chicago,Alto,6,40.4,Sí,Sí,Carnes,No,Tarjeta,8413,Carnes,32.0,4.3125,49.65625,0.45177260331445357
6191190470,28,Masculino,Chicago,Alto,6,7.59,Sí,Sí,Carnes,Sí,Efectivo,4015,Carnes,32.0,4.3125,49.65625,0.45177260331445357
6728563635,31,Masculino,Chicago,Medio,4,5.32,No,Sí,Carnes,Sí,Tarjeta,3438,Carnes,32.0,4.3125,49.65625,0.45177260331445357
6229143145,73,Femenino,Chicago,Alto,5,16.18,No,No,Vegetariano,Sí,Tarjeta,8490,Vegetariano/Vegano,2.0,4.1,847.0,0.02648563557654467
4203265035,35,Masculino,Chicago,Muy Alto,5,92.3,No,No,Pescado,Sí,Efectivo,16666,Mariscos y pescado,21.0,4.409523809523809,59.142857142857146,0.37930756843800323
6693193950,50,Masculino,Chicago,Muy Alto,7,19.34,Sí,No,Vegetariano,Sí,Efectivo,11556,Vegetariano/Vegano,2.0,4.1,847.0,0.02648563557654467
5002091992,24,Masculino,Chicago,Medio,2,8.74,No,Sí,Vegetariano,Sí,Tarjeta,2775,Vegetariano/Vegano,2.0,4.1,847.0,0.02648563557654467
4032256613,47,Femenino,Chicago,Bajo,1,8.79,Sí,Sí,Pescado,No,Efectivo,1304,Mariscos y pescado,21.0,4.409523809523809,59.142857142857146,0.37930756843800323
8803194596,27,Masculino,Chicago,Muy Alto,6,38.25,No,Sí,Carnes,Sí,Tarjeta,11313,Carnes,32.0,4.3125,49.65625,0.45177260331445357
5454573283,31,Masculino,Chicago,Bajo,0,0.0,No,No,Carnes,No,Efectivo,1108,Carnes,32.0,4.3125,49.65625,0.45177260331445357
1178326062,22,Masculino,Chicago,Muy Alto,6,62.71,No,Sí,Carnes,Sí,Efectivo,13657,Carnes,32.0,4.3125,49.65625,0.45177260331445357
9033177572,21,Femenino,Chicago,Medio,5,8.23,No,Sí,Otro,No,Tarjeta,2632,Otro,191.0,4.39738219895288,3.094240837696335,7.250028200789622
6263567754,52,Femenino,Chicago,Bajo,0,0.0,Sí,Sí,Otro,No,Efectivo,1289,Otro,191.0,4.39738219895288,3.094240837696335,7.250028200789622
3078217768,46,Femenino,Chicago,Medio,4,21.53,Sí,Sí,Sin dato,No,App,2116,Sin dato,,,,
6062598979,74,Masculino,Chicago,Bajo,3,8.17,Sí,Sí,Mariscos,No,Efectivo,1300,Mariscos y pescado,21.0,4.409523809523809,59.142857142857146,0.37930756843800323
7756458719,38,Masculino,Chicago,Muy Alto,7,30.8,Sí,Sí,Carnes,Sí,App,14204,Carnes,32.0,4.3125,49.65625,0.45177260331445357
4881154133,21,Masculino,Chicago,Bajo,3,7.5,Sí,Sí,Carnes,No,Efectivo,1557,Carnes,32.0,4.3125,49.65625,0.45177260331445357
3460888434,38,Masculino,Chicago,Bajo,1,7.01,No,No,Carnes,No,Tarjeta,1099,Carnes,32.0,4.3125,49.65625,0.45177260331445357
7532284065,66,Masculino,Chicago,Medio,4,26.35,No,Sí,Carnes,No,Tarjeta,1668,Carnes,32.0,4.3125,49.65625,0.45177260331445357
8116368366,23,Femenino,Chicago,Medio,2,14.0,Sí,No,Otro,Sí,App,3135,Otro,191.0,4.39738219895288,3.094240837696335,7.250028200789622
8833399096,36,Femenino,Chicago,Medio,3,11.58,No,No,Sin dato,No,App,2882,Sin dato,,,,
3682175937,39,Femenino,Chicago,Medio,3,7.71,Sí,Sí,Vegetariano,No,App,3032,Vegetariano/Vegano,2.0,4.1,847.0,0.02648563557654467
3056148393,73,Femenino,Chicago,Medio,4,14.57,Sí,Sí,Carnes,No,Criptomoneda,3491,Carnes,32.0,4.3125,49.65625,0.45177260331445357
7089646496,27,Masculino,Chicago,Medio,5,13.7,Sí,Sí,Mariscos,No,Efectivo,3394,Mariscos y pescado,21.0,4.409523809523809,59.142857142857146,0.37930756843800323
1306540283,23,Femenino,Chicago,Medio,4,27.76,Sí,Sí,Carnes,Sí,Efectivo,2201,Carnes,32.0,4.3125,49.65625,0.45177260331445357
9598391762,22,Masculino,Chicago,Muy Alto,10,81.69,Sí,Sí,Otro,Sí,App,16755,Otro,191.0,4.39738219895288,3.094240837696335,7.250028200789622
9251215764,48,Femenino,Chicago,Medio,5,23.9,Sí,Sí,Carnes,No,App,2874,Carnes,32.0,4.3125,49.65625,0.45177260331445357
1946653887,60,Femenino,Chicago,Alto,6,48.02,No,Sí,Carnes,Sí,App,7293,Carnes,32.0,4.3125,49.65625,0.45177260331445357
5074085050,26,Masculino,Chicago,Muy Alto,7,92.9,No,Sí,Mariscos,Sí,App,16684,Mariscos y pescado,21.0,4.409523809523809,59.142857142857146,0.37930756843800323
7496691038,21,Femenino,Chicago,Alto,4,25.6,No,Sí,Carnes,Sí,Efectivo,8187,Carnes,32.0,4.3125,49.65625,0.45177260331445357
2087433127,40,Masculino,Chicago,Alto,6,33.92,Sí,Sí,Mariscos,Sí,App,3536,Mariscos y pescado,21.0,4.409523809523809,59.142857142857146,0.37930756843800323
7768918933,54,Masculino,Chicago,Bajo,1,8.05,No,Sí,Mariscos,No,App,1136,Mariscos y pescado,21.0,4.409523809523809,59.142857142857146,0.37930756843800323
2760127183,68,Masculino,Chicago,Alto,4,22.4,Sí,Sí,Vegetariano,Sí,Efectivo,6949,Vegetariano/Vegano,2.0,4.1,847.0,0.02648563557654467
7556046460,36,Femenino,Chicago,Bajo,1,8.66,No,Sí,Vegetariano,No,App,1240,Vegetariano/Vegano,2.0,4.1,847.0,0.02648563557654467
1210104660,62,Femenino,Chicago,Alto,5,29.22,No,Sí,Otro,Sí,Efectivo,6065,Otro,191.0,4.39738219895288,3.094240837696335,7.250028200789622
4373674167,47,Masculino,Chicago,Bajo,3,6.86,Sí,Sí,Carnes,No,Tarjeta,1394,Carnes,32.0,4.3125,49.65625,0.45177260331445357
5438177295,32,Femenino,Chicago,Alto,4,58.28,Sí,Sí,Vegano,No,Efectivo,4704,Vegetariano/Vegano,2.0,4.1,847.0,0.02648563557654467
7652478210,69,Masculino,Chicago,Bajo,2,6.845,Sí,Sí,Otro,No,Efectivo,1400,Otro,191.0,4.39738219895288,3.094240837696335,7.250028200789622
2338534633,33,Femenino,Chicago,Medio,3,14.07,No,Sí,Pescado,No,Efectivo,3370,Mariscos y pescado,21.0,4.409523809523809,59.142857142857146,0.37930756843800323
3850189047,40,Femenino,Chicago,Muy Alto,10,56.85,Sí,No,Pescado,Sí,Tarjeta,13031,Mariscos y pescado,21.0,4.409523809523809,59.142857142857146,0.37930756843800323
9010806382,37,Masculino,Chicago,Alto,5,50.75,No,No,Vegetariano,Sí,Tarjeta,5080,Vegetariano/Vegano,2.0,4.1,847.0,0.02648563557654467
7912371493,77,Masculino,Chicago,Alto,4,5.89,Sí,No,Sin dato,Sí,Efectivo,4556,Sin dato,,,,
6867146460,54,Masculino,Chicago,Alto,5,28.84,Sí,No,Vegano,Sí,App,8517,Vegetariano/Vegano,2.0,4.1,847.0,0.02648563557654467
6293789829,29,Masculino,Chicago,Muy Alto,6,60.07,Sí,Sí,Carnes,Sí,Efectivo,16307,Carnes,32.0,4.3125,49.65625,0.45177260331445357
5262252525,58,Masculino,Chicago,Bajo,3,7.68,Sí,Sí,Vegetariano,No,Efectivo,1376,Vegetariano/Vegano,2.0,4.1,847.0,0.02648563557654467
4663167710,24,Femenino,Chicago,Alto,4,27.66,Sí,Sí,Carnes,Sí,Efectivo,4165,Carnes,32.0,4.3125,49.65625,0.45177260331445357
9344351248,61,Masculino,Chicago,Medio,3,24.95,No,Sí,Mariscos,Sí,Efectivo,3086,Mariscos y pescado,21.0,4.409523809523809,59.142857142857146,0.37930756843800323
7432735201,61,Masculino,Chicago,Bajo,0,0.0,Sí,Sí,Carnes,No,Tarjeta,990,Carnes,32.0,4.3125,49.65625,0.45177260331445357
3231531200,45,Femenino,Chicago,Muy Alto,6,99.83,Sí,Sí,Carnes,Sí,Efectivo,14007,Carnes,32.0,4.3125,49.65625,0.45177260331445357
2278373421,63,Masculino,Chicago,Bajo,0,0.0,Sí,Sí,Mariscos,No,Efectivo,1466,Mariscos y pescado,21.0,4.409523809523809,59.142857142857146,0.37930756843800323
7958672456,76,Masculino,Chicago,Bajo,2,5.61,No,Sí,Vegetariano,No,Tarjeta,1491,Vegetariano/Vegano,2.0,4.1,847.0,0.02648563557654467
7041433982,24,Femenino,Chicago,Bajo,1,8.57,No,Sí,Carnes,No,App,1136,Carnes,32.0,4.3125,49.65625,0.45177260331445357
1582709185,57,Masculino,Chicago,Bajo,2,9.04,Sí,No,Vegano,No,Efectivo,1142,Vegetariano/Vegano,2.0,4.1,847.0,0.02648563557654467
1509006662,79,Femenino,Chicago,Medio,4,22.42,Sí,Sí,Carnes,No,Efectivo,3288,Carnes,32.0,4.3125,49.65625,0.45177260331445357
5115068398,32,Masculino,Chicago,Bajo,1,6.92,No,No,Otro,No,Criptomoneda,1200,Otro,191.0,4.39738219895288,3.094240837696335,7.250028200789622
2283917499,32,Femenino,Chicago,Muy Alto,10,14.27,Sí,No,Vegetariano,Sí,Efectivo,10695,Vegetariano/Vegano,2.0,4.1,847.0,0.02648563557654467
6473167257,56,Femenino,Chicago,Bajo,0,0.0,No,Sí,Carnes,No,Efectivo,958,Carnes,32.0,4.3125,49.65625,0.45177260331445357
4547789215,40,Femenino,Chicago,Alto,6,53.56,No,No,Vegano,No,Efectivo,8243,Vegetariano/Vegano,2.0,4.1,847.0,0.02648563557654467
4883466415,70,Femenino,Chicago,Alto,5,37.7,No,Sí,Otro,No,Efectivo,7206,Otro,191.0,4.39738219895288,3.094240837696335,7.250028200789622
2070025912,22,Femenino,Chicago,Medio,3,7.19,No,Sí,Carnes,Sí,App,1955,Carnes,32.0,4.3125,49.65625,0.45177260331445357
5537659145,68,Femenino,Chicago,Medio,4,22.29,No,Sí,Vegetariano,No,Tarjeta,2487,Vegetariano/Vegano,2.0,4.1,847.0,0.02648563557654467
1293864877,56,Femenino,Chicago,Medio,3,12.41,No,No,Vegetariano,No,Tarjeta,2269,Vegetariano/Vegano,2.0,4.1,847.0,0.02648563557654467
8026411428,73,Masculino,Chicago,Medio,2,9.31,No,Sí,Pescado,Sí,Efectivo,1816,Mariscos y pescado,21.0,4.409523809523809,59.142857142857146,0.37930756843800323
4848961403,53,Femenino,Chicago,Alto,6,16.33,Sí,No,Otro,Sí,Efectivo,7189,Otro,191.0,4.39738219895288,3.094240837696335,7.250028200789622
9388140708,53,Masculino,Chicago,Medio,5,28.63,Sí,Sí,Vegetariano,No,Efectivo,1776,Vegetariano/Vegano,2.0,4.1,847.0,0.02648563557654467
7196288429,52,Masculino,Chicago,Bajo,0,0.0,No,No,Carnes,No,Efectivo,862,Carnes,32.0,4.3125,49.65625,0.45177260331445357
1610693353,41,Masculino,Chicago,Alto,4,22.97,No,No,Vegetariano,Sí,Tarjeta,4322,Vegetariano/Vegano,2.0,4.1,847.0,0.02648563557654467
4343361778,67,Masculino,Chicago,Medio,3,12.82,Sí,No,Sin dato,No,Efectivo,2165,Sin dato,,,,
7135542712,40,Masculino,Chicago,Bajo,2,9.69,No,No,Pescado,No,Tarjeta,1026,Mariscos y pescado,21.0,4.409523809523809,59.142857142857146,0.37930756843800323
9528742737,76,Masculino,Chicago,Alto,4,5.75,No,No,Pescado,Sí,App,7601,Mariscos y pescado,21.0,4.409523809523809,59.142857142857146,0.37930756843800323
2131706557,79,Masculino,Chicago,Medio,3,18.54,No,Sí,Sin dato,No,Tarjeta,1765,Sin dato,,,,
6161147047,36,Masculino,Chicago,Alto,4,29.73,No,Sí,Mariscos,No,Efectivo,4117,Mariscos y pescado,21.0,4.409523809523809,59.142857142857146,0.37930756843800323
7512311568,52,Femenino,Chicago,Muy Alto,8,96.94,No,No,Carnes,Sí,Efectivo,14150,Carnes,32.0,4.3125,49.65625,0.45177260331445357
3817151728,77,Femenino,Chicago,Alto,5,35.9,No,Sí,Otro,Sí,Efectivo,8355,Otro,191.0,4.39738219895288,3.094240837696335,7.250028200789622
4006956201,35,Masculino,Chicago,Medio,3,9.13,Sí,No,Carnes,No,Tarjeta,3016,Carnes,32.0,4.3125,49.65625,0.45177260331445357
5657724657,43,Femenino,Chicago,Medio,2,26.21,Sí,No,Vegetariano,No,Tarjeta,3208,Vegetariano/Vegano,2.0,4.1,847.0,0.02648563557654467
5340522065,35,Masculino,Chicago,Bajo,2,7.16,No,No,Otro,No,Efectivo,972,Otro,191.0,4.39738219895288,3.094240837696335,7.250028200789622
2895713954,51,Masculino,Chicago,Bajo,3,8.74,No,Sí,Carnes,No,App,1315,Carnes,32.0,4.3125,49.65625,0.45177260331445357
3874327055,18,Masculino,Chicago,Bajo,0,0.0,No,Sí,Sin dato,No,Tarjeta,1477,Sin dato,,,,
7937993287,73,Masculino,Chicago,Alto,5,11.93,Sí,Sí,Mariscos,No,Efectivo,5455,Mariscos y pescado,21.0,4.409523809523809,59.142857142857146,0.37930756843800323
8490096480,68,Masculino,Chicago,Muy Alto,5,38.59,Sí,No,Carnes,Sí,Efectivo,12193,Carnes,32.0,4.3125,49.65625,0.45177260331445357
4204554350,62,Femenino,Chicago,Medio,4,16.46,No,Sí,Pescado,No,Tarjeta,2054,Mariscos y pescado,21.0,4.409523809523809,59.142857142857146,0.37930756843800323
8614563485,40,Masculino,Chicago,Medio,4,18.65,No,Sí,Pescado,Sí,App,2831,Mariscos y pescado,21.0,4.409523809523809,59.142857142857146,0.37930756843800323
2242507300,59,Masculino,Chicago,Alto,6,29.53,Sí,Sí,Carnes,Sí,Tarjeta,5593,Carnes,32.0,4.3125,49.65625,0.45177260331445357
3415175992,40,Masculino,Chicago,Muy Alto,5,57.65,No,Sí,Carnes,Sí,Efectivo,14335,Carnes,32.0,4.3125,49.65625,0.45177260331445357
1650896650,45,Masculino,Chicago,Medio,5,18.53,No,Sí,Carnes,No,Efectivo,3375,Carnes,32.0,4.3125,49.65625,0.45177260331445357
2949597857,18,Masculino,Chicago,Alto,6,7.62,Sí,Sí,Otro,Sí,Efectivo,8746,Otro,191.0,4.39738219895288,3.094240837696335,7.250028200789622
4296398330,30,Masculino,Chicago,Medio,3,29.12,No,Sí,Carnes,No,Efectivo,2423,Carnes,32.0,4.3125,49.65625,0.45177260331445357
8444621162,18,Femenino,Chicago,Alto,5,48.07,Sí,Sí,Carnes,Sí,Tarjeta,8902,Carnes,32.0,4.3125,49.65625,0.45177260331445357
3470569511,27,Femenino,Chicago,Medio,2,19.19,No,Sí,Carnes,No,Efectivo,2494,Carnes,32.0,4.3125,49.65625,0.45177260331445357
4487053308,74,Femenino,Chicago,Alto,4,41.89,No,Sí,Pescado,Sí,App,8763,Mariscos y pescado,21.0,4.409523809523809,59.142857142857146,0.37930756843800323
1011675672,40,Masculino,Chicago,Medio,2,25.13,No,No,Vegetariano,No,Efectivo,2077,Vegetariano/Vegano,2.0,4.1,847.0,0.02648563557654467
6317152031,32,Femenino,Chicago,Bajo,0,0.0,No,No,Vegano,No,App,1384,Vegetariano/Vegano,2.0,4.1,847.0,0.02648563557654467
9209984962,64,Masculino,Chicago,Medio,2,26.84,No,Sí,Otro,Sí,Tarjeta,2976,Otro,191.0,4.39738219895288,3.094240837696335,7.250028200789622
7076189796,42,Femenino,Chicago,Alto,4,27.22,No,No,Vegetariano,Sí,Tarjeta,4074,Vegetariano/Vegano,2.0,4.1,847.0,0.02648563557654467
2363768949,32,Femenino,Chicago,Bajo,2,7.16,No,Sí,Vegano,No,Efectivo,810,Vegetariano/Vegano,2.0,4.1,847.0,0.02648563557654467
4597372574,41,Femenino,Chicago,Medio,5,14.63,No,Sí,Pescado,No,Efectivo,3405,Mariscos y pescado,21.0,4.409523809523809,59.142857142857146,0.37930756843800323
7546240535,32,Femenino,Chicago,Medio,4,7.89,Sí,No,Carnes,No,Efectivo,3473,Carnes,32.0,4.3125,49.65625,0.45177260331445357
8309221034,21,Femenino,Chicago,Bajo,0,0.0,Sí,Sí,Vegetariano,No,Efectivo,1538,Vegetariano/Vegano,2.0,4.1,847.0,0.02648563557654467
9330271923,66,Masculino,Chicago,Alto,4,14.89,No,Sí,Vegano,Sí,Efectivo,6682,Vegetariano/Vegano,2.0,4.1,847.0,0.02648563557654467
3744992252,80,Femenino,Chicago,Alto,4,44.6,No,No,Vegetariano,No,Efectivo,5739,Vegetariano/Vegano,2.0,4.1,847.0,0.02648563557654467
5213224075,66,Femenino,Chicago,Bajo,2,7.95,Sí,Sí,Sin dato,No,Efectivo,1360,Sin dato,,,,
4207084654,52,Masculino,Chicago,Alto,5,25.92,No,Sí,Pescado,Sí,Tarjeta,4997,Mariscos y pescado,21.0,4.409523809523809,59.142857142857146,0.37930756843800323
5919148165,19,Femenino,Chicago,Alto,6,52.55,No,Sí,Carnes,No,App,4086,Carnes,32.0,4.3125,49.65625,0.45177260331445357
2082465722,77,Femenino,Chicago,Muy Alto,7,42.45,Sí,No,Vegano,Sí,App,10265,Vegetariano/Vegano,2.0,4.1,847.0,0.02648563557654467
9125107953,71,Femenino,Chicago,Muy Alto,6,33.8,No,No,Vegano,Sí,Efectivo,14312,Vegetariano/Vegano,2.0,4.1,847.0,0.02648563557654467
6411656874,53,Femenino,Chicago,Alto,6,44.5,Sí,No,Vegetariano,Sí,Efectivo,6179,Vegetariano/Vegano,2.0,4.1,847.0,0.02648563557654467
5255564152,69,Masculino,Chicago,Medio,2,11.85,No,Sí,Otro,No,App,3057,Otro,191.0,4.39738219895288,3.094240837696335,7.250028200789622
2571688961,59,Masculino,Chicago,Alto,5,59.62,No,No,Carnes,No,Efectivo,5547,Carnes,32.0,4.3125,49.65625,0.45177260331445357
3891318104,71,Femenino,Chicago,Bajo,0,0.0,Sí,No,Vegetariano,No,Tarjeta,838,Vegetariano/Vegano,2.0,4.1,847.0,0.02648563557654467
1731842888,24,Masculino,Chicago,Bajo,0,0.0,Sí,No,Mariscos,No,Tarjeta,1118,Mariscos y pescado,21.0,4.409523809523809,59.142857142857146,0.37930756843800323
5773749304,76,Masculino,Chicago,Alto,4,52.25,Sí,No,Carnes,Sí,Efectivo,5263,Carnes,32.0,4.3125,49.65625,0.45177260331445357
1800960335,42,Masculino,Chicago,Muy Alto,7,66.85,Sí,No,Carnes,Sí,App,13409,Carnes,32.0,4.3125,49.65625,0.45177260331445357
5453761971,34,Femenino,Chicago,Alto,5,52.12,Sí,No,Mariscos,Sí,Criptomoneda,7425,Mariscos y pescado,21.0,4.409523809523809,59.142857142857146,0.37930756843800323
4673946519,60,Masculino,Chicago,Medio,2,20.41,No,No,Otro,No,Efectivo,2470,Otro,191.0,4.39738219895288,3.094240837696335,7.250028200789622
1554004364,50,Masculino,Chicago,Alto,5,44.77,Sí,Sí,Vegetariano,No,Tarjeta,5663,Vegetariano/Vegano,2.0,4.1,847.0,0.02648563557654467
6369828508,79,Masculino,Chicago,Muy Alto,7,58.51,No,Sí,Vegetariano,Sí,Tarjeta,13619,Vegetariano/Vegano,2.0,4.1,847.0,0.02648563557654467
9417291377,27,Femenino,Chicago,Alto,6,5.77,Sí,Sí,Pescado,Sí,App,7109,Mariscos y pescado,21.0,4.409523809523809,59.142857142857146,0.37930756843800323
4497202106,61,Masculino,Chicago,Medio,3,11.47,Sí,Sí,Carnes,No,App,3188,Carnes,32.0,4.3125,49.65625,0.45177260331445357
2501727423,29,Masculino,Chicago,Medio,4,18.84,Sí,Sí,Vegetariano,No,Efectivo,3076,Vegetariano/Vegano,2.0,4.1,847.0,0.02648563557654467
5903093758,75,Masculino,Chicago,Bajo,0,0.0,Sí,No,Otro,No,App,1231,Otro,191.0,4.39738219895288,3.094240837696335,7.250028200789622
9614593325,22,Masculino,Chicago,Alto,6,9.9,No,Sí,Vegano,Sí,Tarjeta,6832,Vegetariano/Vegano,2.0,4.1,847.0,0.02648563557654467
1520818836,33,Femenino,Chicago,Alto,6,50.57,No,Sí,Otro,Sí,Criptomoneda,7696,Otro,191.0,4.39738219895288,3.094240837696335,7.250028200789622
4058034404,31,Femenino,Chicago,Bajo,2,8.35,Sí,No,Otro,No,Tarjeta,1226,Otro,191.0,4.39738219895288,3.094240837696335,7.250028200789622
3301691543,34,Masculino,Chicago,Alto,6,24.46,Sí,No,Vegetariano,No,App,4209,Vegetariano/Vegano,2.0,4.1,847.0,0.02648563557654467
4211999973,72,Femenino,Chicago,Muy Alto,7,61.3,No,No,Pescado,Sí,Tarjeta,11367,Mariscos y pescado,21.0,4.409523809523809,59.142857142857146,0.37930756843800323
2904383663,76,Femenino,Chicago,Alto,5,42.42,No,No,Vegetariano,Sí,Efectivo,7423,Vegetariano/Vegano,2.0,4.1,847.0,0.02648563557654467
2838278841,52,Masculino,Chicago,Medio,3,17.33,Sí,Sí,Vegetariano,Sí,App,3268,Vegetariano/Vegano,2.0,4.1,847.0,0.02648563557654467
6940229940,51,Masculino,Chicago,Muy Alto,7,69.66,No,Sí,Vegetariano,Sí,Efectivo,16972,Vegetariano/Vegano,2.0,4.1,847.0,0.02648563557654467
8618210761,44,Masculino,Chicago,Medio,4,15.71,Sí,No,Sin dato,Sí,App,2034,Sin dato,,,,
8743799782,66,Masculino,Chicago,Alto,4,48.8,No,Sí,Mariscos,Sí,Efectivo,4041,Mariscos y pescado,21.0,4.409523809523809,59.142857142857146,0.37930756843800323
3492744436,76,Masculino,Chicago,Medio,3,22.57,No,No,Vegano,No,Efectivo,2217,Vegetariano/Vegano,2.0,4.1,847.0,0.02648563557654467
9512199444,69,Femenino,Chicago,Alto,6,33.01,No,Sí,Vegetariano,Sí,Efectivo,4822,Vegetariano/Vegano,2.0,4.1,847.0,0.02648563557654467
4988516887,72,Femenino,Chicago,Alto,6,36.85,Sí,Sí,Carnes,Sí,App,8297,Carnes,32.0,4.3125,49.65625,0.45177260331445357
9672229635,55,Femenino,Chicago,Alto,5,51.8,Sí,No,Carnes,Sí,Efectivo,4957,Carnes,32.0,4.3125,49.65625,0.45177260331445357
8934252467,68,Femenino,Chicago,Alto,6,18.68,No,Sí,Carnes,No,Efectivo,5601,Carnes,32.0,4.3125,49.65625,0.45177260331445357
5549509559,68,Femenino,Chicago,Bajo,0,0.0,No,Sí,Vegano,No,Tarjeta,997,Vegetariano/Vegano,2.0,4.1,847.0,0.02648563557654467
2664260498,77,Masculino,Chicago,Alto,6,51.86,No,No,Carnes,Sí,Tarjeta,8210,Carnes,32.0,4.3125,49.65625,0.45177260331445357
4401334161,38,Masculino,Chicago,Alto,5,31.61,No,No,Vegetariano,Sí,App,8820,Vegetariano/Vegano,2.0,4.1,847.0,0.02648563557654467
2994030019,27,Masculino,Chicago,Muy Alto,10,12.89,Sí,Sí,Vegano,Sí,Tarjeta,13530,Vegetariano/Vegano,2.0,4.1,847.0,0.02648563557654467
1229795618,67,Masculino,Chicago,Alto,5,36.14,Sí,Sí,Vegano,Sí,Efectivo,4608,Vegetariano/Vegano,2.0,4.1,847.0,0.02648563557654467
9857430687,36,Masculino,Chicago,Medio,4,29.23,Sí,Sí,Vegetariano,No,Efectivo,1894,Vegetariano/Vegano,2.0,4.1,847.0,0.02648563557654467
1206438636,23,Femenino,Chicago,Medio,4,7.05,No,Sí,Carnes,No,App,2277,Carnes,32.0,4.3125,49.65625,0.45177260331445357
6492964995,72,Masculino,Chicago,Alto,5,33.82,Sí,No,Vegano,No,App,4765,Vegetariano/Vegano,2.0,4.1,847.0,0.02648563557654467
1359522952,44,Masculino,Chicago,Alto,4,47.39,Sí,Sí,Carnes,Sí,App,8233,Carnes,32.0,4.3125,49.65625,0.45177260331445357
4711124419,73,Masculino,Chicago,Alto,5,5.52,Sí,No,Carnes,Sí,Tarjeta,8662,Carnes,32.0,4.3125,49.65625,0.45177260331445357
7634733850,20,Femenino,Chicago,Bajo,2,8.14,Sí,Sí,Vegano,No,Tarjeta,877,Vegetariano/Vegano,2.0,4.1,847.0,0.02648563557654467
5509198437,44,Femenino,Chicago,Alto,6,45.12,Sí,No,Otro,Sí,Tarjeta,6693,Otro,191.0,4.39738219895288,3.094240837696335,7.250028200789622
9516253467,65,Femenino,Chicago,Alto,5,48.31,No,Sí,Carnes,No,Efectivo,3798,Carnes,32.0,4.3125,49.65625,0.45177260331445357
8936809129,68,Femenino,Chicago,Alto,6,42.35,Sí,Sí,Mariscos,No,Tarjeta,8033,Mariscos y pescado,21.0,4.409523809523809,59.142857142857146,0.37930756843800323
8358182817,24,Masculino,Chicago,Alto,4,28.88,Sí,No,Mariscos,Sí,Efectivo,3679,Mariscos y pescado,21.0,4.409523809523809,59.142857142857146,0.37930756843800323
9376752160,51,Masculino,Chicago,Medio,3,6.19,Sí,Sí,Carnes,No,Efectivo,1931,Carnes,32.0,4.3125,49.65625,0.45177260331445357
7696758491,65,Masculino,Chicago,Medio,2,14.9,No,No,Mariscos,No,App,2662,Mariscos y pescado,21.0,4.409523809523809,59.142857142857146,0.37930756843800323
8632910891,69,Femenino,Chicago,Medio,2,12.06,No,Sí,Vegetariano,No,App,2312,Vegetariano/Vegano,2.0,4.1,847.0,0.02648563557654467
6884161090,69,Femenino,Chicago,Alto,5,5.68,No,No,Vegetariano,Sí,App,3822,Vegetariano/Vegano,2.0,4.1,847.0,0.02648563557654467
7568861677,78,Masculino,Chicago,Alto,6,27.16,Sí,No,Vegetariano,Sí,Tarjeta,8297,Vegetariano/Vegano,2.0,4.1,847.0,0.02648563557654467
6349250098,51,Masculino,Chicago,Bajo,2,6.54,No,Sí,Carnes,No,App,1150,Carnes,32.0,4.3125,49.65625,0.45177260331445357
5527712344,22,Femenino,Chicago,Medio,4,5.61,Sí,Sí,Vegano,No,App,1671,Vegetariano/Vegano,2.0,4.1,847.0,0.02648563557654467
8565577212,77,Masculino,Chicago,Alto,4,24.78,No,No,Vegetariano,No,App,3505,Vegetariano/Vegano,2.0,4.1,847.0,0.02648563557654467
8813093631,23,Masculino,Chicago,Muy Alto,5,95.77,Sí,Sí,Carnes,Sí,App,17258,Carnes,32.0,4.3125,49.65625,0.45177260331445357
1603430796,46,Masculino,Chicago,Alto,5,20.66,Sí,Sí,Pescado,Sí,App,5645,Mariscos y pescado,21.0,4.409523809523809,59.142857142857146,0.37930756843800323
8178927766,65,Femenino,Chicago,Bajo,2,9.91,Sí,No,Vegetariano,No,Tarjeta,1112,Vegetariano/Vegano,2.0,4.1,847.0,0.02648563557654467
1425403685,33,Masculino,Chicago,Medio,2,23.25,No,No,Mariscos,No,App,2232,Mariscos y pescado,21.0,4.409523809523809,59.142857142857146,0.37930756843800323
9620361356,65,Femenino,Chicago,Bajo,3,5.16,No,Sí,Carnes,No,Efectivo,941,Carnes,32.0,4.3125,49.65625,0.45177260331445357
9999392774,60,Femenino,Chicago,Medio,4,9.14,No,Sí,Vegetariano,Sí,Efectivo,2692,Vegetariano/Vegano,2.0,4.1,847.0,0.02648563557654467
2518896137,22,Masculino,Chicago,Bajo,2,8.43,Sí,Sí,Vegano,No,Tarjeta,928,Vegetariano/Vegano,2.0,4.1,847.0,0.02648563557654467
6898194953,30,Masculino,Chicago,Medio,4,28.41,Sí,Sí,Otro,No,Tarjeta,2822,Otro,191.0,4.39738219895288,3.094240837696335,7.250028200789622
4085157909,76,Masculino,Chicago,Alto,4,33.91,Sí,No,Mariscos,Sí,App,3568,Mariscos y pescado,21.0,4.409523809523809,59.142857142857146,0.37930756843800323
2500067961,74,Femenino,Chicago,Alto,6,58.41,Sí,Sí,Otro,Sí,Efectivo,5428,Otro,191.0,4.39738219895288,3.094240837696335,7.250028200789622
7936518351,76,Masculino,Chicago,Bajo,2,7.14,No,No,Pescado,No,Efectivo,1334,Mariscos y pescado,21.0,4.409523809523809,59.142857142857146,0.37930756843800323
6865083405,65,Masculino,Chicago,Alto,6,19.45,No,No,Vegano,Sí,Tarjeta,6470,Vegetariano/Vegano,2.0,4.1,847.0,0.02648563557654467
2944466344,61,Masculino,Chicago,Alto,5,6.1,Sí,No,Vegetariano,Sí,App,7616,Vegetariano/Vegano,2.0,4.1,847.0,0.02648563557654467
3269149771,36,Masculino,Chicago,Medio,4,9.26,Sí,No,Mariscos,No,Efectivo,1827,Mariscos y pescado,21.0,4.409523809523809,59.142857142857146,0.37930756843800323
8385525619,46,Femenino,Chicago,Medio,4,22.31,No,Sí,Sin dato,No,Efectivo,2471,Sin dato,,,,
7824150224,62,Masculino,Chicago,Medio,3,26.25,No,Sí,Otro,No,Efectivo,2699,Otro,191.0,4.39738219895288,3.094240837696335,7.250028200789622
1621956500,75,Masculino,Chicago,Alto,4,48.05,No,No,Vegano,Sí,App,7393,Vegetariano/Vegano,2.0,4.1,847.0,0.02648563557654467
1407845552,44,Femenino,Chicago,Muy Alto,5,31.19,Sí,Sí,Vegano,Sí,Efectivo,17996,Vegetariano/Vegano,2.0,4.1,847.0,0.02648563557654467
6435386969,25,Masculino,Chicago,Medio,2,6.2,Sí,Sí,Sin dato,No,Efectivo,3266,Sin dato,,,,
4498569163,71,Femenino,Chicago,Bajo,2,9.22,No,No,Otro,No,Efectivo,948,Otro,191.0,4.39738219895288,3.094240837696335,7.250028200789622
8387800067,74,Masculino,Chicago,Medio,2,10.83,Sí,Sí,Carnes,No,Tarjeta,2025,Carnes,32.0,4.3125,49.65625,0.45177260331445357
6884723824,24,Femenino,Chicago,Medio,2,19.95,No,Sí,Carnes,No,App,2258,Carnes,32.0,4.3125,49.65625,0.45177260331445357
9682228114,49,Masculino,Chicago,Alto,5,51.85,Sí,Sí,Otro,No,Tarjeta,3891,Otro,191.0,4.39738219895288,3.094240837696335,7.250028200789622
5462755741,54,Masculino,Chicago,Muy Alto,10,49.55,No,No,Pescado,Sí,Efectivo,14803,Mariscos y pescado,21.0,4.409523809523809,59.142857142857146,0.37930756843800323
5753416961,32,Femenino,Chicago,Alto,6,23.23,Sí,No,Carnes,No,Tarjeta,8731,Carnes,32.0,4.3125,49.65625,0.45177260331445357
8853552985,47,Masculino,Chicago,Bajo,2,9.19,Sí,No,Vegetariano,No,Criptomoneda,1190,Vegetariano/Vegano,2.0,4.1,847.0,0.02648563557654467
8359880081,23,Masculino,Chicago,Alto,5,7.86,No,Sí,Mariscos,Sí,Efectivo,4499,Mariscos y pescado,21.0,4.409523809523809,59.142857142857146,0.37930756843800323
4939455049,61,Femenino,Chicago,Alto,4,18.35,Sí,No,Vegetariano,Sí,Efectivo,6593,Vegetariano/Vegano,2.0,4.1,847.0,0.02648563557654467
2335341910,76,Femenino,Chicago,Alto,6,51.2,No,Sí,Vegano,Sí,Tarjeta,5835,Vegetariano/Vegano,2.0,4.1,847.0,0.02648563557654467
8535778901,73,Masculino,Chicago,Medio,3,21.44,Sí,No,Carnes,No,Efectivo,2757,Carnes,32.0,4.3125,49.65625,0.45177260331445357
4562466214,74,Femenino,Chicago,Bajo,0,0.0,No,No,Otro,No,Efectivo,1078,Otro,191.0,4.39738219895288,3.094240837696335,7.250028200789622
1094279735,60,Femenino,Chicago,Medio,3,8.29,Sí,No,Carnes,No,Tarjeta,2186,Carnes,32.0,4.3125,49.65625,0.45177260331445357
7143189785,19,Masculino,Chicago,Alto,4,6.72,Sí,Sí,Vegetariano,Sí,App,5962,Vegetariano/Vegano,2.0,4.1,847.0,0.02648563557654467
4405620755,67,Masculino,Chicago,Alto,6,42.56,No,No,Carnes,No,App,4694,Carnes,32.0,4.3125,49.65625,0.45177260331445357
6634220266,68,Masculino,Chicago,Medio,4,23.29,Sí,No,Mariscos,No,Efectivo,1699,Mariscos y pescado,21.0,4.409523809523809,59.142857142857146,0.37930756843800323
1766734367,55,Masculino,Chicago,Bajo,0,0.0,No,No,Otro,No,Tarjeta,1531,Otro,191.0,4.39738219895288,3.094240837696335,7.250028200789622
5864080545,41,Femenino,Chicago,Muy Alto,10,74.07,Sí,No,Otro,Sí,App,14210,Otro,191.0,4.39738219895288,3.094240837696335,7.250028200789622
5641159106,52,Masculino,Chicago,Bajo,3,9.91,No,Sí,Otro,No,App,865,Otro,191.0,4.39738219895288,3.094240837696335,7.250028200789622
8291250562,27,Femenino,Chicago,Bajo,1,5.5,Sí,Sí,Vegetariano,No,Tarjeta,1190,Vegetariano/Vegano,2.0,4.1,847.0,0.02648563557654467
5110715721,44,Femenino,Chicago,Muy Alto,7,39.4,No,Sí,Otro,Sí,Efectivo,9324,Otro,191.0,4.39738219895288,3.094240837696335,7.250028200789622
1044818985,46,Femenino,Chicago,Alto,5,43.52,No,Sí,Otro,No,Tarjeta,6411,Otro,191.0,4.39738219895288,3.094240837696335,7.250028200789622
7100860032,24,Femenino,Chicago,Alto,5,30.37,Sí,Sí,Vegano,Sí,Tarjeta,3784,Vegetariano/Vegano,2.0,4.1,847.0,0.02648563557654467
9435403787,54,Masculino,Chicago,Muy Alto,6,28.5,Sí,No,Pescado,Sí,Efectivo,14431,Mariscos y pescado,21.0,4.409523809523809,59.142857142857146,0.37930756843800323
5503145079,30,Masculino,Chicago,Muy Alto,9,66.47,No,Sí,Vegetariano,Sí,Tarjeta,14459,Vegetariano/Vegano,2.0,4.1,847.0,0.02648563557654467
8062761823,36,Masculino,Chicago,Bajo,2,7.84,Sí,No,Mariscos,No,Efectivo,970,Mariscos y pescado,21.0,4.409523809523809,59.142857142857146,0.37930756843800323
6250416551,57,Masculino,Chicago,Medio,4,25.81,Sí,No,Vegetariano,No,Efectivo,3393,Vegetariano/Vegano,2.0,4.1,847.0,0.02648563557654467
9316530749,73,Masculino,Chicago,Medio,4,15.53,Sí,No,Vegano,No,Efectivo,1636,Vegetariano/Vegano,2.0,4.1,847.0,0.02648563557654467
6028276047,55,Masculino,Chicago,Muy Alto,5,30.65,Sí,No,Mariscos,Sí,Tarjeta,17286,Mariscos y pescado,21.0,4.409523809523809,59.142857142857146,0.37930756843800323
4641902461,38,Femenino,Chicago,Muy Alto,10,8.46,No,Sí,Pescado,Sí,Efectivo,9948,Mariscos y pescado,21.0,4.409523809523809,59.142857142857146,0.37930756843800323
3700768869,46,Masculino,Chicago,Medio,4,14.37,Sí,Sí,Carnes,No,Efectivo,2341,Carnes,32.0,4.3125,49.65625,0.45177260331445357
6536106121,36,Masculino,Chicago,Alto,4,24.57,No,Sí,Vegetariano,Sí,Efectivo,4251,Vegetariano/Vegano,2.0,4.1,847.0,0.02648563557654467
3801661893,44,Femenino,Chicago,Medio,4,8.66,No,No,Sin dato,No,Efectivo,3032,Sin dato,,,,
6685698338,56,Masculino,Chicago,Muy Alto,7,68.81,No,Sí,Vegano,Sí,Efectivo,13160,Vegetariano/Vegano,2.0,4.1,847.0,0.02648563557654467
9716199001,27,Femenino,Chicago,Medio,2,5.55,No,Sí,Otro,No,App,1917,Otro,191.0,4.39738219895288,3.094240837696335,7.250028200789622
6605950149,80,Masculino,Chicago,Alto,5,39.46,Sí,No,Pescado,Sí,Tarjeta,4175,Mariscos y pescado,21.0,4.409523809523809,59.142857142857146,0.37930756843800323
5892985710,25,Femenino,Chicago,Alto,4,58.95,No,Sí,Carnes,Sí,Efectivo,7287,Carnes,32.0,4.3125,49.65625,0.45177260331445357
6180349787,22,Masculino,Chicago,Alto,4,47.89,No,Sí,Carnes,No,Efectivo,5820,Carnes,32.0,4.3125,49.65625,0.45177260331445357
7709334952,57,Femenino,Chicago,Muy Alto,6,77.85,Sí,Sí,Sin dato,No,Efectivo,16324,Sin dato,,,,
7004705268,51,Masculino,Chicago,Muy Alto,8,79.62,No,No,Vegetariano,Sí,Efectivo,13239,Vegetariano/Vegano,2.0,4.1,847.0,0.02648563557654467
3212777747,25,Masculino,Chicago,Bajo,1,5.98,No,Sí,Sin dato,No,Tarjeta,832,Sin dato,,,,
6334395858,47,Masculino,Chicago,Bajo,1,9.14,No,Sí,Otro,No,Tarjeta,1561,Otro,191.0,4.39738219895288,3.094240837696335,7.250028200789622
2908610750,79,Femenino,Chicago,Medio,3,5.02,Sí,Sí,Carnes,No,App,1968,Carnes,32.0,4.3125,49.65625,0.45177260331445357
1436793686,33,Masculino,Chicago,Alto,5,58.37,No,No,Vegano,Sí,Efectivo,8311,Vegetariano/Vegano,2.0,4.1,847.0,0.02648563557654467
1665709556,34,Femenino,Chicago,Muy Alto,10,57.37,No,No,Pescado,Sí,App,15884,Mariscos y pescado,21.0,4.409523809523809,59.142857142857146,0.37930756843800323
3231461031,51,Masculino,Chicago,Medio,4,11.67,Sí,No,Sin dato,No,Efectivo,3453,Sin dato,,,,
6461832733,28,Masculino,Chicago,Muy Alto,9,88.24,No,No,Carnes,Sí,Tarjeta,16284,Carnes,32.0,4.3125,49.65625,0.45177260331445357
3296407811,21,Femenino,Chicago,Medio,5,7.93,Sí,Sí,Carnes,Sí,Tarjeta,3370,Carnes,32.0,4.3125,49.65625,0.45177260331445357
9007131748,27,Femenino,Chicago,Bajo,3,5.4,No,No,Carnes,No,Efectivo,1460,Carnes,32.0,4.3125,49.65625,0.45177260331445357
1051457286,26,Femenino,Chicago,Muy Alto,10,68.48,Sí,No,Carnes,Sí,App,14365,Carnes,32.0,4.3125,49.65625,0.45177260331445357
4088047273,49,Masculino,Chicago,Muy Alto,7,42.59,Sí,No,Otro,Sí,Tarjeta,14833,Otro,191.0,4.39738219895288,3.094240837696335,7.250028200789622
8122175393,72,Masculino,Chicago,Medio,2,22.34,Sí,No,Vegano,No,App,3480,Vegetariano/Vegano,2.0,4.1,847.0,0.02648563557654467
4501648602,72,Femenino,Chicago,Muy Alto,8,52.13,Sí,No,Mariscos,Sí,Tarjeta,16226,Mariscos y pescado,21.0,4.409523809523809,59.142857142857146,0.37930756843800323
4361067828,62,Masculino,Chicago,Medio,3,12.82,No,No,Mariscos,No,Efectivo,3220,Mariscos y pescado,21.0,4.409523809523809,59.142857142857146,0.37930756843800323
1362895954,78,Femenino,Chicago,Medio,4,6.18,No,No,Pescado,No,Efectivo,3355,Mariscos y pescado,21.0,4.409523809523809,59.142857142857146,0.37930756843800323
8421742187,29,Femenino,Chicago,Bajo,3,9.98,Sí,Sí,Carnes,No,Efectivo,1156,Carnes,32.0,4.3125,49.65625,0.45177260331445357
2515507460,67,Femenino,Chicago,Muy Alto,5,15.36,No,Sí,Otro,Sí,Tarjeta,17072,Otro,191.0,4.39738219895288,3.094240837696335,7.250028200789622
4314250445,55,Femenino,Chicago,Muy Alto,8,54.62,Sí,Sí,Carnes,Sí,App,14404,Carnes,32.0,4.3125,49.65625,0.45177260331445357
3953683132,43,Masculino,Chicago,Alto,4,58.79,Sí,No,Vegetariano,Sí,Efectivo,6637,Vegetariano/Vegano,2.0,4.1,847.0,0.02648563557654467
7442885001,65,Femenino,Chicago,Muy Alto,9,20.07,Sí,No,Carnes,Sí,Efectivo,10386,Carnes,32.0,4.3125,49.65625,0.45177260331445357
9528346689,63,Masculino,Chicago,Medio,4,11.65,Sí,Sí,Vegetariano,No,Efectivo,3224,Vegetariano/Vegano,2.0,4.1,847.0,0.02648563557654467
7527316141,57,Masculino,Chicago,Muy Alto,7,7.08,Sí,No,Vegano,Sí,Efectivo,16911,Vegetariano/Vegano,2.0,4.1,847.0,0.02648563557654467
3749531458,64,Masculino,Chicago,Alto,4,50.59,Sí,Sí,Vegetariano,Sí,Efectivo,4131,Vegetariano/Vegano,2.0,4.1,847.0,0.02648563557654467
1678361354,69,Femenino,Chicago,Bajo,3,7.85,Sí,Sí,Mariscos,No,Efectivo,849,Mariscos y pescado,21.0,4.409523809523809,59.142857142857146,0.37930756843800323
8343972092,31,Femenino,Chicago,Medio,2,28.51,No,Sí,Carnes,No,App,1853,Carnes,32.0,4.3125,49.65625,0.45177260331445357
7614577136,77,Masculino,Chicago,Alto,5,8.75,Sí,No,Vegano,Sí,Efectivo,6552,Vegetariano/Vegano,2.0,4.1,847.0,0.02648563557654467
2095662785,24,Masculino,Chicago,Alto,5,46.52,No,Sí,Vegetariano,Sí,Efectivo,8443,Vegetariano/Vegano,2.0,4.1,847.0,0.02648563557654467
8594590645,69,Femenino,Chicago,Alto,5,20.91,Sí,Sí,Mariscos,No,Tarjeta,3876,Mariscos y pescado,21.0,4.409523809523809,59.142857142857146,0.37930756843800323
9955231796,30,Masculino,Chicago,Muy Alto,6,82.22,No,Sí,Vegetariano,Sí,Efectivo,14836,Vegetariano/Vegano,2.0,4.1,847.0,0.02648563557654467
4474874362,65,Masculino,Chicago,Alto,5,46.6,No,Sí,Otro,Sí,App,5991,Otro,191.0,4.39738219895288,3.094240837696335,7.250028200789622
2927916637,36,Femenino,Chicago,Medio,4,7.51,No,Sí,Vegetariano,No,Efectivo,2504,Vegetariano/Vegano,2.0,4.1,847.0,0.02648563557654467
6209402715,60,Femenino,Chicago,Medio,3,16.08,Sí,Sí,Pescado,No,Tarjeta,1773,Mariscos y pescado,21.0,4.409523809523809,59.142857142857146,0.37930756843800323
2921619376,28,Masculino,Chicago,Muy Alto,10,38.94,No,Sí,Carnes,Sí,App,15397,Carnes,32.0,4.3125,49.65625,0.45177260331445357
8742419441,38,Femenino,Chicago,Alto,6,15.68,Sí,Sí,Sin dato,Sí,Tarjeta,8359,Sin dato,,,,
9549825267,43,Masculino,Chicago,Muy Alto,10,90.81,No,No,Carnes,Sí,Efectivo,12626,Carnes,32.0,4.3125,49.65625,0.45177260331445357
5978019326,33,Masculino,Chicago,Muy Alto,10,64.6,No,Sí,Otro,Sí,App,10336,Otro,191.0,4.39738219895288,3.094240837696335,7.250028200789622
8381300140,62,Femenino,Chicago,Medio,2,10.83,Sí,Sí,Mariscos,No,Efectivo,3051,Mariscos y pescado,21.0,4.409523809523809,59.142857142857146,0.37930756843800323
8223494545,73,Femenino,Chicago,Alto,4,55.94,Sí,No,Pescado,Sí,App,5768,Mariscos y pescado,21.0,4.409523809523809,59.142857142857146,0.37930756843800323
8308594858,60,Femenino,Chicago,Alto,4,41.43,No,Sí,Carnes,Sí,Tarjeta,6222,Carnes,32.0,4.3125,49.65625,0.45177260331445357
3121795362,40,Femenino,Chicago,Alto,6,42.62,Sí,No,Vegetariano,No,Criptomoneda,6876,Vegetariano/Vegano,2.0,4.1,847.0,0.02648563557654467
8770219539,43,Femenino,Chicago,Medio,3,21.59,Sí,Sí,Carnes,No,Efectivo,2121,Carnes,32.0,4.3125,49.65625,0.45177260331445357
9681547145,69,Femenino,Chicago,Medio,4,10.31,No,Sí,Mariscos,No,App,2863,Mariscos y pescado,21.0,4.409523809523809,59.142857142857146,0.37930756843800323
2141199796,72,Femenino,Chicago,Medio,4,17.11,No,No,Vegetariano,No,Efectivo,3327,Vegetariano/Vegano,2.0,4.1,847.0,0.02648563557654467
9344227794,78,Masculino,Chicago,Bajo,1,9.18,Sí,No,Sin dato,No,Criptomoneda,1351,Sin dato,,,,
9596413132,77,Femenino,Chicago,Medio,4,25.12,Sí,No,Sin dato,No,Efectivo,2179,Sin dato,,,,
9224342659,69,Femenino,Chicago,Muy Alto,10,7.16,No,No,Sin dato,No,Efectivo,17942,Sin dato,,,,
9484947955,75,Masculino,Chicago,Medio,4,12.97,Sí,Sí,Carnes,No,Efectivo,1933,Carnes,32.0,4.3125,49.65625,0.45177260331445357
7170734485,34,Femenino,Chicago,Muy Alto,10,89.73,No,No,Vegetariano,Sí,Efectivo,15162,Vegetariano/Vegano,2.0,4.1,847.0,0.02648563557654467
4548783240,40,Femenino,Chicago,Muy Alto,10,85.65,Sí,Sí,Otro,Sí,Efectivo,16966,Otro,191.0,4.39738219895288,3.094240837696335,7.250028200789622
9956186344,76,Femenino,Chicago,Medio,2,12.4,Sí,No,Vegano,No,Efectivo,1989,Vegetariano/Vegano,2.0,4.1,847.0,0.02648563557654467
3469776005,24,Masculino,Chicago,Medio,5,14.76,Sí,Sí,Sin dato,No,Efectivo,1796,Sin dato,,,,
1004201248,42,Femenino,Chicago,Medio,2,15.73,Sí,No,Vegetariano,No,Tarjeta,2555,Vegetariano/Vegano,2.0,4.1,847.0,0.02648563557654467
1445869324,59,Femenino,Chicago,Medio,3,11.29,No,No,Carnes,No,Tarjeta,2575,Carnes,32.0,4.3125,49.65625,0.45177260331445357
7164716180,50,Masculino,Chicago,Bajo,0,0.0,Sí,No,Vegano,No,Tarjeta,1112,Vegetariano/Vegano,2.0,4.1,847.0,0.02648563557654467
2842895475,34,Femenino,Chicago,Medio,3,13.1,Sí,No,Pescado,No,Efectivo,2890,Mariscos y pescado,21.0,4.409523809523809,59.142857142857146,0.37930756843800323
9403497928,24,Masculino,Chicago,Muy Alto,10,19.38,No,Sí,Pescado,Sí,Efectivo,17350,Mariscos y pescado,21.0,4.409523809523809,59.142857142857146,0.37930756843800323
6034711569,22,Masculino,Chicago,Bajo,0,0.0,No,Sí,Vegetariano,No,Efectivo,842,Vegetariano/Vegano,2.0,4.1,847.0,0.02648563557654467
5384019983,31,Masculino,Chicago,Alto,6,23.06,Sí,Sí,Carnes,Sí,Efectivo,7398,Carnes,32.0,4.3125,49.65625,0.45177260331445357
3298437001,33,Femenino,Chicago,Medio,2,26.74,No,Sí,Carnes,No,App,3425,Carnes,32.0,4.3125,49.65625,0.45177260331445357
5432551150,39,Femenino,Chicago,Alto,5,24.96,Sí,No,Vegetariano,Sí,App,5661,Vegetariano/Vegano,2.0,4.1,847.0,0.02648563557654467
5301219154,45,Femenino,Chicago,Medio,2,6.87,Sí,No,Vegetariano,No,Tarjeta,3473,Vegetariano/Vegano,2.0,4.1,847.0,0.02648563557654467
4104889292,46,Masculino,Chicago,Medio,4,11.38,Sí,Sí,Carnes,No,App,1702,Carnes,32.0,4.3125,49.65625,0.45177260331445357
4179591386,40,Masculino,Chicago,Muy Alto,6,86.46,No,No,Mariscos,Sí,Efectivo,14969,Mariscos y pescado,21.0,4.409523809523809,59.142857142857146,0.37930756843800323
6457837137,51,Masculino,Chicago,Medio,2,20.39,No,Sí,Carnes,No,Tarjeta,1773,Carnes,32.0,4.3125,49.65625,0.45177260331445357
8078461848,48,Femenino,Chicago,Alto,4,35.31,No,Sí,Vegetariano,Sí,Efectivo,3619,Vegetariano/Vegano,2.0,4.1,847.0,0.02648563557654467
6795522649,67,Masculino,Chicago,Medio,2,19.44,No,Sí,Vegano,No,App,1708,Vegetariano/Vegano,2.0,4.1,847.0,0.02648563557654467
6740157764,64,Femenino,Chicago,Muy Alto,6,60.24,Sí,Sí,Vegetariano,Sí,App,12466,Vegetariano/Vegano,2.0,4.1,847.0,0.02648563557654467
1653465584,35,Masculino,Chicago,Alto,5,33.42,No,Sí,Carnes,Sí,Efectivo,3724,Carnes,32.0,4.3125,49.65625,0.45177260331445357
4794863712,43,Masculino,Chicago,Muy Alto,6,80.45,No,Sí,Sin dato,Sí,App,11017,Sin dato,,,,
1520128458,79,Masculino,Chicago,Bajo,2,6.92,No,No,Pescado,No,Efectivo,1455,Mariscos y pescado,21.0,4.409523809523809,59.142857142857146,0.37930756843800323
4199235874,49,Masculino,Chicago,Bajo,2,7.38,No,No,Otro,No,Efectivo,1070,Otro,191.0,4.39738219895288,3.094240837696335,7.250028200789622
7846526161,66,Femenino,Chicago,Alto,4,29.21,Sí,Sí,Carnes,Sí,Tarjeta,7726,Carnes,32.0,4.3125,49.65625,0.45177260331445357
9418286260,58,Femenino,Chicago,Bajo,1,7.89,Sí,Sí,Otro,No,Efectivo,1256,Otro,191.0,4.39738219895288,3.094240837696335,7.250028200789622
9241264772,39,Femenino,Chicago,Medio,3,22.99,No,Sí,Otro,No,App,3106,Otro,191.0,4.39738219895288,3.094240837696335,7.250028200789622
9411532909,34,Masculino,Chicago,Bajo,1,6.41,Sí,No,Carnes,No,Tarjeta,1027,Carnes,32.0,4.3125,49.65625,0.45177260331445357
8532305990,46,Femenino,Chicago,Bajo,1,5.75,No,No,Pescado,No,Tarjeta,1070,Mariscos y pescado,21.0,4.409523809523809,59.142857142857146,0.37930756843800323
1149977994,78,Masculino,Chicago,Alto,4,5.53,No,No,Carnes,No,App,3681,Carnes,32.0,4.3125,49.65625,0.45177260331445357
3897609939,28,Masculino,Chicago,Alto,5,47.01,Sí,Sí,Mariscos,Sí,App,8925,Mariscos y pescado,21.0,4.409523809523809,59.142857142857146,0.37930756843800323
5715536191,48,Masculino,Chicago,Muy Alto,8,67.8,No,No,Vegetariano,Sí,Efectivo,15081,Vegetariano/Vegano,2.0,4.1,847.0,0.02648563557654467
3306512614,50,Masculino,Chicago,Alto,5,50.23,Sí,Sí,Carnes,No,App,5037,Carnes,32.0,4.3125,49.65625,0.45177260331445357
5275153657,35,Femenino,Chicago,Medio,2,18.98,No,Sí,Mariscos,No,Efectivo,3284,Mariscos y pescado,21.0,4.409523809523809,59.142857142857146,0.37930756843800323
1554432010,46,Masculino,Chicago,Bajo,1,8.33,Sí,No,Carnes,No,App,1347,Carnes,32.0,4.3125,49.65625,0.45177260331445357
9884974993,76,Masculino,Chicago,Medio,4,7.28,Sí,Sí,Otro,No,App,2405,Otro,191.0,4.39738219895288,3.094240837696335,7.250028200789622
5015690897,40,Femenino,Chicago,Medio,5,16.8,No,No,Vegetariano,No,Tarjeta,2874,Vegetariano/Vegano,2.0,4.1,847.0,0.02648563557654467
1964427223,61,Femenino,Chicago,Medio,4,28.1,No,Sí,Vegetariano,Sí,Efectivo,2471,Vegetariano/Vegano,2.0,4.1,847.0,0.02648563557654467
8198053217,21,Masculino,Chicago,Alto,6,25.3,No,Sí,Vegetariano,Sí,Tarjeta,3578,Vegetariano/Vegano,2.0,4.1,847.0,0.02648563557654467
2474317353,63,Femenino,Chicago,Medio,4,14.62,Sí,No,Mariscos,No,Efectivo,3094,Mariscos y pescado,21.0,4.409523809523809,59.142857142857146,0.37930756843800323
3168410620,58,Masculino,Chicago,Muy Alto,7,53.09,No,No,Sin dato,Sí,App,9048,Sin dato,,,,
2119221231,30,Masculino,Chicago,Medio,4,27.58,No,Sí,Pescado,No,Efectivo,2509,Mariscos y pescado,21.0,4.409523809523809,59.142857142857146,0.37930756843800323
6635226028,68,Femenino,Chicago,Medio,3,8.37,Sí,No,Otro,No,Tarjeta,1983,Otro,191.0,4.39738219895288,3.094240837696335,7.250028200789622
8546667091,74,Femenino,Chicago,Muy Alto,7,92.59,No,No,Vegano,Sí,Tarjeta,12035,Vegetariano/Vegano,2.0,4.1,847.0,0.02648563557654467
5478854313,55,Masculino,Chicago,Muy Alto,7,68.14,No,Sí,Vegetariano,Sí,Tarjeta,9929,Vegetariano/Vegano,2.0,4.1,847.0,0.02648563557654467
7613875188,72,Femenino,Chicago,Bajo,3,9.84,Sí,Sí,Mariscos,No,App,1326,Mariscos y pescado,21.0,4.409523809523809,59.142857142857146,0.37930756843800323
4807102666,71,Masculino,Chicago,Bajo,1,5.77,Sí,No,Mariscos,No,Tarjeta,1462,Mariscos y pescado,21.0,4.409523809523809,59.142857142857146,0.37930756843800323
3059191922,62,Masculino,Chicago,Bajo,3,7.25,Sí,No,Carnes,No,Tarjeta,1300,Carnes,32.0,4.3125,49.65625,0.45177260331445357
3674682809,47,Femenino,Chicago,Bajo,3,8.1,No,No,Sin dato,No,Tarjeta,1347,Sin dato,,,,
5316097957,69,Femenino,Chicago,Medio,5,16.52,No,No,Carnes,No,Efectivo,2704,Carnes,32.0,4.3125,49.65625,0.45177260331445357
5559260840,47,Masculino,Chicago,Alto,4,57.95,No,No,Vegetariano,No,Tarjeta,8243,Vegetariano/Vegano,2.0,4.1,847.0,0.02648563557654467
5717062885,37,Masculino,Chicago,Bajo,2,8.31,No,Sí,Vegano,No,Efectivo,1454,Vegetariano/Vegano,2.0,4.1,847.0,0.02648563557654467
9930278372,56,Masculino,Chicago,Medio,3,6.04,No,No,Carnes,No,App,2809,Carnes,32.0,4.3125,49.65625,0.45177260331445357
1213446058,55,Masculino,Chicago,Bajo,2,9.92,No,No,Vegetariano,No,Efectivo,1034,Vegetariano/Vegano,2.0,4.1,847.0,0.02648563557654467
1768434922,48,Femenino,Chicago,Medio,5,24.52,No,Sí,Carnes,No,Efectivo,2958,Carnes,32.0,4.3125,49.65625,0.45177260331445357
2364919386,60,Masculino,Chicago,Bajo,3,6.91,No,Sí,Pescado,No,App,1063,Mariscos y pescado,21.0,4.409523809523809,59.142857142857146,0.37930756843800323
7063639965,29,Femenino,Chicago,Alto,4,27.28,Sí,Sí,Carnes,Sí,Criptomoneda,6058,Carnes,32.0,4.3125,49.65625,0.45177260331445357
8440807542,21,Masculino,Chicago,Medio,4,26.47,Sí,Sí,Carnes,No,Efectivo,1627,Carnes,32.0,4.3125,49.65625,0.45177260331445357
1888107487,59,Masculino,Chicago,Alto,4,38.6,Sí,Sí,Pescado,Sí,Tarjeta,7847,Mariscos y pescado,21.0,4.409523809523809,59.142857142857146,0.37930756843800323
4508331976,49,Masculino,Chicago,Medio,2,12.12,Sí,No,Otro,No,Efectivo,3302,Otro,191.0,4.39738219895288,3.094240837696335,7.250028200789622
9909257076,65,Femenino,Chicago,Bajo,2,9.43,No,Sí,Carnes,No,Tarjeta,891,Carnes,32.0,4.3125,49.65625,0.45177260331445357
6045729129,57,Masculino,Chicago,Medio,5,25.42,No,No,Vegano,No,Efectivo,2549,Vegetariano/Vegano,2.0,4.1,847.0,0.02648563557654467
1569113257,27,Masculino,Chicago,Medio,4,12.65,No,Sí,Carnes,No,Efectivo,2044,Carnes,32.0,4.3125,49.65625,0.45177260331445357
5534783423,39,Femenino,Chicago,Medio,5,10.53,No,No,Carnes,No,Tarjeta,2490,Carnes,32.0,4.3125,49.65625,0.45177260331445357
2295324021,78,Femenino,Chicago,Muy Alto,8,9.96,No,Sí,Vegano,Sí,Tarjeta,12622,Vegetariano/Vegano,2.0,4.1,847.0,0.02648563557654467
7553503798,32,Masculino,Chicago,Bajo,2,8.66,No,No,Pescado,No,Tarjeta,1163,Mariscos y pescado,21.0,4.409523809523809,59.142857142857146,0.37930756843800323
5372328262,74,Masculino,Chicago,Medio,3,25.92,No,No,Pescado,No,App,2329,Mariscos y pescado,21.0,4.409523809523809,59.142857142857146,0.37930756843800323
7362821001,76,Masculino,Chicago,Bajo,2,7.99,No,No,Otro,No,App,955,Otro,191.0,4.39738219895288,3.094240837696335,7.250028200789622
9222147573,49,Masculino,Chicago,Medio,5,6.77,No,No,Otro,No,App,2022,Otro,191.0,4.39738219895288,3.094240837696335,7.250028200789622
8170124233,49,Masculino,Chicago,Medio,5,12.2,Sí,No,Vegano,No,Efectivo,2693,Vegetariano/Vegano,2.0,4.1,847.0,0.02648563557654467
7512465222,70,Femenino,Chicago,Bajo,2,9.08,No,Sí,Vegetariano,No,Efectivo,1591,Vegetariano/Vegano,2.0,4.1,847.0,0.02648563557654467
8033048877,29,Masculino,Chicago,Medio,3,10.45,Sí,Sí,Carnes,No,Efectivo,1916,Carnes,32.0,4.3125,49.65625,0.45177260331445357
2420664143,44,Femenino,Chicago,Muy Alto,9,35.29,No,Sí,Carnes,Sí,App,9738,Carnes,32.0,4.3125,49.65625,0.45177260331445357
4349176289,30,Masculino,Chicago,Medio,3,16.09,No,Sí,Vegetariano,No,Tarjeta,2791,Vegetariano/Vegano,2.0,4.1,847.0,0.02648563557654467
1349323355,75,Femenino,Chicago,Medio,4,24.9,Sí,Sí,Sin dato,No,Efectivo,3050,Sin dato,,,,
2854663638,37,Femenino,Chicago,Alto,4,12.87,No,No,Carnes,No,Efectivo,5568,Carnes,32.0,4.3125,49.65625,0.45177260331445357
1757134730,42,Masculino,Chicago,Muy Alto,5,25.19,Sí,Sí,Vegetariano,Sí,Efectivo,16154,Vegetariano/Vegano,2.0,4.1,847.0,0.02648563557654467
2147313426,78,Masculino,Chicago,Alto,5,28.6,No,No,Carnes,Sí,App,7670,Carnes,32.0,4.3125,49.65625,0.45177260331445357
2010969067,64,Masculino,Chicago,Bajo,2,5.93,No,Sí,Mariscos,No,Tarjeta,884,Mariscos y pescado,21.0,4.409523809523809,59.142857142857146,0.37930756843800323
9462741141,61,Masculino,Chicago,Medio,3,13.97,No,No,Pescado,Sí,Tarjeta,1983,Mariscos y pescado,21.0,4.409523809523809,59.142857142857146,0.37930756843800323
8724319107,19,Femenino,Chicago,Muy Alto,6,98.89,Sí,Sí,Carnes,Sí,App,13851,Carnes,32.0,4.3125,49.65625,0.45177260331445357
7628842104,49,Masculino,Chicago,Alto,6,41.15,No,Sí,Vegetariano,Sí,Criptomoneda,4687,Vegetariano/Vegano,2.0,4.1,847.0,0.02648563557654467
5715903364,41,Femenino,Chicago,Alto,6,25.08,Sí,No,Carnes,Sí,Tarjeta,7508,Carnes,32.0,4.3125,49.65625,0.45177260331445357
4427233450,29,Masculino,Chicago,Medio,3,14.39,Sí,Sí,Carnes,No,Efectivo,3469,Carnes,32.0,4.3125,49.65625,0.45177260331445357
7825844140,75,Masculino,Chicago,Bajo,3,6.7,No,No,Carnes,No,Efectivo,848,Carnes,32.0,4.3125,49.65625,0.45177260331445357
1921601189,46,Masculino,Chicago,Medio,4,22.92,No,No,Pescado,No,Tarjeta,2779,Mariscos y pescado,21.0,4.409523809523809,59.142857142857146,0.37930756843800323
2928130926,30,Femenino,Chicago,Medio,4,24.99,Sí,Sí,Vegetariano,No,App,2716,Vegetariano/Vegano,2.0,4.1,847.0,0.02648563557654467
4425654347,53,Femenino,Chicago,Medio,3,18.42,No,No,Carnes,No,App,2013,Carnes,32.0,4.3125,49.65625,0.45177260331445357
1490869240,30,Femenino,Chicago,Alto,6,54.92,Sí,Sí,Carnes,Sí,App,3791,Carnes,32.0,4.3125,49.65625,0.45177260331445357
8775393156,76,Masculino,Chicago,Medio,4,19.91,Sí,Sí,Mariscos,No,Efectivo,2285,Mariscos y pescado,21.0,4.409523809523809,59.142857142857146,0.37930756843800323
3826817688,34,Masculino,Chicago,Alto,4,41.39,No,No,Mariscos,No,App,8887,Mariscos y pescado,21.0,4.409523809523809,59.142857142857146,0.37930756843800323
9993908985,32,Masculino,Chicago,Alto,6,29.43,Sí,Sí,Vegetariano,No,Tarjeta,5195,Vegetariano/Vegano,2.0,4.1,847.0,0.02648563557654467
9728196336,41,Femenino,Chicago,Bajo,1,5.67,Sí,No,Vegetariano,No,Tarjeta,871,Vegetariano/Vegano,2.0,4.1,847.0,0.02648563557654467
4384808313,33,Femenino,Chicago,Muy Alto,9,45.77,No,No,Vegetariano,No,Efectivo,9082,Vegetariano/Vegano,2.0,4.1,847.0,0.02648563557654467
7254736171,39,Masculino,Chicago,Medio,5,19.51,No,Sí,Carnes,No,Efectivo,1704,Carnes,32.0,4.3125,49.65625,0.45177260331445357
6133191879,30,Femenino,Chicago,Alto,5,47.17,No,Sí,Pescado,No,Efectivo,8335,Mariscos y pescado,21.0,4.409523809523809,59.142857142857146,0.37930756843800323
7035793540,64,Masculino,Chicago,Medio,5,7.81,Sí,Sí,Otro,No,Efectivo,3295,Otro,191.0,4.39738219895288,3.094240837696335,7.250028200789622
5755830635,47,Femenino,Chicago,Medio,4,8.93,No,No,Otro,Sí,Efectivo,3112,Otro,191.0,4.39738219895288,3.094240837696335,7.250028200789622
9454831510,20,Femenino,Chicago,Alto,4,17.03,No,Sí,Pescado,Sí,Tarjeta,6974,Mariscos y pescado,21.0,4.409523809523809,59.142857142857146,0.37930756843800323
6631565147,19,Masculino,Chicago,Medio,3,16.81,Sí,Sí,Vegetariano,No,Efectivo,2130,Vegetariano/Vegano,2.0,4.1,847.0,0.02648563557654467
1645334717,49,Femenino,Chicago,Medio,3,12.41,Sí,No,Otro,No,Efectivo,2461,Otro,191.0,4.39738219895288,3.094240837696335,7.250028200789622
5611808298,20,Femenino,Chicago,Alto,5,44.8,Sí,No,Otro,Sí,App,6560,Otro,191.0,4.39738219895288,3.094240837696335,7.250028200789622
5163340914,58,Femenino,Chicago,Bajo,2,9.75,Sí,Sí,Carnes,No,Tarjeta,1437,Carnes,32.0,4.3125,49.65625,0.45177260331445357
5976159420,51,Femenino,Chicago,Medio,5,6.14,No,Sí,Carnes,Sí,Efectivo,3414,Carnes,32.0,4.3125,49.65625,0.45177260331445357
9558139653,58,Masculino,Chicago,Muy Alto,10,9.4,Sí,Sí,Carnes,Sí,Tarjeta,12398,Carnes,32.0,4.3125,49.65625,0.45177260331445357
2713607474,59,Femenino,Chicago,Medio,5,24.38,Sí,No,Vegetariano,Sí,Efectivo,2072,Vegetariano/Vegano,2.0,4.1,847.0,0.02648563557654467
8318854626,38,Masculino,Chicago,Alto,5,41.9,Sí,No,Otro,Sí,Tarjeta,6079,Otro,191.0,4.39738219895288,3.094240837696335,7.250028200789622
9178126050,40,Masculino,Chicago,Medio,4,27.27,No,Sí,Carnes,No,Efectivo,2928,Carnes,32.0,4.3125,49.65625,0.45177260331445357
4889225847,61,Masculino,Chicago,Bajo,3,9.72,Sí,No,Otro,No,Tarjeta,1199,Otro,191.0,4.39738219895288,3.094240837696335,7.250028200789622
7193435472,33,Masculino,Chicago,Alto,6,21.83,No,Sí,Carnes,No,Efectivo,4246,Carnes,32.0,4.3125,49.65625,0.45177260331445357
4664535965,28,Femenino,Chicago,Alto,5,27.25,No,Sí,Carnes,Sí,Efectivo,8726,Carnes,32.0,4.3125,49.65625,0.45177260331445357
3030272262,18,Femenino,Chicago,Medio,4,7.83,Sí,No,Carnes,No,Efectivo,2655,Carnes,32.0,4.3125,49.65625,0.45177260331445357
2289506253,40,Femenino,Chicago,Alto,6,35.65,Sí,No,Carnes,Sí,App,8722,Carnes,32.0,4.3125,49.65625,0.45177260331445357
9316052666,23,Masculino,Chicago,Medio,4,11.1,Sí,No,Mariscos,No,Tarjeta,2857,Mariscos y pescado,21.0,4.409523809523809,59.142857142857146,0.37930756843800323
1129417508,21,Femenino,Chicago,Medio,2,21.28,Sí,Sí,Pescado,No,Tarjeta,2396,Mariscos y pescado,21.0,4.409523809523809,59.142857142857146,0.37930756843800323
8434652044,29,Femenino,Chicago,Medio,4,24.99,No,Sí,Vegano,No,App,2220,Vegetariano/Vegano,2.0,4.1,847.0,0.02648563557654467
8155034104,69,Femenino,Chicago,Alto,5,32.955,No,Sí,Carnes,No,Tarjeta,6609,Carnes,32.0,4.3125,49.65625,0.45177260331445357
3029732809,61,Masculino,Chicago,Medio,3,16.8,No,No,Vegetariano,No,Tarjeta,3479,Vegetariano/Vegano,2.0,4.1,847.0,0.02648563557654467
5348943115,61,Masculino,Chicago,Medio,5,15.94,Sí,Sí,Vegetariano,No,Efectivo,3480,Vegetariano/Vegano,2.0,4.1,847.0,0.02648563557654467
4150014571,62,Femenino,Chicago,Medio,3,28.83,Sí,No,Carnes,No,Efectivo,1646,Carnes,32.0,4.3125,49.65625,0.45177260331445357
5763149233,31,Masculino,Chicago,Muy Alto,8,55.58,No,No,Vegano,No,Efectivo,10523,Vegetariano/Vegano,2.0,4.1,847.0,0.02648563557654467
6099808894,76,Masculino,Chicago,Alto,4,41.09,No,Sí,Pescado,Sí,Tarjeta,6677,Mariscos y pescado,21.0,4.409523809523809,59.142857142857146,0.37930756843800323
3864842755,43,Masculino,Chicago,Medio,3,14.09,No,No,Otro,No,Tarjeta,2531,Otro,191.0,4.39738219895288,3.094240837696335,7.250028200789622
9895547907,37,Femenino,Chicago,Medio,5,6.79,No,No,Vegetariano,No,Efectivo,2357,Vegetariano/Vegano,2.0,4.1,847.0,0.02648563557654467
1230028463,72,Masculino,Chicago,Medio,3,24.1,Sí,Sí,Otro,No,Tarjeta,2227,Otro,191.0,4.39738219895288,3.094240837696335,7.250028200789622
9639052986,24,Femenino,Chicago,Bajo,1,7.29,No,Sí,Carnes,No,Efectivo,1255,Carnes,32.0,4.3125,49.65625,0.45177260331445357
8160659653,79,Femenino,Chicago,Medio,3,26.03,Sí,Sí,Vegetariano,No,App,1797,Vegetariano/Vegano,2.0,4.1,847.0,0.02648563557654467
4153621667,57,Masculino,Chicago,Bajo,1,8.1,Sí,Sí,Otro,No,Tarjeta,1236,Otro,191.0,4.39738219895288,3.094240837696335,7.250028200789622
8547814381,21,Femenino,Chicago,Medio,4,29.34,No,Sí,Vegano,No,Tarjeta,3380,Vegetariano/Vegano,2.0,4.1,847.0,0.02648563557654467
6958002434,48,Masculino,Chicago,Alto,4,8.19,Sí,Sí,Carnes,Sí,App,5226,Carnes,32.0,4.3125,49.65625,0.45177260331445357
4406345733,46,Masculino,Chicago,Alto,6,56.19,No,Sí,Sin dato,Sí,Tarjeta,4788,Sin dato,,,,
8581299821,58,Masculino,Chicago,Alto,4,57.89,No,Sí,Vegetariano,No,Efectivo,5526,Vegetariano/Vegano,2.0,4.1,847.0,0.02648563557654467
5331629733,67,Femenino,Chicago,Bajo,1,8.59,No,Sí,Pescado,No,Efectivo,889,Mariscos y pescado,21.0,4.409523809523809,59.142857142857146,0.37930756843800323
5794255332,55,Femenino,Chicago,Medio,2,27.29,No,Sí,Vegetariano,Sí,Tarjeta,3076,Vegetariano/Vegano,2.0,4.1,847.0,0.02648563557654467
7933367504,51,Masculino,Chicago,Medio,4,10.0,Sí,No,Mariscos,No,App,2555,Mariscos y pescado,21.0,4.409523809523809,59.142857142857146,0.37930756843800323
4278087956,26,Masculino,Chicago,Medio,5,9.74,No,No,Pescado,Sí,Efectivo,3370,Mariscos y pescado,21.0,4.409523809523809,59.142857142857146,0.37930756843800323
7848867041,27,Femenino,Chicago,Muy Alto,10,94.83,Sí,Sí,Carnes,Sí,Tarjeta,14002,Carnes,32.0,4.3125,49.65625,0.45177260331445357
3584119955,19,Masculino,Chicago,Bajo,3,7.95,No,Sí,Carnes,No,Tarjeta,1151,Carnes,32.0,4.3125,49.65625,0.45177260331445357
7488222699,53,Femenino,Chicago,Bajo,2,8.08,No,No,Vegetariano,No,Efectivo,1305,Vegetariano/Vegano,2.0,4.1,847.0,0.02648563557654467
9755172847,37,Masculino,Chicago,Bajo,3,9.02,Sí,Sí,Otro,No,Tarjeta,1396,Otro,191.0,4.39738219895288,3.094240837696335,7.250028200789622
9498647935,59,Masculino,Chicago,Bajo,2,7.18,No,Sí,Carnes,No,Efectivo,1295,Carnes,32.0,4.3125,49.65625,0.45177260331445357
6678404185,39,Femenino,Chicago,Medio,3,13.94,No,No,Vegano,No,Efectivo,1663,Vegetariano/Vegano,2.0,4.1,847.0,0.02648563557654467
3659157927,64,Femenino,Chicago,Alto,5,53.63,Sí,Sí,Carnes,Sí,Tarjeta,4447,Carnes,32.0,4.3125,49.65625,0.45177260331445357
2105718202,39,Femenino,Chicago,Alto,6,32.955,Sí,No,Vegano,Sí,Tarjeta,7646,Vegetariano/Vegano,2.0,4.1,847.0,0.02648563557654467
5952894290,60,Masculino,Chicago,Bajo,0,0.0,No,Sí,Carnes,No,Efectivo,881,Carnes,32.0,4.3125,49.65625,0.45177260331445357
1056031147,26,Masculino,Chicago,Alto,4,46.81,Sí,Sí,Carnes,Sí,Efectivo,8458,Carnes,32.0,4.3125,49.65625,0.45177260331445357
9518504093,76,Masculino,Chicago,Muy Alto,6,80.58,Sí,Sí,Pescado,Sí,Efectivo,15586,Mariscos y pescado,21.0,4.409523809523809,59.142857142857146,0.37930756843800323
7344181536,64,Femenino,Chicago,Alto,6,6.85,No,No,Pescado,Sí,App,7155,Mariscos y pescado,21.0,4.409523809523809,59.142857142857146,0.37930756843800323
5412340714,51,Femenino,Chicago,Medio,3,6.23,Sí,Sí,Mariscos,No,App,3348,Mariscos y pescado,21.0,4.409523809523809,59.142857142857146,0.37930756843800323
1776063298,73,Masculino,Chicago,Alto,5,33.34,No,No,Carnes,Sí,App,7922,Carnes,32.0,4.3125,49.65625,0.45177260331445357
5240626367,57,Femenino,Chicago,Alto,6,54.14,No,Sí,Vegetariano,Sí,Tarjeta,5668,Vegetariano/Vegano,2.0,4.1,847.0,0.02648563557654467
3355504998,37,Femenino,Chicago,Bajo,0,0.0,Sí,No,Vegetariano,No,App,850,Vegetariano/Vegano,2.0,4.1,847.0,0.02648563557654467
1406186139,23,Masculino,Chicago,Medio,5,19.44,No,Sí,Vegetariano,No,Efectivo,2810,Vegetariano/Vegano,2.0,4.1,847.0,0.02648563557654467
7516299763,52,Femenino,Chicago,Medio,3,19.64,Sí,Sí,Otro,No,App,2709,Otro,191.0,4.39738219895288,3.094240837696335,7.250028200789622
7859670746,77,Femenino,Chicago,Bajo,2,8.32,No,No,Otro,No,App,1148,Otro,191.0,4.39738219895288,3.094240837696335,7.250028200789622
5113495206,77,Femenino,Chicago,Alto,5,30.51,No,No,Vegano,Sí,App,8283,Vegetariano/Vegano,2.0,4.1,847.0,0.02648563557654467
4730625955,53,Masculino,Chicago,Muy Alto,5,17.34,No,No,Vegetariano,Sí,App,9492,Vegetariano/Vegano,2.0,4.1,847.0,0.02648563557654467
8001112710,29,Masculino,Chicago,Bajo,1,9.18,No,Sí,Sin dato,No,Efectivo,993,Sin dato,,,,
8744363576,59,Femenino,Chicago,Medio,4,25.77,Sí,Sí,Pescado,No,Tarjeta,3126,Mariscos y pescado,21.0,4.409523809523809,59.142857142857146,0.37930756843800323
1770075995,59,Femenino,Chicago,Medio,3,6.41,No,Sí,Mariscos,No,Efectivo,2578,Mariscos y pescado,21.0,4.409523809523809,59.142857142857146,0.37930756843800323
5783867008,62,Masculino,Chicago,Alto,6,33.76,No,Sí,Carnes,Sí,App,3608,Carnes,32.0,4.3125,49.65625,0.45177260331445357
9982507130,44,Femenino,Chicago,Alto,5,31.04,No,Sí,Carnes,Sí,Tarjeta,8142,Carnes,32.0,4.3125,49.65625,0.45177260331445357
9972387275,78,Masculino,Chicago,Muy Alto,9,77.26,Sí,Sí,Pescado,Sí,Efectivo,10371,Mariscos y pescado,21.0,4.409523809523809,59.142857142857146,0.37930756843800323
2574122906,48,Masculino,Chicago,Bajo,1,5.83,Sí,Sí,Mariscos,No,Efectivo,1351,Mariscos y pescado,21.0,4.409523809523809,59.142857142857146,0.37930756843800323
8561653275,75,Masculino,Chicago,Bajo,3,9.94,Sí,Sí,Otro,No,Tarjeta,903,Otro,191.0,4.39738219895288,3.094240837696335,7.250028200789622
4104309491,43,Masculino,Chicago,Alto,6,40.0,Sí,No,Vegetariano,Sí,Tarjeta,8220,Vegetariano/Vegano,2.0,4.1,847.0,0.02648563557654467
1266191931,19,Femenino,Chicago,Medio,5,11.82,Sí,Sí,Vegetariano,No,Tarjeta,1875,Vegetariano/Vegano,2.0,4.1,847.0,0.02648563557654467
3101463976,37,Masculino,Chicago,Alto,6,28.6,No,No,Otro,Sí,App,5675,Otro,191.0,4.39738219895288,3.094240837696335,7.250028200789622
4225481850,61,Masculino,Chicago,Bajo,3,9.84,No,No,Vegano,No,Efectivo,949,Vegetariano/Vegano,2.0,4.1,847.0,0.02648563557654467
3456222412,30,Masculino,Chicago,Alto,5,49.26,No,Sí,Vegano,No,Tarjeta,6887,Vegetariano/Vegano,2.0,4.1,847.0,0.02648563557654467
6779444252,20,Femenino,Chicago,Medio,5,21.12,No,Sí,Vegetariano,No,Efectivo,2195,Vegetariano/Vegano,2.0,4.1,847.0,0.02648563557654467
5453594082,28,Femenino,Chicago,Muy Alto,8,19.29,No,Sí,Otro,Sí,Tarjeta,15302,Otro,191.0,4.39738219895288,3.094240837696335,7.250028200789622
8123644392,60,Masculino,Chicago,Medio,4,8.66,Sí,No,Vegetariano,No,App,1866,Vegetariano/Vegano,2.0,4.1,847.0,0.02648563557654467
1036608063,80,Femenino,Chicago,Bajo,3,7.55,No,Sí,Mariscos,No,Efectivo,1120,Mariscos y pescado,21.0,4.409523809523809,59.142857142857146,0.37930756843800323
7880008420,78,Masculino,Chicago,Alto,4,12.92,No,No,Carnes,Sí,Efectivo,7438,Carnes,32.0,4.3125,49.65625,0.45177260331445357
1907403002,77,Femenino,Chicago,Medio,2,18.77,Sí,No,Vegetariano,No,Tarjeta,2258,Vegetariano/Vegano,2.0,4.1,847.0,0.02648563557654467
8501043530,30,Femenino,Chicago,Alto,5,21.95,No,Sí,Otro,Sí,Tarjeta,8891,Otro,191.0,4.39738219895288,3.094240837696335,7.250028200789622
8001468162,46,Masculino,Chicago,Alto,5,47.56,No,No,Vegano,No,Tarjeta,8719,Vegetariano/Vegano,2.0,4.1,847.0,0.02648563557654467
6771780593,46,Masculino,Chicago,Muy Alto,8,70.71,Sí,No,Vegano,Sí,Tarjeta,16957,Vegetariano/Vegano,2.0,4.1,847.0,0.02648563557654467
7568788980,44,Femenino,Chicago,Alto,6,41.46,No,No,Carnes,No,App,8587,Carnes,32.0,4.3125,49.65625,0.45177260331445357
8049913202,58,Femenino,Chicago,Medio,4,26.18,No,Sí,Vegetariano,No,Tarjeta,2064,Vegetariano/Vegano,2.0,4.1,847.0,0.02648563557654467
7730823799,29,Femenino,Chicago,Muy Alto,5,40.61,No,Sí,Otro,Sí,Tarjeta,16721,Otro,191.0,4.39738219895288,3.094240837696335,7.250028200789622
9814505869,39,Femenino,Chicago,Bajo,0,0.0,Sí,No,Otro,No,Tarjeta,900,Otro,191.0,4.39738219895288,3.094240837696335,7.250028200789622
8275338348,30,Masculino,Chicago,Alto,6,23.95,No,Sí,Otro,Sí,Tarjeta,6324,Otro,191.0,4.39738219895288,3.094240837696335,7.250028200789622
9774158209,47,Masculino,Chicago,Muy Alto,7,54.78,No,No,Vegetariano,Sí,Efectivo,16787,Vegetariano/Vegano,2.0,4.1,847.0,0.02648563557654467
4793830046,75,Masculino,Chicago,Medio,4,7.29,No,Sí,Vegano,Sí,Efectivo,2533,Vegetariano/Vegano,2.0,4.1,847.0,0.02648563557654467
3035963541,61,Masculino,Chicago,Muy Alto,6,73.09,Sí,Sí,Carnes,Sí,Tarjeta,9258,Carnes,32.0,4.3125,49.65625,0.45177260331445357
3046169433,60,Femenino,Chicago,Medio,2,18.45,Sí,Sí,Carnes,No,App,2136,Carnes,32.0,4.3125,49.65625,0.45177260331445357
8010755785,33,Femenino,Chicago,Medio,3,9.39,No,No,Carnes,No,Tarjeta,2408,Carnes,32.0,4.3125,49.65625,0.45177260331445357
5919418601,54,Masculino,Chicago,Alto,6,44.76,No,No,Sin dato,Sí,Tarjeta,7979,Sin dato,,,,
6831310262,25,Masculino,Chicago,Alto,5,50.13,Sí,Sí,Vegetariano,No,Tarjeta,4697,Vegetariano/Vegano,2.0,4.1,847.0,0.02648563557654467
9084863137,19,Femenino,Chicago,Bajo,0,0.0,Sí,Sí,Vegetariano,No,Tarjeta,935,Vegetariano/Vegano,2.0,4.1,847.0,0.02648563557654467
1243981785,56,Masculino,Chicago,Bajo,3,6.34,Sí,No,Vegetariano,No,Tarjeta,1466,Vegetariano/Vegano,2.0,4.1,847.0,0.02648563557654467
8486280818,44,Masculino,Chicago,Bajo,0,0.0,Sí,Sí,Otro,No,Efectivo,1189,Otro,191.0,4.39738219895288,3.094240837696335,7.250028200789622
3555377116,47,Femenino,Chicago,Muy Alto,7,6.12,No,No,Sin dato,Sí,Tarjeta,14695,Sin dato,,,,
9460641311,41,Masculino,Chicago,Medio,3,10.11,Sí,Sí,Vegetariano,No,Efectivo,2086,Vegetariano/Vegano,2.0,4.1,847.0,0.02648563557654467
5432619159,53,Femenino,Chicago,Medio,5,22.04,No,No,Carnes,No,Tarjeta,3342,Carnes,32.0,4.3125,49.65625,0.45177260331445357
1810155200,75,Masculino,Chicago,Alto,6,12.07,Sí,Sí,Carnes,Sí,Tarjeta,4610,Carnes,32.0,4.3125,49.65625,0.45177260331445357
1363534919,44,Femenino,Chicago,Medio,3,18.5,Sí,Sí,Vegetariano,No,Tarjeta,3246,Vegetariano/Vegano,2.0,4.1,847.0,0.02648563557654467
1651365532,64,Femenino,Chicago,Alto,5,17.95,No,No,Vegetariano,No,Efectivo,8267,Vegetariano/Vegano,2.0,4.1,847.0,0.02648563557654467
3962326900,58,Femenino,Chicago,Bajo,3,9.92,No,Sí,Vegano,No,Efectivo,936,Vegetariano/Vegano,2.0,4.1,847.0,0.02648563557654467
7139290141,47,Femenino,Chicago,Muy Alto,7,65.75,Sí,Sí,Vegetariano,Sí,Tarjeta,11151,Vegetariano/Vegano,2.0,4.1,847.0,0.02648563557654467
9915126724,67,Femenino,Chicago,Medio,2,18.25,No,Sí,Carnes,No,Tarjeta,3069,Carnes,32.0,4.3125,49.65625,0.45177260331445357
5436564595,55,Femenino,Chicago,Alto,4,52.35,No,No,Carnes,Sí,App,8073,Carnes,32.0,4.3125,49.65625,0.45177260331445357
2158638062,80,Femenino,Chicago,Medio,5,9.84,Sí,Sí,Pescado,No,Tarjeta,2041,Mariscos y pescado,21.0,4.409523809523809,59.142857142857146,0.37930756843800323
2748557237,64,Femenino,Chicago,Muy Alto,5,45.23,Sí,Sí,Vegetariano,Sí,Efectivo,12009,Vegetariano/Vegano,2.0,4.1,847.0,0.02648563557654467
7455906622,70,Femenino,Chicago,Bajo,3,6.26,Sí,Sí,Mariscos,No,Efectivo,1327,Mariscos y pescado,21.0,4.409523809523809,59.142857142857146,0.37930756843800323
6287819589,50,Femenino,Chicago,Bajo,1,8.93,No,No,Carnes,No,Efectivo,1258,Carnes,32.0,4.3125,49.65625,0.45177260331445357
3601954488,80,Femenino,Chicago,Alto,4,40.84,No,Sí,Carnes,Sí,Tarjeta,5789,Carnes,32.0,4.3125,49.65625,0.45177260331445357
6204862411,35,Masculino,Chicago,Bajo,2,9.28,No,Sí,Otro,No,Tarjeta,878,Otro,191.0,4.39738219895288,3.094240837696335,7.250028200789622
7350873780,39,Femenino,Chicago,Muy Alto,10,55.63,No,No,Vegano,Sí,Tarjeta,15510,Vegetariano/Vegano,2.0,4.1,847.0,0.02648563557654467
5994792212,38,Masculino,Chicago,Bajo,3,5.18,No,No,Otro,No,Efectivo,1129,Otro,191.0,4.39738219895288,3.094240837696335,7.250028200789622
6442888627,78,Femenino,Chicago,Alto,5,8.42,No,Sí,Otro,No,Efectivo,4421,Otro,191.0,4.39738219895288,3.094240837696335,7.250028200789622
4240148226,24,Femenino,Chicago,Bajo,1,9.74,Sí,Sí,Vegetariano,No,Efectivo,1321,Vegetariano/Vegano,2.0,4.1,847.0,0.02648563557654467
6822269001,36,Masculino,Chicago,Medio,4,15.77,Sí,Sí,Mariscos,No,Tarjeta,2196,Mariscos y pescado,21.0,4.409523809523809,59.142857142857146,0.37930756843800323
8394040015,65,Masculino,Chicago,Medio,5,19.81,No,Sí,Vegetariano,No,App,2290,Vegetariano/Vegano,2.0,4.1,847.0,0.02648563557654467
9472060093,44,Masculino,Chicago,Medio,5,15.52,No,No,Pescado,No,Efectivo,1899,Mariscos y pescado,21.0,4.409523809523809,59.142857142857146,0.37930756843800323
2156067809,78,Masculino,Chicago,Bajo,0,0.0,Sí,No,Carnes,No,App,994,Carnes,32.0,4.3125,49.65625,0.45177260331445357
2921716408,45,Femenino,Chicago,Medio,4,14.02,No,No,Vegetariano,No,Efectivo,1723,Vegetariano/Vegano,2.0,4.1,847.0,0.02648563557654467
4897826540,43,Femenino,Chicago,Medio,3,19.2,Sí,No,Carnes,No,App,1714,Carnes,32.0,4.3125,49.65625,0.45177260331445357
9366352575,51,Masculino,Chicago,Muy Alto,9,102.55,Sí,No,Pescado,Sí,Efectivo,11452,Mariscos y pescado,21.0,4.409523809523809,59.142857142857146,0.37930756843800323
9563508610,43,Femenino,Chicago,Medio,3,20.05,No,No,Mariscos,No,App,2411,Mariscos y pescado,21.0,4.409523809523809,59.142857142857146,0.37930756843800323
1817804383,37,Masculino,Chicago,Bajo,0,0.0,Sí,No,Carnes,No,Efectivo,1481,Carnes,32.0,4.3125,49.65625,0.45177260331445357
9173145946,56,Masculino,Chicago,Alto,6,31.39,No,No,Pescado,No,Tarjeta,4945,Mariscos y pescado,21.0,4.409523809523809,59.142857142857146,0.37930756843800323
5577485214,55,Femenino,Chicago,Medio,4,20.13,Sí,Sí,Carnes,No,Tarjeta,2108,Carnes,32.0,4.3125,49.65625,0.45177260331445357
2590408851,49,Femenino,Chicago,Muy Alto,7,82.7,Sí,Sí,Carnes,Sí,Tarjeta,15253,Carnes,32.0,4.3125,49.65625,0.45177260331445357
2601297604,56,Masculino,Chicago,Alto,5,34.91,No,Sí,Carnes,Sí,Tarjeta,4042,Carnes,32.0,4.3125,49.65625,0.45177260331445357
5814645976,25,Masculino,Chicago,Muy Alto,6,39.18,Sí,Sí,Pescado,Sí,Tarjeta,16818,Mariscos y pescado,21.0,4.409523809523809,59.142857142857146,0.37930756843800323
6192036449,20,Masculino,Chicago,Bajo,2,9.25,No,Sí,Carnes,No,Efectivo,898,Carnes,32.0,4.3125,49.65625,0.45177260331445357
3519243506,22,Masculino,Chicago,Bajo,3,9.79,No,Sí,Carnes,No,Tarjeta,1424,Carnes,32.0,4.3125,49.65625,0.45177260331445357
4250698831,76,Femenino,Chicago,Alto,4,44.39,Sí,No,Mariscos,No,Tarjeta,7448,Mariscos y pescado,21.0,4.409523809523809,59.142857142857146,0.37930756843800323
9042971865,28,Femenino,Chicago,Medio,3,9.82,No,Sí,Otro,No,Efectivo,2941,Otro,191.0,4.39738219895288,3.094240837696335,7.250028200789622
6807760811,43,Masculino,Chicago,Alto,4,38.43,No,No,Mariscos,Sí,App,7299,Mariscos y pescado,21.0,4.409523809523809,59.142857142857146,0.37930756843800323
2878427679,21,Masculino,Chicago,Alto,5,34.31,Sí,Sí,Vegetariano,Sí,App,5913,Vegetariano/Vegano,2.0,4.1,847.0,0.02648563557654467
2884035554,54,Femenino,Chicago,Alto,5,5.11,No,No,Carnes,No,Efectivo,3938,Carnes,32.0,4.3125,49.65625,0.45177260331445357
6151688714,44,Femenino,Chicago,Medio,2,11.7,Sí,No,Vegetariano,No,Tarjeta,3359,Vegetariano/Vegano,2.0,4.1,847.0,0.02648563557654467
5949948022,62,Masculino,Chicago,Alto,4,12.74,No,Sí,Vegetariano,Sí,App,3505,Vegetariano/Vegano,2.0,4.1,847.0,0.02648563557654467
7432599794,26,Femenino,Chicago,Medio,5,7.73,No,Sí,Carnes,No,App,3441,Carnes,32.0,4.3125,49.65625,0.45177260331445357
7248205931,77,Femenino,Chicago,Medio,5,17.74,Sí,Sí,Vegetariano,No,Efectivo,1933,Vegetariano/Vegano,2.0,4.1,847.0,0.02648563557654467
4059249271,70,Femenino,Chicago,Alto,6,52.51,No,Sí,Vegetariano,Sí,Tarjeta,5630,Vegetariano/Vegano,2.0,4.1,847.0,0.02648563557654467
8557322555,34,Masculino,Chicago,Medio,3,27.11,Sí,Sí,Otro,No,Efectivo,2041,Otro,191.0,4.39738219895288,3.094240837696335,7.250028200789622
4491096011,61,Femenino,Chicago,Medio,5,23.44,No,Sí,Vegetariano,No,Tarjeta,2553,Vegetariano/Vegano,2.0,4.1,847.0,0.02648563557654467
9552066631,80,Masculino,Chicago,Bajo,0,0.0,Sí,No,Pescado,No,Tarjeta,1402,Mariscos y pescado,21.0,4.409523809523809,59.142857142857146,0.37930756843800323
9714938728,65,Femenino,Chicago,Muy Alto,5,26.18,No,No,Carnes,Sí,Tarjeta,11414,Carnes,32.0,4.3125,49.65625,0.45177260331445357
8962275549,44,Femenino,Chicago,Bajo,1,5.61,Sí,Sí,Vegetariano,No,Efectivo,1020,Vegetariano/Vegano,2.0,4.1,847.0,0.02648563557654467
8200221515,76,Masculino,Chicago,Alto,4,48.42,No,No,Carnes,Sí,Tarjeta,4536,Carnes,32.0,4.3125,49.65625,0.45177260331445357
1754368373,19,Masculino,Chicago,Alto,4,20.96,Sí,Sí,Sin dato,Sí,Tarjeta,7883,Sin dato,,,,
8763140509,80,Femenino,Chicago,Alto,4,40.39,Sí,No,Carnes,Sí,App,6314,Carnes,32.0,4.3125,49.65625,0.45177260331445357
4500620658,65,Masculino,Chicago,Alto,6,46.88,No,Sí,Mariscos,Sí,Tarjeta,6118,Mariscos y pescado,21.0,4.409523809523809,59.142857142857146,0.37930756843800323
3028976016,51,Masculino,Chicago,Muy Alto,8,94.0,No,Sí,Carnes,Sí,Efectivo,17691,Carnes,32.0,4.3125,49.65625,0.45177260331445357
7371036644,33,Femenino,Chicago,Muy Alto,9,37.11,Sí,No,Vegano,Sí,App,9075,Vegetariano/Vegano,2.0,4.1,847.0,0.02648563557654467
1426194630,79,Femenino,Chicago,Bajo,1,7.57,No,Sí,Carnes,No,Tarjeta,853,Carnes,32.0,4.3125,49.65625,0.45177260331445357
2982082161,19,Femenino,Chicago,Alto,4,5.61,Sí,Sí,Pescado,Sí,Efectivo,7658,Mariscos y pescado,21.0,4.409523809523809,59.142857142857146,0.37930756843800323
8944237914,30,Femenino,Chicago,Alto,4,47.15,No,Sí,Mariscos,Sí,Tarjeta,6380,Mariscos y pescado,21.0,4.409523809523809,59.142857142857146,0.37930756843800323
3090995743,64,Femenino,Chicago,Muy Alto,5,64.55,Sí,Sí,Vegano,Sí,App,12642,Vegetariano/Vegano,2.0,4.1,847.0,0.02648563557654467
4615129784,56,Femenino,Chicago,Medio,2,16.79,Sí,Sí,Carnes,No,App,2037,Carnes,32.0,4.3125,49.65625,0.45177260331445357
9627481869,54,Femenino,Chicago,Medio,4,5.86,No,No,Carnes,No,App,2418,Carnes,32.0,4.3125,49.65625,0.45177260331445357
7674424501,48,Masculino,Chicago,Medio,3,27.63,Sí,Sí,Carnes,No,Efectivo,3133,Carnes,32.0,4.3125,49.65625,0.45177260331445357
4293474442,60,Masculino,Chicago,Alto,4,36.81,No,No,Mariscos,Sí,Tarjeta,7323,Mariscos y pescado,21.0,4.409523809523809,59.142857142857146,0.37930756843800323
8445108027,19,Masculino,Chicago,Bajo,3,7.55,No,Sí,Carnes,No,App,1145,Carnes,32.0,4.3125,49.65625,0.45177260331445357
4170874367,69,Masculino,Chicago,Medio,4,22.94,Sí,Sí,Carnes,No,App,2081,Carnes,32.0,4.3125,49.65625,0.45177260331445357
8804262046,60,Masculino,Chicago,Medio,2,6.66,Sí,Sí,Vegano,No,App,2032,Vegetariano/Vegano,2.0,4.1,847.0,0.02648563557654467
4080785875,62,Masculino,Chicago,Alto,4,39.18,No,Sí,Carnes,Sí,Efectivo,3635,Carnes,32.0,4.3125,49.65625,0.45177260331445357
8468373279,67,Masculino,Chicago,Bajo,2,8.27,No,Sí,Carnes,No,Tarjeta,1586,Carnes,32.0,4.3125,49.65625,0.45177260331445357
6723965714,36,Masculino,Chicago,Bajo,2,5.01,No,No,Carnes,No,Efectivo,1159,Carnes,32.0,4.3125,49.65625,0.45177260331445357
9368508491,33,Femenino,Chicago,Alto,5,20.13,Sí,Sí,Vegano,Sí,Criptomoneda,5055,Vegetariano/Vegano,2.0,4.1,847.0,0.02648563557654467
3671352868,34,Masculino,Chicago,Medio,2,15.85,Sí,No,Pescado,No,Efectivo,2350,Mariscos y pescado,21.0,4.409523809523809,59.142857142857146,0.37930756843800323
4264490376,36,Femenino,Chicago,Bajo,2,5.14,Sí,Sí,Mariscos,No,App,1429,Mariscos y pescado,21.0,4.409523809523809,59.142857142857146,0.37930756843800323
3287663925,20,Masculino,Chicago,Medio,3,11.17,Sí,Sí,Vegano,No,Efectivo,2194,Vegetariano/Vegano,2.0,4.1,847.0,0.02648563557654467
3367385291,41,Masculino,Chicago,Alto,6,24.53,Sí,No,Otro,No,Efectivo,8924,Otro,191.0,4.39738219895288,3.094240837696335,7.250028200789622
7770939851,53,Femenino,Chicago,Alto,5,58.26,No,No,Carnes,Sí,Efectivo,7295,Carnes,32.0,4.3125,49.65625,0.45177260331445357
2119932866,48,Femenino,Chicago,Muy Alto,7,46.11,Sí,Sí,Carnes,Sí,Efectivo,17848,Carnes,32.0,4.3125,49.65625,0.45177260331445357
5068253267,28,Femenino,Chicago,Medio,3,25.26,Sí,Sí,Pescado,No,Tarjeta,2475,Mariscos y pescado,21.0,4.409523809523809,59.142857142857146,0.37930756843800323
6329888646,23,Masculino,Chicago,Medio,4,18.61,Sí,Sí,Vegano,No,App,2788,Vegetariano/Vegano,2.0,4.1,847.0,0.02648563557654467
3644147638,42,Masculino,Chicago,Medio,5,27.59,Sí,No,Otro,No,App,2721,Otro,191.0,4.39738219895288,3.094240837696335,7.250028200789622
5151602251,20,Masculino,Chicago,Bajo,1,6.26,No,Sí,Vegetariano,No,Efectivo,1470,Vegetariano/Vegano,2.0,4.1,847.0,0.02648563557654467
6075963527,22,Masculino,Chicago,Muy Alto,10,33.53,No,Sí,Mariscos,Sí,Efectivo,11144,Mariscos y pescado,21.0,4.409523809523809,59.142857142857146,0.37930756843800323
9646319363,27,Femenino,Chicago,Alto,4,45.82,Sí,Sí,Vegano,Sí,Tarjeta,5536,Vegetariano/Vegano,2.0,4.1,847.0,0.02648563557654467
5438606305,78,Femenino,Chicago,Medio,5,21.17,Sí,Sí,Vegetariano,No,Efectivo,3367,Vegetariano/Vegano,2.0,4.1,847.0,0.02648563557654467
4476281093,25,Masculino,Chicago,Medio,4,25.49,No,Sí,Otro,No,App,3263,Otro,191.0,4.39738219895288,3.094240837696335,7.250028200789622
3177379883,60,Masculino,Chicago,Alto,5,51.36,No,Sí,Carnes,No,App,5720,Carnes,32.0,4.3125,49.65625,0.45177260331445357
5902255727,47,Femenino,Chicago,Muy Alto,9,48.22,No,No,Mariscos,Sí,Efectivo,9519,Mariscos y pescado,21.0,4.409523809523809,59.142857142857146,0.37930756843800323
5932432769,67,Masculino,Chicago,Muy Alto,5,73.45,Sí,Sí,Carnes,Sí,Efectivo,9034,Carnes,32.0,4.3125,49.65625,0.45177260331445357
9655130898,28,Femenino,Chicago,Medio,2,18.37,No,Sí,Vegetariano,No,Efectivo,2467,Vegetariano/Vegano,2.0,4.1,847.0,0.02648563557654467
5528285106,41,Femenino,Chicago,Muy Alto,5,93.84,Sí,Sí,Carnes,Sí,App,13898,Carnes,32.0,4.3125,49.65625,0.45177260331445357
6513039012,56,Masculino,Chicago,Medio,2,17.575,Sí,No,Vegetariano,No,App,2821,Vegetariano/Vegano,2.0,4.1,847.0,0.02648563557654467
7429139034,75,Femenino,Chicago,Medio,5,9.05,Sí,No,Vegano,No,Tarjeta,3018,Vegetariano/Vegano,2.0,4.1,847.0,0.02648563557654467
9316431723,37,Masculino,Chicago,Medio,2,9.98,Sí,Sí,Vegetariano,Sí,App,3145,Vegetariano/Vegano,2.0,4.1,847.0,0.02648563557654467
5842561021,27,Masculino,Chicago,Muy Alto,10,63.92,No,Sí,Carnes,Sí,Efectivo,9537,Carnes,32.0,4.3125,49.65625,0.45177260331445357
2793276442,35,Masculino,Chicago,Muy Alto,9,67.7,Sí,No,Carnes,Sí,App,9901,Carnes,32.0,4.3125,49.65625,0.45177260331445357
4576350158,58,Masculino,Chicago,Alto,5,35.89,Sí,Sí,Otro,Sí,Efectivo,8763,Otro,191.0,4.39738219895288,3.094240837696335,7.250028200789622
8501277126,32,Femenino,Chicago,Muy Alto,5,77.24,Sí,Sí,Vegetariano,Sí,App,10476,Vegetariano/Vegano,2.0,4.1,847.0,0.02648563557654467
2419629493,40,Masculino,Chicago,Alto,5,39.48,No,Sí,Vegano,Sí,Efectivo,4965,Vegetariano/Vegano,2.0,4.1,847.0,0.02648563557654467
5768911145,30,Femenino,Chicago,Muy Alto,5,75.75,No,Sí,Vegetariano,Sí,App,14181,Vegetariano/Vegano,2.0,4.1,847.0,0.02648563557654467
6698393081,72,Femenino,Chicago,Alto,5,32.36,No,Sí,Otro,No,Efectivo,4025,Otro,191.0,4.39738219895288,3.094240837696335,7.250028200789622
6501575683,60,Masculino,Chicago,Bajo,2,9.1,No,No,Mariscos,No,Efectivo,1420,Mariscos y pescado,21.0,4.409523809523809,59.142857142857146,0.37930756843800323
8114987657,79,Femenino,Chicago,Medio,3,25.82,Sí,No,Vegano,Sí,App,1848,Vegetariano/Vegano,2.0,4.1,847.0,0.02648563557654467
9418700024,39,Masculino,Chicago,Alto,5,43.08,Sí,Sí,Vegetariano,Sí,Efectivo,7306,Vegetariano/Vegano,2.0,4.1,847.0,0.02648563557654467
7973925109,27,Femenino,Chicago,Bajo,2,6.62,No,Sí,Carnes,No,App,868,Carnes,32.0,4.3125,49.65625,0.45177260331445357
4622440617,77,Masculino,Chicago,Muy Alto,10,58.3,No,No,Carnes,Sí,Tarjeta,17292,Carnes,32.0,4.3125,49.65625,0.45177260331445357
9624806504,62,Masculino,Chicago,Medio,4,11.58,Sí,Sí,Carnes,No,Tarjeta,3031,Carnes,32.0,4.3125,49.65625,0.45177260331445357
4792135573,24,Masculino,Chicago,Medio,3,14.67,No,Sí,Mariscos,No,Tarjeta,2868,Mariscos y pescado,21.0,4.409523809523809,59.142857142857146,0.37930756843800323
3052364900,60,Masculino,Chicago,Alto,5,30.36,No,No,Mariscos,Sí,Tarjeta,8556,Mariscos y pescado,21.0,4.409523809523809,59.142857142857146,0.37930756843800323
2099184899,33,Masculino,Chicago,Medio,5,16.46,No,Sí,Vegetariano,No,Criptomoneda,1736,Vegetariano/Vegano,2.0,4.1,847.0,0.02648563557654467
3459034771,29,Femenino,Chicago,Alto,4,23.14,Sí,Sí,Vegano,No,App,4370,Vegetariano/Vegano,2.0,4.1,847.0,0.02648563557654467
1637848447,24,Masculino,Chicago,Medio,3,10.54,No,Sí,Vegano,No,Tarjeta,2047,Vegetariano/Vegano,2.0,4.1,847.0,0.02648563557654467
8266647006,80,Femenino,Chicago,Medio,2,8.05,Sí,No,Vegano,No,Efectivo,2591,Vegetariano/Vegano,2.0,4.1,847.0,0.02648563557654467
6642422190,39,Masculino,Chicago,Muy Alto,10,61.11,Sí,No,Carnes,Sí,Efectivo,13065,Carnes,32.0,4.3125,49.65625,0.45177260331445357
4100395865,29,Femenino,Chicago,Bajo,2,7.23,No,Sí,Vegano,No,Criptomoneda,817,Vegetariano/Vegano,2.0,4.1,847.0,0.02648563557654467
3459037713,74,Femenino,Chicago,Muy Alto,7,45.99,No,Sí,Vegano,Sí,Efectivo,16778,Vegetariano/Vegano,2.0,4.1,847.0,0.02648563557654467
1766285595,19,Femenino,Chicago,Bajo,3,7.84,Sí,Sí,Carnes,No,Tarjeta,856,Carnes,32.0,4.3125,49.65625,0.45177260331445357
5912460173,27,Femenino,Chicago,Medio,2,11.81,No,Sí,Carnes,No,App,2715,Carnes,32.0,4.3125,49.65625,0.45177260331445357
9397526641,50,Masculino,Chicago,Medio,3,26.49,Sí,No,Vegetariano,No,App,1698,Vegetariano/Vegano,2.0,4.1,847.0,0.02648563557654467
5100105168,79,Femenino,Chicago,Bajo,0,0.0,Sí,Sí,Vegetariano,No,Tarjeta,839,Vegetariano/Vegano,2.0,4.1,847.0,0.02648563557654467
5272511859,78,Masculino,Chicago,Muy Alto,5,22.45,Sí,Sí,Carnes,Sí,App,10782,Carnes,32.0,4.3125,49.65625,0.45177260331445357
8545210932,19,Masculino,Chicago,Bajo,1,7.93,No,Sí,Carnes,No,App,1059,Carnes,32.0,4.3125,49.65625,0.45177260331445357
3799657614,70,Femenino,Chicago,Bajo,1,6.94,No,Sí,Vegetariano,No,Tarjeta,1394,Vegetariano/Vegano,2.0,4.1,847.0,0.02648563557654467
2556681746,66,Masculino,Chicago,Bajo,1,7.85,Sí,Sí,Carnes,No,Efectivo,942,Carnes,32.0,4.3125,49.65625,0.45177260331445357
1868928053,67,Femenino,Chicago,Alto,6,21.69,Sí,Sí,Carnes,No,Tarjeta,7671,Carnes,32.0,4.3125,49.65625,0.45177260331445357
5954843702,71,Femenino,Chicago,Medio,4,27.62,No,Sí,Otro,Sí,Tarjeta,2647,Otro,191.0,4.39738219895288,3.094240837696335,7.250028200789622
2348932586,18,Femenino,Chicago,Alto,6,8.42,Sí,Sí,Vegetariano,No,Efectivo,5971,Vegetariano/Vegano,2.0,4.1,847.0,0.02648563557654467
2666980658,24,Femenino,Chicago,Bajo,3,8.29,Sí,Sí,Vegano,No,Efectivo,815,Vegetariano/Vegano,2.0,4.1,847.0,0.02648563557654467
8988896196,67,Femenino,Chicago,Bajo,2,8.93,Sí,No,Vegano,No,Tarjeta,836,Vegetariano/Vegano,2.0,4.1,847.0,0.02648563557654467
7937813214,75,Masculino,Chicago,Muy Alto,5,11.26,Sí,No,Pescado,Sí,Tarjeta,17890,Mariscos y pescado,21.0,4.409523809523809,59.142857142857146,0.37930756843800323
8902576545,38,Masculino,Chicago,Muy Alto,8,85.46,No,Sí,Pescado,Sí,Tarjeta,16266,Mariscos y pescado,21.0,4.409523809523809,59.142857142857146,0.37930756843800323
3191999057,22,Masculino,Chicago,Alto,4,31.89,No,Sí,Carnes,No,Tarjeta,6463,Carnes,32.0,4.3125,49.65625,0.45177260331445357
3796412934,37,Masculino,Chicago,Muy Alto,6,101.38,No,No,Carnes,Sí,App,9927,Carnes,32.0,4.3125,49.65625,0.45177260331445357
1141461348,45,Femenino,Chicago,Alto,6,30.16,No,Sí,Carnes,No,Tarjeta,3811,Carnes,32.0,4.3125,49.65625,0.45177260331445357
2453107692,38,Masculino,Chicago,Alto,5,53.75,No,Sí,Vegetariano,Sí,App,3704,Vegetariano/Vegano,2.0,4.1,847.0,0.02648563557654467
3751770347,73,Masculino,Chicago,Medio,4,18.85,Sí,No,Otro,No,Efectivo,3393,Otro,191.0,4.39738219895288,3.094240837696335,7.250028200789622
6359242586,80,Femenino,Chicago,Alto,6,50.49,Sí,No,Pescado,No,App,7559,Mariscos y pescado,21.0,4.409523809523809,59.142857142857146,0.37930756843800323
8643636805,52,Femenino,Chicago,Medio,3,15.42,No,No,Sin dato,No,Tarjeta,1856,Sin dato,,,,
6459909058,65,Femenino,Chicago,Bajo,1,8.44,No,Sí,Vegano,No,Tarjeta,1521,Vegetariano/Vegano,2.0,4.1,847.0,0.02648563557654467
7139225080,40,Femenino,Chicago,Muy Alto,10,75.76,No,No,Carnes,Sí,Tarjeta,10639,Carnes,32.0,4.3125,49.65625,0.45177260331445357
4715477780,50,Masculino,Chicago,Alto,4,55.48,Sí,Sí,Vegetariano,Sí,Efectivo,4352,Vegetariano/Vegano,2.0,4.1,847.0,0.02648563557654467
5317105328,76,Masculino,Chicago,Bajo,3,5.28,Sí,No,Carnes,No,Efectivo,1449,Carnes,32.0,4.3125,49.65625,0.45177260331445357
5823128922,55,Femenino,Chicago,Medio,4,18.36,No,Sí,Vegano,No,Efectivo,2113,Vegetariano/Vegano,2.0,4.1,847.0,0.02648563557654467
2293611091,18,Masculino,Chicago,Alto,6,27.06,No,Sí,Vegetariano,Sí,Efectivo,5666,Vegetariano/Vegano,2.0,4.1,847.0,0.02648563557654467
4289675520,30,Masculino,Chicago,Medio,3,6.5,Sí,Sí,Vegetariano,No,App,2349,Vegetariano/Vegano,2.0,4.1,847.0,0.02648563557654467
8239941612,43,Femenino,Chicago,Alto,4,39.91,No,Sí,Vegetariano,Sí,Efectivo,6841,Vegetariano/Vegano,2.0,4.1,847.0,0.02648563557654467
4113031079,45,Femenino,Chicago,Medio,3,17.87,No,No,Vegano,No,Efectivo,2651,Vegetariano/Vegano,2.0,4.1,847.0,0.02648563557654467
5900600308,50,Masculino,Chicago,Medio,4,27.34,Sí,Sí,Mariscos,No,Tarjeta,2161,Mariscos y pescado,21.0,4.409523809523809,59.142857142857146,0.37930756843800323
9621386065,24,Masculino,Chicago,Alto,5,54.88,Sí,Sí,Otro,Sí,Tarjeta,7678,Otro,191.0,4.39738219895288,3.094240837696335,7.250028200789622
9030426612,39,Femenino,Chicago,Bajo,2,6.39,Sí,No,Mariscos,No,Tarjeta,824,Mariscos y pescado,21.0,4.409523809523809,59.142857142857146,0.37930756843800323
9049868334,56,Femenino,Chicago,Medio,5,18.27,No,Sí,Mariscos,No,Tarjeta,1687,Mariscos y pescado,21.0,4.409523809523809,59.142857142857146,0.37930756843800323
3981318284,20,Masculino,Chicago,Medio,5,16.08,Sí,Sí,Carnes,No,App,2967,Carnes,32.0,4.3125,49.65625,0.45177260331445357
6986643410,62,Femenino,Chicago,Medio,5,23.42,Sí,Sí,Vegetariano,No,App,3355,Vegetariano/Vegano,2.0,4.1,847.0,0.02648563557654467
8900454771,57,Masculino,Chicago,Muy Alto,8,103.82,No,Sí,Pescado,Sí,Tarjeta,11780,Mariscos y pescado,21.0,4.409523809523809,59.142857142857146,0.37930756843800323
5635275367,53,Femenino,Chicago,Alto,4,35.31,Sí,Sí,Mariscos,Sí,Efectivo,8111,Mariscos y pescado,21.0,4.409523809523809,59.142857142857146,0.37930756843800323
9517292154,53,Femenino,Chicago,Medio,4,11.45,Sí,Sí,Carnes,Sí,Criptomoneda,3423,Carnes,32.0,4.3125,49.65625,0.45177260331445357
2602591943,25,Masculino,Chicago,Medio,2,28.56,Sí,Sí,Sin dato,No,App,2500,Sin dato,,,,
6050640730,22,Masculino,Chicago,Bajo,0,0.0,Sí,Sí,Carnes,No,Tarjeta,1406,Carnes,32.0,4.3125,49.65625,0.45177260331445357
4898351305,48,Masculino,Chicago,Medio,2,29.26,No,Sí,Carnes,No,App,1918,Carnes,32.0,4.3125,49.65625,0.45177260331445357
2717905297,44,Masculino,Chicago,Muy Alto,6,57.26,No,Sí,Carnes,Sí,Tarjeta,12692,Carnes,32.0,4.3125,49.65625,0.45177260331445357
4863155534,68,Masculino,Chicago,Alto,4,30.17,Sí,No,Carnes,No,Efectivo,6206,Carnes,32.0,4.3125,49.65625,0.45177260331445357
9557432005,68,Femenino,Chicago,Alto,6,41.37,Sí,No,Vegetariano,Sí,Tarjeta,3507,Vegetariano/Vegano,2.0,4.1,847.0,0.02648563557654467
9018151306,74,Femenino,Chicago,Medio,4,20.34,No,No,Vegetariano,No,Tarjeta,3448,Vegetariano/Vegano,2.0,4.1,847.0,0.02648563557654467
6572069519,31,Masculino,Chicago,Bajo,1,5.3,Sí,Sí,Vegano,No,Tarjeta,864,Vegetariano/Vegano,2.0,4.1,847.0,0.02648563557654467
5840960618,30,Masculino,Chicago,Alto,5,18.03,No,Sí,Mariscos,Sí,Tarjeta,4450,Mariscos y pescado,21.0,4.409523809523809,59.142857142857146,0.37930756843800323
9171679518,46,Femenino,Chicago,Muy Alto,9,90.98,Sí,Sí,Vegetariano,Sí,Efectivo,15616,Vegetariano/Vegano,2.0,4.1,847.0,0.02648563557654467
2455579672,62,Masculino,Chicago,Bajo,1,7.51,Sí,Sí,Pescado,No,Tarjeta,1337,Mariscos y pescado,21.0,4.409523809523809,59.142857142857146,0.37930756843800323
9989062562,42,Femenino,Chicago,Alto,5,24.67,Sí,Sí,Pescado,No,Tarjeta,4552,Mariscos y pescado,21.0,4.409523809523809,59.142857142857146,0.37930756843800323
8641810409,28,Masculino,Chicago,Muy Alto,10,96.33,Sí,Sí,Mariscos,Sí,App,15347,Mariscos y pescado,21.0,4.409523809523809,59.142857142857146,0.37930756843800323
5395736405,29,Masculino,Chicago,Medio,5,14.82,Sí,Sí,Carnes,No,Tarjeta,3372,Carnes,32.0,4.3125,49.65625,0.45177260331445357
3323413997,32,Femenino,Chicago,Alto,4,41.42,Sí,Sí,Pescado,No,Tarjeta,4480,Mariscos y pescado,21.0,4.409523809523809,59.142857142857146,0.37930756843800323
1640486894,66,Femenino,Chicago,Bajo,2,8.16,Sí,Sí,Sin dato,No,Efectivo,1362,Sin dato,,,,
6751579077,42,Masculino,Chicago,Alto,4,35.67,Sí,Sí,Otro,No,Tarjeta,4703,Otro,191.0,4.39738219895288,3.094240837696335,7.250028200789622
7700772345,35,Masculino,Chicago,Alto,6,52.79,No,Sí,Carnes,Sí,App,7361,Carnes,32.0,4.3125,49.65625,0.45177260331445357
8115989260,54,Masculino,Chicago,Alto,5,54.78,Sí,Sí,Sin dato,Sí,Efectivo,4161,Sin dato,,,,
8511143137,24,Femenino,Chicago,Medio,2,6.46,No,Sí,Otro,No,App,3322,Otro,191.0,4.39738219895288,3.094240837696335,7.250028200789622
8152259379,43,Masculino,Chicago,Medio,2,10.71,No,Sí,Carnes,No,Tarjeta,1886,Carnes,32.0,4.3125,49.65625,0.45177260331445357
8351288845,29,Masculino,Chicago,Alto,4,6.93,Sí,Sí,Carnes,Sí,Tarjeta,5627,Carnes,32.0,4.3125,49.65625,0.45177260331445357
5669349652,31,Masculino,Chicago,Alto,6,16.01,Sí,No,Vegetariano,No,Efectivo,7126,Vegetariano/Vegano,2.0,4.1,847.0,0.02648563557654467
6124453431,27,Masculino,Chicago,Medio,3,20.89,Sí,Sí,Pescado,No,App,3043,Mariscos y pescado,21.0,4.409523809523809,59.142857142857146,0.37930756843800323
9860949331,66,Femenino,Chicago,Bajo,1,5.44,Sí,Sí,Vegano,No,Tarjeta,1206,Vegetariano/Vegano,2.0,4.1,847.0,0.02648563557654467
6882085133,25,Masculino,Chicago,Medio,5,5.96,No,Sí,Vegetariano,No,App,3481,Vegetariano/Vegano,2.0,4.1,847.0,0.02648563557654467
4998328441,38,Femenino,Chicago,Alto,4,50.61,Sí,Sí,Mariscos,Sí,Criptomoneda,8207,Mariscos y pescado,21.0,4.409523809523809,59.142857142857146,0.37930756843800323
7284927359,24,Masculino,Chicago,Medio,2,22.88,No,Sí,Pescado,No,App,3479,Mariscos y pescado,21.0,4.409523809523809,59.142857142857146,0.37930756843800323
9112819263,40,Femenino,Chicago,Alto,5,20.72,Sí,Sí,Vegano,Sí,App,6870,Vegetariano/Vegano,2.0,4.1,847.0,0.02648563557654467
5853407612,68,Femenino,Chicago,Alto,4,9.46,No,Sí,Carnes,Sí,Efectivo,8134,Carnes,32.0,4.3125,49.65625,0.45177260331445357
8540250413,33,Masculino,Chicago,Alto,6,21.13,No,Sí,Mariscos,Sí,Tarjeta,5341,Mariscos y pescado,21.0,4.409523809523809,59.142857142857146,0.37930756843800323
6122110529,60,Masculino,Chicago,Medio,3,10.52,No,Sí,Mariscos,No,App,3451,Mariscos y pescado,21.0,4.409523809523809,59.142857142857146,0.37930756843800323
8448666187,54,Femenino,Chicago,Alto,5,15.88,No,No,Carnes,Sí,App,7962,Carnes,32.0,4.3125,49.65625,0.45177260331445357
8523427457,21,Masculino,Chicago,Medio,3,13.9,Sí,Sí,Carnes,No,Tarjeta,2769,Carnes,32.0,4.3125,49.65625,0.45177260331445357
7626150744,24,Masculino,Chicago,Medio,3,14.33,No,Sí,Vegetariano,No,Efectivo,2716,Vegetariano/Vegano,2.0,4.1,847.0,0.02648563557654467
3932727039,75,Masculino,Chicago,Medio,4,5.57,Sí,No,Carnes,No,Efectivo,3454,Carnes,32.0,4.3125,49.65625,0.45177260331445357
1570268148,70,Femenino,Chicago,Alto,6,28.64,Sí,No,Carnes,No,Tarjeta,8740,Carnes,32.0,4.3125,49.65625,0.45177260331445357
6265756641,51,Masculino,Chicago,Muy Alto,10,70.45,Sí,Sí,Carnes,Sí,Tarjeta,9270,Carnes,32.0,4.3125,49.65625,0.45177260331445357
9942921105,69,Femenino,Chicago,Bajo,2,9.31,Sí,Sí,Sin dato,No,Efectivo,883,Sin dato,,,,
6114500313,26,Femenino,Chicago,Medio,3,13.07,Sí,Sí,Mariscos,No,Tarjeta,2300,Mariscos y pescado,21.0,4.409523809523809,59.142857142857146,0.37930756843800323
4824397863,67,Masculino,Chicago,Bajo,3,6.49,Sí,No,Otro,No,App,971,Otro,191.0,4.39738219895288,3.094240837696335,7.250028200789622
9264143912,24,Masculino,Chicago,Alto,4,32.33,Sí,Sí,Vegetariano,Sí,Tarjeta,4816,Vegetariano/Vegano,2.0,4.1,847.0,0.02648563557654467
5727735496,59,Masculino,Chicago,Medio,5,23.19,Sí,Sí,Vegetariano,No,Efectivo,2781,Vegetariano/Vegano,2.0,4.1,847.0,0.02648563557654467
8433519273,50,Masculino,Chicago,Alto,5,14.93,Sí,Sí,Mariscos,Sí,Tarjeta,4294,Mariscos y pescado,21.0,4.409523809523809,59.142857142857146,0.37930756843800323
7776700317,70,Femenino,Chicago,Medio,2,20.05,No,No,Sin dato,No,Tarjeta,3475,Sin dato,,,,
9048799793,71,Masculino,Chicago,Alto,6,56.66,Sí,No,Mariscos,Sí,Criptomoneda,5507,Mariscos y pescado,21.0,4.409523809523809,59.142857142857146,0.37930756843800323
4090363801,62,Femenino,Chicago,Bajo,0,0.0,No,Sí,Vegetariano,No,App,1124,Vegetariano/Vegano,2.0,4.1,847.0,0.02648563557654467
5367318131,77,Femenino,Chicago,Medio,5,29.77,No,Sí,Vegetariano,No,Efectivo,3267,Vegetariano/Vegano,2.0,4.1,847.0,0.02648563557654467
8048669615,20,Masculino,Chicago,Medio,3,18.21,No,Sí,Otro,No,Tarjeta,2153,Otro,191.0,4.39738219895288,3.094240837696335,7.250028200789622
6877052039,21,Masculino,Chicago,Alto,5,56.04,Sí,Sí,Vegano,Sí,Tarjeta,5790,Vegetariano/Vegano,2.0,4.1,847.0,0.02648563557654467
5027953302,78,Femenino,Chicago,Medio,3,21.58,No,No,Otro,No,Tarjeta,3492,Otro,191.0,4.39738219895288,3.094240837696335,7.250028200789622
2260363816,73,Femenino,Chicago,Alto,4,6.07,No,Sí,Pescado,No,Tarjeta,6339,Mariscos y pescado,21.0,4.409523809523809,59.142857142857146,0.37930756843800323
6009983733,67,Masculino,Chicago,Alto,4,5.58,Sí,Sí,Mariscos,Sí,App,8247,Mariscos y pescado,21.0,4.409523809523809,59.142857142857146,0.37930756843800323
5631660384,31,Masculino,Chicago,Alto,6,18.13,No,No,Otro,Sí,Efectivo,7363,Otro,191.0,4.39738219895288,3.094240837696335,7.250028200789622
1675534486,54,Masculino,Chicago,Medio,5,5.71,Sí,No,Carnes,No,App,2377,Carnes,32.0,4.3125,49.65625,0.45177260331445357
3190162350,51,Femenino,Chicago,Alto,4,48.21,Sí,Sí,Carnes,Sí,Efectivo,4378,Carnes,32.0,4.3125,49.65625,0.45177260331445357
6734947456,52,Masculino,Chicago,Medio,5,7.33,Sí,No,Carnes,No,Tarjeta,2573,Carnes,32.0,4.3125,49.65625,0.45177260331445357
1459774564,80,Masculino,Chicago,Alto,6,32.19,No,No,Vegetariano,No,App,5100,Vegetariano/Vegano,2.0,4.1,847.0,0.02648563557654467
5326000497,29,Femenino,Chicago,Medio,3,24.16,Sí,Sí,Carnes,No,Efectivo,2792,Carnes,32.0,4.3125,49.65625,0.45177260331445357
8612441673,24,Masculino,Chicago,Medio,4,9.02,Sí,Sí,Carnes,No,App,2222,Carnes,32.0,4.3125,49.65625,0.45177260331445357
1329869970,42,Masculino,Chicago,Medio,3,25.23,No,No,Carnes,No,Efectivo,2804,Carnes,32.0,4.3125,49.65625,0.45177260331445357
4221741859,37,Masculino,Chicago,Medio,3,26.94,No,Sí,Mariscos,Sí,Tarjeta,2484,Mariscos y pescado,21.0,4.409523809523809,59.142857142857146,0.37930756843800323
3881503651,18,Femenino,Chicago,Muy Alto,6,26.05,Sí,Sí,Otro,Sí,Tarjeta,13882,Otro,191.0,4.39738219895288,3.094240837696335,7.250028200789622
6083811608,37,Femenino,Chicago,Muy Alto,9,44.9,Sí,Sí,Otro,Sí,Efectivo,10961,Otro,191.0,4.39738219895288,3.094240837696335,7.250028200789622
4033540260,78,Masculino,Chicago,Alto,5,32.99,Sí,Sí,Carnes,Sí,App,6564,Carnes,32.0,4.3125,49.65625,0.45177260331445357
9215678070,23,Femenino,Chicago,Alto,4,18.16,No,Sí,Carnes,Sí,Tarjeta,8210,Carnes,32.0,4.3125,49.65625,0.45177260331445357
1506395539,74,Masculino,Chicago,Bajo,0,0.0,No,No,Pescado,No,App,805,Mariscos y pescado,21.0,4.409523809523809,59.142857142857146,0.37930756843800323
7046757417,49,Femenino,Chicago,Muy Alto,9,21.42,Sí,Sí,Otro,Sí,Criptomoneda,10644,Otro,191.0,4.39738219895288,3.094240837696335,7.250028200789622
4597117220,41,Femenino,Chicago,Bajo,3,9.62,Sí,No,Sin dato,No,App,1471,Sin dato,,,,
4174051339,75,Masculino,Chicago,Bajo,1,7.2,Sí,No,Vegano,No,Tarjeta,1217,Vegetariano/Vegano,2.0,4.1,847.0,0.02648563557654467
7998565225,29,Femenino,Chicago,Muy Alto,9,47.24,Sí,No,Mariscos,Sí,Tarjeta,12514,Mariscos y pescado,21.0,4.409523809523809,59.142857142857146,0.37930756843800323
6113994946,31,Femenino,Chicago,Bajo,1,9.1,Sí,No,Pescado,No,App,1326,Mariscos y pescado,21.0,4.409523809523809,59.142857142857146,0.37930756843800323
9357636067,53,Femenino,Chicago,Alto,4,13.2,No,Sí,Carnes,Sí,Efectivo,6444,Carnes,32.0,4.3125,49.65625,0.45177260331445357
1230339523,57,Masculino,Chicago,Alto,6,41.88,Sí,Sí,Pescado,Sí,Efectivo,4860,Mariscos y pescado,21.0,4.409523809523809,59.142857142857146,0.37930756843800323
3929827295,64,Femenino,Chicago,Medio,3,23.19,Sí,Sí,Carnes,No,Tarjeta,3402,Carnes,32.0,4.3125,49.65625,0.45177260331445357
7911193831,58,Femenino,Chicago,Medio,3,26.79,No,Sí,Vegetariano,No,Efectivo,2242,Vegetariano/Vegano,2.0,4.1,847.0,0.02648563557654467
3027671630,57,Femenino,Chicago,Alto,4,48.97,Sí,No,Sin dato,Sí,Efectivo,5049,Sin dato,,,,
4579265601,44,Masculino,Chicago,Alto,4,12.49,No,Sí,Mariscos,Sí,Efectivo,3621,Mariscos y pescado,21.0,4.409523809523809,59.142857142857146,0.37930756843800323
8521463304,34,Femenino,Chicago,Bajo,2,7.56,No,No,Vegetariano,No,Efectivo,1114,Vegetariano/Vegano,2.0,4.1,847.0,0.02648563557654467
9916752775,42,Masculino,Chicago,Medio,5,23.89,Sí,No,Mariscos,No,Tarjeta,2772,Mariscos y pescado,21.0,4.409523809523809,59.142857142857146,0.37930756843800323
9288057824,80,Masculino,Chicago,Alto,6,7.82,No,Sí,Pescado,Sí,Tarjeta,6824,Mariscos y pescado,21.0,4.409523809523809,59.142857142857146,0.37930756843800323
4673629009,25,Masculino,Chicago,Alto,5,46.33,Sí,No,Otro,Sí,Efectivo,8449,Otro,191.0,4.39738219895288,3.094240837696335,7.250028200789622
8288680975,24,Femenino,Chicago,Medio,4,14.46,No,No,Carnes,No,App,1918,Carnes,32.0,4.3125,49.65625,0.45177260331445357
2670582105,50,Masculino,Chicago,Muy Alto,9,59.34,Sí,No,Vegetariano,Sí,Tarjeta,14900,Vegetariano/Vegano,2.0,4.1,847.0,0.02648563557654467
1918814085,44,Femenino,Chicago,Muy Alto,8,92.73,Sí,No,Carnes,Sí,Tarjeta,14311,Carnes,32.0,4.3125,49.65625,0.45177260331445357
8515059507,39,Femenino,Chicago,Medio,5,17.35,Sí,Sí,Vegetariano,Sí,Efectivo,1761,Vegetariano/Vegano,2.0,4.1,847.0,0.02648563557654467
8844221158,43,Femenino,Chicago,Alto,5,7.11,Sí,Sí,Vegano,Sí,Criptomoneda,3774,Vegetariano/Vegano,2.0,4.1,847.0,0.02648563557654467
9251333342,48,Masculino,Chicago,Medio,4,17.575,Sí,No,Otro,No,Tarjeta,2946,Otro,191.0,4.39738219895288,3.094240837696335,7.250028200789622
3454890016,67,Femenino,Chicago,Medio,3,27.97,Sí,Sí,Vegetariano,No,App,2516,Vegetariano/Vegano,2.0,4.1,847.0,0.02648563557654467
1531125769,66,Masculino,Chicago,Medio,3,11.24,Sí,Sí,Mariscos,No,Tarjeta,3200,Mariscos y pescado,21.0,4.409523809523809,59.142857142857146,0.37930756843800323
6044419595,77,Masculino,Chicago,Bajo,1,7.23,Sí,Sí,Vegetariano,No,Efectivo,1058,Vegetariano/Vegano,2.0,4.1,847.0,0.02648563557654467
5435473617,75,Masculino,Chicago,Bajo,1,5.01,No,No,Pescado,No,App,951,Mariscos y pescado,21.0,4.409523809523809,59.142857142857146,0.37930756843800323
2837573743,47,Masculino,Chicago,Muy Alto,6,100.46,No,No,Vegano,Sí,App,13266,Vegetariano/Vegano,2.0,4.1,847.0,0.02648563557654467
3961029969,80,Femenino,Chicago,Muy Alto,10,90.81,No,Sí,Vegano,Sí,Tarjeta,15365,Vegetariano/Vegano,2.0,4.1,847.0,0.02648563557654467
8123833948,58,Femenino,Chicago,Medio,5,5.8,Sí,Sí,Vegetariano,No,App,2216,Vegetariano/Vegano,2.0,4.1,847.0,0.02648563557654467
7098746030,75,Masculino,Chicago,Medio,5,5.95,Sí,Sí,Vegetariano,No,Tarjeta,3280,Vegetariano/Vegano,2.0,4.1,847.0,0.02648563557654467
3088037226,74,Femenino,Chicago,Muy Alto,10,67.17,Sí,Sí,Vegetariano,Sí,App,9550,Vegetariano/Vegano,2.0,4.1,847.0,0.02648563557654467
2969324878,44,Femenino,Chicago,Medio,4,29.36,Sí,Sí,Vegano,No,Tarjeta,2651,Vegetariano/Vegano,2.0,4.1,847.0,0.02648563557654467
5270048042,79,Femenino,Chicago,Muy Alto,7,50.31,Sí,No,Carnes,Sí,App,9804,Carnes,32.0,4.3125,49.65625,0.45177260331445357
6258160573,19,Femenino,Chicago,Medio,3,25.12,Sí,Sí,Otro,No,Tarjeta,2418,Otro,191.0,4.39738219895288,3.094240837696335,7.250028200789622
5845578408,66,Femenino,Chicago,Medio,3,17.89,Sí,No,Vegetariano,Sí,Efectivo,2772,Vegetariano/Vegano,2.0,4.1,847.0,0.02648563557654467
5311497955,48,Femenino,Chicago,Bajo,0,0.0,Sí,Sí,Pescado,No,Tarjeta,1382,Mariscos y pescado,21.0,4.409523809523809,59.142857142857146,0.37930756843800323
6973554506,52,Femenino,Chicago,Medio,5,20.92,Sí,No,Carnes,No,Efectivo,3284,Carnes,32.0,4.3125,49.65625,0.45177260331445357
5421552602,44,Masculino,Chicago,Medio,2,24.87,Sí,Sí,Otro,No,Tarjeta,2395,Otro,191.0,4.39738219895288,3.094240837696335,7.250028200789622
7425901764,51,Femenino,Chicago,Medio,3,6.46,No,No,Carnes,No,Tarjeta,3488,Carnes,32.0,4.3125,49.65625,0.45177260331445357
8552936080,24,Masculino,Chicago,Bajo,2,9.56,No,Sí,Carnes,No,App,989,Carnes,32.0,4.3125,49.65625,0.45177260331445357
4646774177,50,Masculino,Chicago,Bajo,1,7.29,Sí,Sí,Otro,No,App,1066,Otro,191.0,4.39738219895288,3.094240837696335,7.250028200789622
5654007427,39,Femenino,Chicago,Bajo,2,6.67,No,Sí,Mariscos,No,Tarjeta,1114,Mariscos y pescado,21.0,4.409523809523809,59.142857142857146,0.37930756843800323
1174964107,73,Femenino,Chicago,Muy Alto,9,29.5,No,No,Carnes,Sí,Criptomoneda,12678,Carnes,32.0,4.3125,49.65625,0.45177260331445357
9362767608,31,Masculino,Chicago,Alto,6,51.66,Sí,No,Vegetariano,Sí,Efectivo,5416,Vegetariano/Vegano,2.0,4.1,847.0,0.02648563557654467
7523681065,61,Femenino,Chicago,Muy Alto,7,77.49,Sí,Sí,Pescado,Sí,App,15669,Mariscos y pescado,21.0,4.409523809523809,59.142857142857146,0.37930756843800323
8854432785,51,Masculino,Chicago,Alto,4,37.58,No,Sí,Mariscos,Sí,App,5651,Mariscos y pescado,21.0,4.409523809523809,59.142857142857146,0.37930756843800323
3190152054,29,Femenino,Chicago,Alto,4,56.09,Sí,Sí,Otro,Sí,Tarjeta,5110,Otro,191.0,4.39738219895288,3.094240837696335,7.250028200789622
3897499859,43,Femenino,Chicago,Medio,3,22.29,Sí,Sí,Otro,No,Efectivo,2954,Otro,191.0,4.39738219895288,3.094240837696335,7.250028200789622
1121891009,21,Masculino,Chicago,Alto,6,41.77,Sí,Sí,Pescado,Sí,Efectivo,3727,Mariscos y pescado,21.0,4.409523809523809,59.142857142857146,0.37930756843800323
1557097204,44,Femenino,Chicago,Alto,6,49.16,No,No,Sin dato,No,Tarjeta,6911,Sin dato,,,,
5982624410,63,Femenino,Chicago,Muy Alto,5,32.48,No,Sí,Mariscos,Sí,Tarjeta,10286,Mariscos y pescado,21.0,4.409523809523809,59.142857142857146,0.37930756843800323
2389158546,50,Masculino,Chicago,Medio,2,28.9,No,Sí,Vegano,No,Efectivo,1831,Vegetariano/Vegano,2.0,4.1,847.0,0.02648563557654467
2546533116,40,Femenino,Chicago,Alto,4,15.32,No,Sí,Carnes,Sí,Efectivo,8913,Carnes,32.0,4.3125,49.65625,0.45177260331445357
3143135648,61,Masculino,Chicago,Alto,4,7.64,No,Sí,Vegetariano,Sí,App,8017,Vegetariano/Vegano,2.0,4.1,847.0,0.02648563557654467
4051103445,70,Masculino,Chicago,Bajo,1,8.47,No,Sí,Otro,No,Tarjeta,1033,Otro,191.0,4.39738219895288,3.094240837696335,7.250028200789622
9983362849,69,Femenino,Chicago,Alto,5,32.955,No,Sí,Vegetariano,Sí,App,3600,Vegetariano/Vegano,2.0,4.1,847.0,0.02648563557654467
8256220336,51,Masculino,Chicago,Medio,4,6.55,No,No,Mariscos,No,App,2059,Mariscos y pescado,21.0,4.409523809523809,59.142857142857146,0.37930756843800323
7745467498,61,Femenino,Chicago,Muy Alto,8,14.4,No,Sí,Carnes,Sí,Efectivo,16012,Carnes,32.0,4.3125,49.65625,0.45177260331445357
4313408723,52,Masculino,Chicago,Alto,5,12.14,No,No,Vegetariano,No,App,6180,Vegetariano/Vegano,2.0,4.1,847.0,0.02648563557654467
9550129822,55,Masculino,Chicago,Bajo,2,9.84,No,No,Mariscos,No,App,1387,Mariscos y pescado,21.0,4.409523809523809,59.142857142857146,0.37930756843800323
3915147015,21,Masculino,Chicago,Alto,5,37.48,No,Sí,Vegetariano,Sí,Efectivo,6613,Vegetariano/Vegano,2.0,4.1,847.0,0.02648563557654467
3644389706,48,Masculino,Chicago,Muy Alto,9,14.43,Sí,No,Vegetariano,Sí,Efectivo,11114,Vegetariano/Vegano,2.0,4.1,847.0,0.02648563557654467
5230667674,29,Femenino,Chicago,Bajo,0,0.0,No,Sí,Carnes,No,App,1187,Carnes,32.0,4.3125,49.65625,0.45177260331445357
7331491752,25,Femenino,Chicago,Muy Alto,8,70.16,No,Sí,Pescado,Sí,Efectivo,13565,Mariscos y pescado,21.0,4.409523809523809,59.142857142857146,0.37930756843800323
7777194242,69,Masculino,Chicago,Medio,3,9.16,No,Sí,Carnes,No,App,1636,Carnes,32.0,4.3125,49.65625,0.45177260331445357
4914616473,59,Masculino,Chicago,Medio,5,9.21,Sí,No,Pescado,No,Efectivo,3278,Mariscos y pescado,21.0,4.409523809523809,59.142857142857146,0.37930756843800323
4884431164,24,Masculino,Chicago,Muy Alto,7,69.75,Sí,Sí,Mariscos,Sí,Efectivo,14027,Mariscos y pescado,21.0,4.409523809523809,59.142857142857146,0.37930756843800323
9927236627,34,Masculino,Chicago,Medio,3,14.06,No,No,Mariscos,No,Tarjeta,3465,Mariscos y pescado,21.0,4.409523809523809,59.142857142857146,0.37930756843800323
8157277882,66,Masculino,Chicago,Medio,5,12.5,No,No,Carnes,No,Efectivo,3427,Carnes,32.0,4.3125,49.65625,0.45177260331445357
7800680768,20,Masculino,Chicago,Bajo,3,9.15,No,Sí,Sin dato,No,Efectivo,1163,Sin dato,,,,
2074249850,41,Femenino,Chicago,Medio,5,16.65,Sí,Sí,Vegetariano,No,Tarjeta,1990,Vegetariano/Vegano,2.0,4.1,847.0,0.02648563557654467
5029650268,49,Masculino,Chicago,Muy Alto,9,44.53,Sí,Sí,Vegetariano,Sí,Efectivo,11359,Vegetariano/Vegano,2.0,4.1,847.0,0.02648563557654467
4249197072,61,Masculino,Chicago,Alto,6,56.85,No,Sí,Carnes,No,Efectivo,3786,Carnes,32.0,4.3125,49.65625,0.45177260331445357
4436406092,27,Femenino,Chicago,Alto,6,29.45,Sí,Sí,Otro,Sí,App,5236,Otro,191.0,4.39738219895288,3.094240837696335,7.250028200789622
9469503331,43,Masculino,Chicago,Alto,6,29.85,Sí,Sí,Vegetariano,Sí,Efectivo,7596,Vegetariano/Vegano,2.0,4.1,847.0,0.02648563557654467
5314986270,71,Masculino,Chicago,Alto,4,39.62,No,Sí,Pescado,Sí,App,6847,Mariscos y pescado,21.0,4.409523809523809,59.142857142857146,0.37930756843800323
1220530480,22,Femenino,Chicago,Alto,5,49.3,No,Sí,Vegano,Sí,App,6443,Vegetariano/Vegano,2.0,4.1,847.0,0.02648563557654467
8468071953,72,Masculino,Chicago,Alto,5,43.44,No,No,Vegano,Sí,Efectivo,7638,Vegetariano/Vegano,2.0,4.1,847.0,0.02648563557654467
3784739035,30,Femenino,Chicago,Bajo,2,7.03,Sí,Sí,Vegetariano,No,App,842,Vegetariano/Vegano,2.0,4.1,847.0,0.02648563557654467
8699244299,29,Femenino,Chicago,Bajo,0,0.0,No,Sí,Otro,No,App,1289,Otro,191.0,4.39738219895288,3.094240837696335,7.250028200789622
9561687482,44,Femenino,Chicago,Alto,5,57.27,Sí,No,Vegano,Sí,App,4110,Vegetariano/Vegano,2.0,4.1,847.0,0.02648563557654467
4554178984,73,Femenino,Chicago,Alto,5,44.87,Sí,No,Otro,Sí,Efectivo,6894,Otro,191.0,4.39738219895288,3.094240837696335,7.250028200789622
6759652176,22,Femenino,Chicago,Muy Alto,8,41.25,No,No,Carnes,Sí,Tarjeta,9285,Carnes,32.0,4.3125,49.65625,0.45177260331445357
8783522147,60,Femenino,Chicago,Medio,5,8.62,No,Sí,Carnes,No,App,1671,Carnes,32.0,4.3125,49.65625,0.45177260331445357
6732546435,32,Femenino,Chicago,Muy Alto,9,29.57,Sí,No,Mariscos,Sí,App,11847,Mariscos y pescado,21.0,4.409523809523809,59.142857142857146,0.37930756843800323
8032683189,45,Femenino,Chicago,Alto,6,19.29,Sí,No,Carnes,No,App,4141,Carnes,32.0,4.3125,49.65625,0.45177260331445357
5748184249,22,Masculino,Chicago,Medio,2,10.49,No,Sí,Pescado,Sí,App,2924,Mariscos y pescado,21.0,4.409523809523809,59.142857142857146,0.37930756843800323
3385415624,60,Masculino,Chicago,Medio,5,11.02,No,Sí,Carnes,No,Efectivo,2830,Carnes,32.0,4.3125,49.65625,0.45177260331445357
3207160929,20,Femenino,Chicago,Alto,4,9.29,Sí,Sí,Vegetariano,No,Tarjeta,3511,Vegetariano/Vegano,2.0,4.1,847.0,0.02648563557654467
8751443073,38,Femenino,Chicago,Bajo,1,5.56,No,Sí,Vegano,No,Tarjeta,998,Vegetariano/Vegano,2.0,4.1,847.0,0.02648563557654467
2108994930,68,Masculino,Chicago,Alto,4,21.27,No,Sí,Carnes,Sí,Efectivo,5241,Carnes,32.0,4.3125,49.65625,0.45177260331445357
8247729205,41,Femenino,Chicago,Bajo,1,9.44,No,No,Pescado,No,App,1273,Mariscos y pescado,21.0,4.409523809523809,59.142857142857146,0.37930756843800323
5760130713,31,Femenino,Chicago,Muy Alto,7,78.78,Sí,Sí,Otro,No,App,15972,Otro,191.0,4.39738219895288,3.094240837696335,7.250028200789622
2024700318,71,Femenino,Chicago,Bajo,1,6.845,No,Sí,Carnes,No,App,1419,Carnes,32.0,4.3125,49.65625,0.45177260331445357
3477355508,74,Masculino,Chicago,Muy Alto,6,69.45,No,No,Pescado,Sí,Tarjeta,13973,Mariscos y pescado,21.0,4.409523809523809,59.142857142857146,0.37930756843800323
1822502849,33,Femenino,Chicago,Medio,5,6.0,No,No,Carnes,No,Efectivo,1732,Carnes,32.0,4.3125,49.65625,0.45177260331445357
5086141034,78,Masculino,Chicago,Bajo,3,6.77,No,Sí,Carnes,No,Tarjeta,1006,Carnes,32.0,4.3125,49.65625,0.45177260331445357
3962364793,68,Femenino,Chicago,Alto,4,27.03,No,No,Otro,Sí,App,7337,Otro,191.0,4.39738219895288,3.094240837696335,7.250028200789622
3045403105,74,Femenino,Chicago,Alto,6,53.63,No,Sí,Vegetariano,Sí,Tarjeta,8631,Vegetariano/Vegano,2.0,4.1,847.0,0.02648563557654467
4638161940,24,Masculino,Chicago,Alto,5,14.58,No,Sí,Pescado,Sí,App,6797,Mariscos y pescado,21.0,4.409523809523809,59.142857142857146,0.37930756843800323
2945461842,76,Femenino,Chicago,Bajo,0,0.0,Sí,No,Otro,No,App,1430,Otro,191.0,4.39738219895288,3.094240837696335,7.250028200789622
7039240309,68,Femenino,Chicago,Medio,2,7.55,No,Sí,Mariscos,No,Efectivo,1612,Mariscos y pescado,21.0,4.409523809523809,59.142857142857146,0.37930756843800323
6274215497,37,Masculino,Chicago,Medio,4,8.7,No,Sí,Pescado,No,Tarjeta,1901,Mariscos y pescado,21.0,4.409523809523809,59.142857142857146,0.37930756843800323
9567991025,50,Masculino,Chicago,Medio,2,10.67,No,No,Mariscos,Sí,App,3337,Mariscos y pescado,21.0,4.409523809523809,59.142857142857146,0.37930756843800323
3227620323,27,Femenino,Chicago,Muy Alto,5,103.85,Sí,Sí,Carnes,Sí,Tarjeta,12191,Carnes,32.0,4.3125,49.65625,0.45177260331445357
2167065430,50,Femenino,Chicago,Medio,4,27.44,No,Sí,Pescado,Sí,Tarjeta,3088,Mariscos y pescado,21.0,4.409523809523809,59.142857142857146,0.37930756843800323
6360027517,56,Femenino,Chicago,Alto,6,18.18,No,No,Otro,Sí,Tarjeta,7937,Otro,191.0,4.39738219895288,3.094240837696335,7.250028200789622
8648927867,69,Femenino,Chicago,Bajo,2,6.21,Sí,Sí,Carnes,No,Efectivo,1099,Carnes,32.0,4.3125,49.65625,0.45177260331445357
2660440280,37,Femenino,Chicago,Medio,3,23.73,No,Sí,Otro,No,App,2522,Otro,191.0,4.39738219895288,3.094240837696335,7.250028200789622
3174690195,66,Masculino,Chicago,Medio,3,6.22,No,No,Pescado,No,App,3490,Mariscos y pescado,21.0,4.409523809523809,59.142857142857146,0.37930756843800323
9759434206,31,Femenino,Chicago,Medio,5,29.49,No,No,Vegetariano,No,App,2310,Vegetariano/Vegano,2.0,4.1,847.0,0.02648563557654467
6254931219,41,Masculino,Chicago,Medio,3,25.31,No,Sí,Mariscos,No,App,3139,Mariscos y pescado,21.0,4.409523809523809,59.142857142857146,0.37930756843800323
1519446557,38,Masculino,Chicago,Bajo,3,8.77,Sí,No,Carnes,Sí,Efectivo,1352,Carnes,32.0,4.3125,49.65625,0.45177260331445357
2247605637,62,Femenino,Chicago,Alto,6,24.74,Sí,Sí,Vegano,Sí,Efectivo,6450,Vegetariano/Vegano,2.0,4.1,847.0,0.02648563557654467
6316569745,70,Femenino,Chicago,Muy Alto,5,21.92,Sí,Sí,Carnes,Sí,App,12872,Carnes,32.0,4.3125,49.65625,0.45177260331445357
6111920251,57,Masculino,Chicago,Bajo,2,5.67,No,Sí,Mariscos,No,Efectivo,1344,Mariscos y pescado,21.0,4.409523809523809,59.142857142857146,0.37930756843800323
5182110973,53,Masculino,Chicago,Alto,6,57.39,Sí,No,Sin dato,Sí,Efectivo,6131,Sin dato,,,,
4044608073,45,Masculino,Chicago,Medio,2,11.65,Sí,Sí,Mariscos,No,Criptomoneda,1863,Mariscos y pescado,21.0,4.409523809523809,59.142857142857146,0.37930756843800323
6016176766,75,Masculino,Chicago,Bajo,1,8.44,No,No,Carnes,No,Efectivo,1508,Carnes,32.0,4.3125,49.65625,0.45177260331445357
4697917006,42,Masculino,Chicago,Bajo,3,7.54,No,Sí,Carnes,No,App,1040,Carnes,32.0,4.3125,49.65625,0.45177260331445357
3860809922,39,Femenino,Chicago,Medio,3,26.13,Sí,Sí,Carnes,No,App,2646,Carnes,32.0,4.3125,49.65625,0.45177260331445357
6926127337,25,Femenino,Chicago,Muy Alto,10,32.84,Sí,Sí,Vegetariano,Sí,Efectivo,17449,Vegetariano/Vegano,2.0,4.1,847.0,0.02648563557654467
9953906342,54,Masculino,Chicago,Bajo,1,5.98,Sí,Sí,Carnes,No,App,1113,Carnes,32.0,4.3125,49.65625,0.45177260331445357
7285100154,34,Masculino,Chicago,Muy Alto,8,13.62,No,No,Mariscos,Sí,Tarjeta,13485,Mariscos y pescado,21.0,4.409523809523809,59.142857142857146,0.37930756843800323
1640959649,65,Femenino,Chicago,Medio,2,10.19,Sí,Sí,Sin dato,Sí,Efectivo,2540,Sin dato,,,,
5741231012,77,Masculino,Chicago,Bajo,1,6.01,Sí,Sí,Otro,No,Efectivo,1367,Otro,191.0,4.39738219895288,3.094240837696335,7.250028200789622
1540148130,73,Femenino,Chicago,Medio,3,8.92,No,Sí,Mariscos,No,Efectivo,2297,Mariscos y pescado,21.0,4.409523809523809,59.142857142857146,0.37930756843800323
4559294890,30,Femenino,Chicago,Bajo,2,5.83,Sí,Sí,Pescado,No,Efectivo,921,Mariscos y pescado,21.0,4.409523809523809,59.142857142857146,0.37930756843800323
5633713065,32,Femenino,Chicago,Medio,4,26.47,Sí,No,Pescado,No,Efectivo,2394,Mariscos y pescado,21.0,4.409523809523809,59.142857142857146,0.37930756843800323
6464739316,76,Masculino,Chicago,Medio,4,22.65,No,Sí,Pescado,No,App,1891,Mariscos y pescado,21.0,4.409523809523809,59.142857142857146,0.37930756843800323
8120738425,24,Masculino,Chicago,Medio,4,14.1,No,Sí,Vegetariano,Sí,App,2801,Vegetariano/Vegano,2.0,4.1,847.0,0.02648563557654467
2079501936,33,Masculino,Chicago,Alto,6,9.48,No,No,Carnes,No,App,4502,Carnes,32.0,4.3125,49.65625,0.45177260331445357
4690917194,73,Masculino,Chicago,Bajo,1,9.01,Sí,No,Vegetariano,No,App,1044,Vegetariano/Vegano,2.0,4.1,847.0,0.02648563557654467
8933817352,65,Femenino,Chicago,Medio,3,14.29,Sí,Sí,Carnes,No,Efectivo,2713,Carnes,32.0,4.3125,49.65625,0.45177260331445357
9597569343,55,Masculino,Chicago,Alto,6,56.63,No,Sí,Carnes,Sí,Tarjeta,4976,Carnes,32.0,4.3125,49.65625,0.45177260331445357
3867426874,27,Femenino,Chicago,Medio,4,11.2,No,Sí,Mariscos,No,Efectivo,1712,Mariscos y pescado,21.0,4.409523809523809,59.142857142857146,0.37930756843800323
7160394051,59,Femenino,Chicago,Muy Alto,7,104.92,No,Sí,Vegetariano,Sí,Tarjeta,11484,Vegetariano/Vegano,2.0,4.1,847.0,0.02648563557654467
8619862050,55,Masculino,Chicago,Alto,6,5.73,No,No,Vegano,Sí,Efectivo,7572,Vegetariano/Vegano,2.0,4.1,847.0,0.02648563557654467
4774425913,65,Masculino,Chicago,Muy Alto,7,93.42,Sí,Sí,Carnes,Sí,Tarjeta,17934,Carnes,32.0,4.3125,49.65625,0.45177260331445357
5866136982,75,Femenino,Chicago,Bajo,3,8.33,Sí,No,Mariscos,No,Criptomoneda,1367,Mariscos y pescado,21.0,4.409523809523809,59.142857142857146,0.37930756843800323
2642768997,52,Masculino,Chicago,Bajo,3,8.29,Sí,Sí,Vegetariano,No,Efectivo,955,Vegetariano/Vegano,2.0,4.1,847.0,0.02648563557654467
7914730523,77,Masculino,Chicago,Bajo,2,6.33,No,Sí,Vegano,No,Efectivo,1292,Vegetariano/Vegano,2.0,4.1,847.0,0.02648563557654467
8003341697,75,Femenino,Chicago,Bajo,1,6.35,Sí,Sí,Vegetariano,No,App,1146,Vegetariano/Vegano,2.0,4.1,847.0,0.02648563557654467
1063161101,73,Femenino,Chicago,Muy Alto,6,89.4,Sí,No,Mariscos,Sí,Efectivo,12984,Mariscos y pescado,21.0,4.409523809523809,59.142857142857146,0.37930756843800323
6409861789,46,Femenino,Chicago,Muy Alto,6,91.65,No,Sí,Mariscos,Sí,Tarjeta,12341,Mariscos y pescado,21.0,4.409523809523809,59.142857142857146,0.37930756843800323
6125954569,46,Masculino,Chicago,Medio,3,9.13,Sí,No,Carnes,No,Efectivo,1669,Carnes,32.0,4.3125,49.65625,0.45177260331445357
7019050057,55,Masculino,Chicago,Alto,4,31.45,No,Sí,Sin dato,Sí,Efectivo,6174,Sin dato,,,,
7499741213,75,Masculino,Chicago,Muy Alto,6,64.79,Sí,No,Pescado,Sí,Tarjeta,13635,Mariscos y pescado,21.0,4.409523809523809,59.142857142857146,0.37930756843800323
6058686519,21,Masculino,Chicago,Medio,4,23.34,No,Sí,Carnes,No,Efectivo,1728,Carnes,32.0,4.3125,49.65625,0.45177260331445357
8991977937,50,Masculino,Chicago,Medio,4,5.83,Sí,No,Vegano,No,App,3406,Vegetariano/Vegano,2.0,4.1,847.0,0.02648563557654467
3321364988,62,Femenino,Chicago,Muy Alto,7,88.43,No,Sí,Pescado,Sí,Efectivo,13227,Mariscos y pescado,21.0,4.409523809523809,59.142857142857146,0.37930756843800323
3523981175,60,Femenino,Chicago,Alto,5,7.15,No,No,Pescado,Sí,Efectivo,5451,Mariscos y pescado,21.0,4.409523809523809,59.142857142857146,0.37930756843800323
1442421654,43,Femenino,Chicago,Alto,4,34.42,No,Sí,Vegetariano,No,Criptomoneda,3983,Vegetariano/Vegano,2.0,4.1,847.0,0.02648563557654467
4711527821,58,Masculino,Chicago,Medio,3,5.75,Sí,No,Carnes,No,App,2092,Carnes,32.0,4.3125,49.65625,0.45177260331445357
3539201723,39,Masculino,Chicago,Bajo,3,9.13,Sí,Sí,Vegetariano,No,Tarjeta,1119,Vegetariano/Vegano,2.0,4.1,847.0,0.02648563557654467
3531370274,46,Masculino,Chicago,Alto,6,18.0,Sí,No,Mariscos,Sí,Efectivo,7588,Mariscos y pescado,21.0,4.409523809523809,59.142857142857146,0.37930756843800323
8434006782,48,Femenino,Chicago,Muy Alto,6,82.62,Sí,No,Carnes,Sí,Tarjeta,14217,Carnes,32.0,4.3125,49.65625,0.45177260331445357
9844353153,60,Femenino,Chicago,Medio,5,5.12,Sí,No,Carnes,No,Criptomoneda,1883,Carnes,32.0,4.3125,49.65625,0.45177260331445357
8620574752,48,Femenino,Chicago,Alto,4,17.63,No,No,Vegano,No,Tarjeta,6080,Vegetariano/Vegano,2.0,4.1,847.0,0.02648563557654467
6582684973,56,Masculino,Chicago,Bajo,3,7.09,No,Sí,Carnes,No,Efectivo,1091,Carnes,32.0,4.3125,49.65625,0.45177260331445357
4024584533,74,Femenino,Chicago,Muy Alto,9,16.82,No,No,Vegetariano,Sí,Efectivo,12567,Vegetariano/Vegano,2.0,4.1,847.0,0.02648563557654467
7110305796,31,Masculino,Chicago,Medio,3,21.27,No,Sí,Carnes,No,Efectivo,2070,Carnes,32.0,4.3125,49.65625,0.45177260331445357
1216737723,45,Masculino,Chicago,Muy Alto,6,60.41,Sí,Sí,Otro,Sí,Tarjeta,17056,Otro,191.0,4.39738219895288,3.094240837696335,7.250028200789622
5688498350,49,Femenino,Chicago,Medio,3,29.7,Sí,No,Pescado,No,App,3201,Mariscos y pescado,21.0,4.409523809523809,59.142857142857146,0.37930756843800323
2870719066,71,Masculino,Chicago,Medio,4,17.8,No,No,Vegetariano,No,Efectivo,2063,Vegetariano/Vegano,2.0,4.1,847.0,0.02648563557654467
9847606796,64,Femenino,Chicago,Medio,5,27.11,Sí,Sí,Carnes,No,Efectivo,2613,Carnes,32.0,4.3125,49.65625,0.45177260331445357
8392402277,29,Masculino,Chicago,Medio,5,9.94,Sí,Sí,Pescado,No,Tarjeta,3439,Mariscos y pescado,21.0,4.409523809523809,59.142857142857146,0.37930756843800323
5626388820,70,Masculino,Chicago,Medio,5,11.88,No,Sí,Vegetariano,No,Efectivo,2442,Vegetariano/Vegano,2.0,4.1,847.0,0.02648563557654467
6556177919,56,Femenino,Chicago,Alto,5,26.04,No,No,Vegano,Sí,Tarjeta,7142,Vegetariano/Vegano,2.0,4.1,847.0,0.02648563557654467
6697567020,27,Femenino,Chicago,Muy Alto,10,82.77,No,Sí,Vegetariano,Sí,Efectivo,15683,Vegetariano/Vegano,2.0,4.1,847.0,0.02648563557654467
8198213454,53,Masculino,Chicago,Alto,4,59.95,Sí,Sí,Vegetariano,Sí,Tarjeta,8918,Vegetariano/Vegano,2.0,4.1,847.0,0.02648563557654467
2652655288,77,Masculino,Chicago,Alto,5,52.5,No,Sí,Mariscos,Sí,Efectivo,4124,Mariscos y pescado,21.0,4.409523809523809,59.142857142857146,0.37930756843800323
1072676769,24,Femenino,Chicago,Bajo,2,5.31,Sí,No,Vegano,No,Tarjeta,1594,Vegetariano/Vegano,2.0,4.1,847.0,0.02648563557654467
3433447929,35,Femenino,Chicago,Bajo,3,5.5,Sí,Sí,Carnes,No,Tarjeta,1544,Carnes,32.0,4.3125,49.65625,0.45177260331445357
2179018659,44,Masculino,Chicago,Medio,5,15.31,No,No,Vegano,Sí,App,1643,Vegetariano/Vegano,2.0,4.1,847.0,0.02648563557654467
2027636960,75,Femenino,Chicago,Medio,5,5.9,No,No,Otro,Sí,Tarjeta,2330,Otro,191.0,4.39738219895288,3.094240837696335,7.250028200789622
5659161352,31,Masculino,Chicago,Medio,5,19.4,Sí,No,Carnes,No,App,1790,Carnes,32.0,4.3125,49.65625,0.45177260331445357
2117944144,34,Masculino,Chicago,Muy Alto,9,29.7,No,No,Sin dato,Sí,App,10928,Sin dato,,,,
1776130576,77,Masculino,Chicago,Alto,5,10.71,Sí,No,Pescado,Sí,Efectivo,8390,Mariscos y pescado,21.0,4.409523809523809,59.142857142857146,0.37930756843800323
7360334651,49,Masculino,Chicago,Bajo,2,7.29,No,Sí,Mariscos,No,App,848,Mariscos y pescado,21.0,4.409523809523809,59.142857142857146,0.37930756843800323
9653250499,75,Masculino,Chicago,Muy Alto,5,61.12,No,Sí,Vegetariano,Sí,Efectivo,11532,Vegetariano/Vegano,2.0,4.1,847.0,0.02648563557654467
9422419305,69,Femenino,Chicago,Medio,2,5.89,Sí,Sí,Vegetariano,No,App,3437,Vegetariano/Vegano,2.0,4.1,847.0,0.02648563557654467
2073108894,38,Masculino,Chicago,Alto,5,42.1,Sí,No,Vegetariano,Sí,Tarjeta,8875,Vegetariano/Vegano,2.0,4.1,847.0,0.02648563557654467
5103462257,54,Femenino,Chicago,Alto,4,47.27,No,Sí,Carnes,Sí,Efectivo,5998,Carnes,32.0,4.3125,49.65625,0.45177260331445357
3988572729,37,Masculino,Chicago,Muy Alto,10,98.0,No,No,Pescado,Sí,Efectivo,11851,Mariscos y pescado,21.0,4.409523809523809,59.142857142857146,0.37930756843800323
6100717104,60,Masculino,Chicago,Medio,2,16.76,Sí,No,Vegetariano,No,App,1606,Vegetariano/Vegano,2.0,4.1,847.0,0.02648563557654467
8734449371,76,Femenino,Chicago,Alto,6,58.95,No,No,Vegetariano,Sí,Tarjeta,6931,Vegetariano/Vegano,2.0,4.1,847.0,0.02648563557654467
9561219277,26,Femenino,Chicago,Medio,4,14.22,No,Sí,Otro,No,Efectivo,3270,Otro,191.0,4.39738219895288,3.094240837696335,7.250028200789622
7895548776,56,Femenino,Chicago,Medio,3,16.37,No,No,Vegano,No,Tarjeta,3259,Vegetariano/Vegano,2.0,4.1,847.0,0.02648563557654467
3974006584,31,Masculino,Chicago,Muy Alto,8,34.63,No,Sí,Vegetariano,Sí,Tarjeta,15131,Vegetariano/Vegano,2.0,4.1,847.0,0.02648563557654467
8569440102,33,Femenino,Chicago,Medio,4,14.61,Sí,Sí,Sin dato,No,Efectivo,2798,Sin dato,,,,
6986375440,41,Femenino,Chicago,Muy Alto,5,39.73,Sí,No,Sin dato,Sí,App,14564,Sin dato,,,,
3063480704,43,Femenino,Chicago,Bajo,2,7.07,Sí,No,Carnes,No,Tarjeta,1089,Carnes,32.0,4.3125,49.65625,0.45177260331445357
5238555624,32,Masculino,Chicago,Alto,4,33.96,No,Sí,Pescado,Sí,Efectivo,7642,Mariscos y pescado,21.0,4.409523809523809,59.142857142857146,0.37930756843800323
2476811694,70,Masculino,Chicago,Medio,3,26.7,Sí,Sí,Vegetariano,No,Criptomoneda,2694,Vegetariano/Vegano,2.0,4.1,847.0,0.02648563557654467
7347455952,26,Masculino,Chicago,Medio,4,19.08,Sí,Sí,Mariscos,Sí,Tarjeta,2314,Mariscos y pescado,21.0,4.409523809523809,59.142857142857146,0.37930756843800323
6308420797,32,Femenino,Chicago,Bajo,2,8.56,Sí,No,Carnes,No,App,1520,Carnes,32.0,4.3125,49.65625,0.45177260331445357
8318583193,74,Masculino,Chicago,Muy Alto,9,19.5,No,No,Otro,Sí,Efectivo,17452,Otro,191.0,4.39738219895288,3.094240837696335,7.250028200789622
2385666316,68,Masculino,Chicago,Alto,5,42.25,No,Sí,Otro,Sí,Tarjeta,6714,Otro,191.0,4.39738219895288,3.094240837696335,7.250028200789622
1806937108,28,Masculino,Chicago,Bajo,3,8.2,No,Sí,Pescado,No,Efectivo,1089,Mariscos y pescado,21.0,4.409523809523809,59.142857142857146,0.37930756843800323
3372845154,76,Femenino,Chicago,Muy Alto,5,80.83,No,No,Carnes,Sí,Tarjeta,15587,Carnes,32.0,4.3125,49.65625,0.45177260331445357
4180599722,57,Femenino,Chicago,Muy Alto,7,85.9,No,Sí,Otro,Sí,Tarjeta,13553,Otro,191.0,4.39738219895288,3.094240837696335,7.250028200789622
1185303518,78,Femenino,Chicago,Medio,3,18.59,No,Sí,Vegetariano,No,App,3399,Vegetariano/Vegano,2.0,4.1,847.0,0.02648563557654467
4359141052,32,Femenino,Chicago,Medio,2,24.35,No,Sí,Mariscos,No,App,2475,Mariscos y pescado,21.0,4.409523809523809,59.142857142857146,0.37930756843800323
5551636322,37,Femenino,Chicago,Medio,2,21.48,No,Sí,Carnes,No,Tarjeta,3401,Carnes,32.0,4.3125,49.65625,0.45177260331445357
5408120679,43,Masculino,Chicago,Medio,5,13.66,No,Sí,Carnes,Sí,Efectivo,3490,Carnes,32.0,4.3125,49.65625,0.45177260331445357
8817415821,66,Masculino,Chicago,Medio,5,20.58,Sí,Sí,Vegetariano,No,App,2694,Vegetariano/Vegano,2.0,4.1,847.0,0.02648563557654467
6407956109,71,Femenino,Chicago,Alto,6,40.25,No,No,Pescado,Sí,Efectivo,6161,Mariscos y pescado,21.0,4.409523809523809,59.142857142857146,0.37930756843800323
8984839904,66,Femenino,Chicago,Medio,2,19.54,Sí,No,Carnes,No,Efectivo,2097,Carnes,32.0,4.3125,49.65625,0.45177260331445357
8537896365,76,Masculino,Chicago,Alto,5,37.97,No,Sí,Mariscos,No,Tarjeta,6156,Mariscos y pescado,21.0,4.409523809523809,59.142857142857146,0.37930756843800323
3815389788,62,Masculino,Chicago,Bajo,3,8.38,No,Sí,Sin dato,No,Tarjeta,951,Sin dato,,,,
8114823321,63,Femenino,Chicago,Alto,5,6.05,No,Sí,Pescado,No,Tarjeta,3746,Mariscos y pescado,21.0,4.409523809523809,59.142857142857146,0.37930756843800323
3824691843,32,Masculino,Chicago,Medio,4,5.75,No,No,Mariscos,No,Tarjeta,3124,Mariscos y pescado,21.0,4.409523809523809,59.142857142857146,0.37930756843800323
6991993596,29,Masculino,Chicago,Medio,5,7.33,Sí,Sí,Otro,No,Efectivo,2074,Otro,191.0,4.39738219895288,3.094240837696335,7.250028200789622
8902114913,52,Masculino,Chicago,Alto,5,6.69,No,No,Carnes,Sí,Tarjeta,5353,Carnes,32.0,4.3125,49.65625,0.45177260331445357
8172685395,51,Masculino,Chicago,Bajo,2,5.8,Sí,No,Vegano,No,Tarjeta,1461,Vegetariano/Vegano,2.0,4.1,847.0,0.02648563557654467
9485141169,56,Masculino,Chicago,Medio,4,12.04,No,Sí,Vegetariano,No,Efectivo,2995,Vegetariano/Vegano,2.0,4.1,847.0,0.02648563557654467
5163138785,29,Femenino,Chicago,Bajo,2,8.46,No,Sí,Pescado,No,Efectivo,1431,Mariscos y pescado,21.0,4.409523809523809,59.142857142857146,0.37930756843800323
7290717997,73,Masculino,Chicago,Medio,5,11.19,Sí,No,Carnes,No,App,2475,Carnes,32.0,4.3125,49.65625,0.45177260331445357
8789659355,31,Femenino,Chicago,Muy Alto,8,53.52,Sí,Sí,Otro,Sí,Efectivo,11858,Otro,191.0,4.39738219895288,3.094240837696335,7.250028200789622
9112422063,36,Masculino,Chicago,Bajo,0,0.0,Sí,No,Carnes,No,App,1544,Carnes,32.0,4.3125,49.65625,0.45177260331445357
3749112850,77,Femenino,Chicago,Bajo,1,7.82,Sí,No,Sin dato,No,App,1435,Sin dato,,,,
1675523330,39,Femenino,Chicago,Muy Alto,6,89.03,No,Sí,Vegano,Sí,Tarjeta,13331,Vegetariano/Vegano,2.0,4.1,847.0,0.02648563557654467
5428284461,44,Femenino,Chicago,Bajo,2,6.71,No,No,Otro,No,Tarjeta,1006,Otro,191.0,4.39738219895288,3.094240837696335,7.250028200789622
4975575744,43,Femenino,Chicago,Muy Alto,8,103.42,Sí,No,Vegetariano,Sí,Criptomoneda,14894,Vegetariano/Vegano,2.0,4.1,847.0,0.02648563557654467
7946687032,55,Masculino,Chicago,Alto,4,37.54,Sí,Sí,Vegetariano,Sí,Tarjeta,6366,Vegetariano/Vegano,2.0,4.1,847.0,0.02648563557654467
8486260971,38,Femenino,Chicago,Bajo,3,8.03,No,Sí,Vegetariano,No,Efectivo,1054,Vegetariano/Vegano,2.0,4.1,847.0,0.02648563557654467
4622764995,33,Femenino,Chicago,Alto,5,8.56,No,No,Carnes,Sí,App,6619,Carnes,32.0,4.3125,49.65625,0.45177260331445357
2171819925,77,Masculino,Chicago,Bajo,1,9.48,No,No,Carnes,No,Tarjeta,1571,Carnes,32.0,4.3125,49.65625,0.45177260331445357
7803990970,19,Masculino,Chicago,Alto,5,44.22,Sí,No,Vegano,Sí,Efectivo,7818,Vegetariano/Vegano,2.0,4.1,847.0,0.02648563557654467
6258396060,79,Femenino,Chicago,Muy Alto,9,10.46,Sí,No,Mariscos,Sí,Efectivo,17525,Mariscos y pescado,21.0,4.409523809523809,59.142857142857146,0.37930756843800323
6118341434,29,Femenino,Chicago,Muy Alto,10,28.51,No,Sí,Mariscos,Sí,App,15577,Mariscos y pescado,21.0,4.409523809523809,59.142857142857146,0.37930756843800323
6538759198,26,Masculino,Chicago,Medio,4,22.06,Sí,Sí,Pescado,No,Tarjeta,2474,Mariscos y pescado,21.0,4.409523809523809,59.142857142857146,0.37930756843800323
6289141018,63,Femenino,Chicago,Alto,5,39.93,No,Sí,Carnes,Sí,Tarjeta,8388,Carnes,32.0,4.3125,49.65625,0.45177260331445357
2782504080,41,Masculino,Chicago,Medio,2,9.88,Sí,No,Otro,No,App,2748,Otro,191.0,4.39738219895288,3.094240837696335,7.250028200789622
3268774369,59,Femenino,Chicago,Medio,5,23.55,Sí,Sí,Otro,No,Efectivo,1630,Otro,191.0,4.39738219895288,3.094240837696335,7.250028200789622
5902780755,49,Femenino,Chicago,Muy Alto,7,30.58,No,Sí,Sin dato,Sí,App,9508,Sin dato,,,,
1103082975,58,Femenino,Chicago,Alto,4,41.46,Sí,Sí,Mariscos,No,Tarjeta,7120,Mariscos y pescado,21.0,4.409523809523809,59.142857142857146,0.37930756843800323
9699462439,53,Femenino,Chicago,Alto,4,33.11,No,No,Vegano,Sí,Efectivo,3874,Vegetariano/Vegano,2.0,4.1,847.0,0.02648563557654467
7936458375,80,Femenino,Chicago,Muy Alto,10,92.77,Sí,No,Carnes,Sí,App,9510,Carnes,32.0,4.3125,49.65625,0.45177260331445357
8407773828,58,Masculino,Chicago,Muy Alto,10,24.54,Sí,Sí,Mariscos,Sí,App,15215,Mariscos y pescado,21.0,4.409523809523809,59.142857142857146,0.37930756843800323
5793250991,35,Masculino,Chicago,Medio,3,26.5,Sí,No,Carnes,Sí,Tarjeta,1642,Carnes,32.0,4.3125,49.65625,0.45177260331445357
2599927545,37,Masculino,Chicago,Alto,4,17.49,Sí,Sí,Otro,Sí,Efectivo,4321,Otro,191.0,4.39738219895288,3.094240837696335,7.250028200789622
8910616248,20,Femenino,Chicago,Muy Alto,8,14.71,No,Sí,Vegetariano,Sí,Efectivo,14704,Vegetariano/Vegano,2.0,4.1,847.0,0.02648563557654467
6389048873,59,Femenino,Chicago,Muy Alto,8,34.65,No,Sí,Carnes,Sí,Efectivo,10753,Carnes,32.0,4.3125,49.65625,0.45177260331445357
4719041291,25,Masculino,Chicago,Medio,5,26.58,Sí,Sí,Otro,No,Efectivo,3484,Otro,191.0,4.39738219895288,3.094240837696335,7.250028200789622
1682536038,73,Masculino,Chicago,Medio,3,19.09,Sí,No,Carnes,No,Efectivo,3161,Carnes,32.0,4.3125,49.65625,0.45177260331445357
9803853753,66,Femenino,Chicago,Muy Alto,7,31.65,Sí,Sí,Sin dato,Sí,App,14269,Sin dato,,,,
4019762806,75,Femenino,Chicago,Medio,5,12.03,Sí,No,Pescado,No,Tarjeta,2305,Mariscos y pescado,21.0,4.409523809523809,59.142857142857146,0.37930756843800323
7084334248,20,Femenino,Chicago,Medio,4,25.33,Sí,Sí,Otro,No,Tarjeta,1614,Otro,191.0,4.39738219895288,3.094240837696335,7.250028200789622
2268523764,59,Femenino,Chicago,Bajo,2,9.39,No,No,Carnes,No,Tarjeta,978,Carnes,32.0,4.3125,49.65625,0.45177260331445357
8255658983,45,Masculino,Chicago,Bajo,2,9.7,Sí,Sí,Pescado,No,App,1423,Mariscos y pescado,21.0,4.409523809523809,59.142857142857146,0.37930756843800323
5034158042,66,Femenino,Chicago,Alto,6,15.48,Sí,Sí,Sin dato,No,Tarjeta,7865,Sin dato,,,,
5691069540,33,Masculino,Chicago,Bajo,2,6.14,No,Sí,Otro,No,Tarjeta,1322,Otro,191.0,4.39738219895288,3.094240837696335,7.250028200789622
7608810774,47,Masculino,Chicago,Bajo,1,7.1,No,No,Carnes,No,Tarjeta,1591,Carnes,32.0,4.3125,49.65625,0.45177260331445357
2313042822,45,Masculino,Chicago,Medio,3,12.47,Sí,Sí,Carnes,No,Tarjeta,3031,Carnes,32.0,4.3125,49.65625,0.45177260331445357
3622980061,31,Femenino,Chicago,Alto,6,25.41,Sí,No,Carnes,Sí,Tarjeta,7684,Carnes,32.0,4.3125,49.65625,0.45177260331445357
5070095024,50,Masculino,Chicago,Muy Alto,6,86.0,Sí,Sí,Carnes,Sí,App,10070,Carnes,32.0,4.3125,49.65625,0.45177260331445357
1124500087,54,Femenino,Chicago,Medio,5,26.28,No,No,Vegetariano,Sí,Efectivo,2624,Vegetariano/Vegano,2.0,4.1,847.0,0.02648563557654467
9863938316,19,Femenino,Chicago,Medio,2,13.81,No,Sí,Otro,No,Efectivo,3218,Otro,191.0,4.39738219895288,3.094240837696335,7.250028200789622
2247560494,43,Femenino,Chicago,Alto,4,51.54,Sí,Sí,Vegetariano,No,App,7527,Vegetariano/Vegano,2.0,4.1,847.0,0.02648563557654467
6646732159,73,Masculino,Chicago,Medio,2,19.72,No,No,Sin dato,No,App,2142,Sin dato,,,,
5116298055,38,Femenino,Chicago,Medio,2,10.17,No,Sí,Carnes,No,Efectivo,1805,Carnes,32.0,4.3125,49.65625,0.45177260331445357
2261664000,26,Masculino,Chicago,Alto,5,52.38,Sí,Sí,Otro,Sí,Efectivo,5147,Otro,191.0,4.39738219895288,3.094240837696335,7.250028200789622
3848598007,62,Femenino,Chicago,Muy Alto,9,67.57,Sí,Sí,Otro,Sí,App,15556,Otro,191.0,4.39738219895288,3.094240837696335,7.250028200789622
3725152347,32,Masculino,Chicago,Medio,2,13.79,No,No,Vegetariano,No,Tarjeta,1726,Vegetariano/Vegano,2.0,4.1,847.0,0.02648563557654467
6469864421,69,Masculino,Chicago,Medio,3,9.52,No,Sí,Carnes,No,Efectivo,2673,Carnes,32.0,4.3125,49.65625,0.45177260331445357
9277288208,49,Masculino,Chicago,Bajo,1,9.67,No,No,Carnes,No,Efectivo,1532,Carnes,32.0,4.3125,49.65625,0.45177260331445357
6146712641,57,Masculino,Chicago,Medio,5,13.94,Sí,Sí,Carnes,No,Tarjeta,1817,Carnes,32.0,4.3125,49.65625,0.45177260331445357
7984434647,79,Femenino,Chicago,Bajo,0,0.0,Sí,Sí,Mariscos,No,Tarjeta,994,Mariscos y pescado,21.0,4.409523809523809,59.142857142857146,0.37930756843800323
6229270758,36,Masculino,Chicago,Alto,6,49.9,No,No,Mariscos,Sí,Efectivo,5926,Mariscos y pescado,21.0,4.409523809523809,59.142857142857146,0.37930756843800323
2463049293,76,Femenino,Chicago,Alto,4,34.22,Sí,Sí,Sin dato,Sí,Efectivo,6020,Sin dato,,,,
7123651519,42,Femenino,Chicago,Alto,6,12.84,No,Sí,Vegano,Sí,Tarjeta,4905,Vegetariano/Vegano,2.0,4.1,847.0,0.02648563557654467
1099218439,20,Femenino,Chicago,Alto,4,43.54,No,Sí,Mariscos,Sí,App,6130,Mariscos y pescado,21.0,4.409523809523809,59.142857142857146,0.37930756843800323
8423814481,57,Femenino,Chicago,Muy Alto,10,48.27,Sí,Sí,Carnes,Sí,Criptomoneda,10066,Carnes,32.0,4.3125,49.65625,0.45177260331445357
1452859128,47,Femenino,Chicago,Muy Alto,10,55.54,Sí,Sí,Carnes,Sí,Efectivo,12596,Carnes,32.0,4.3125,49.65625,0.45177260331445357
7420082849,52,Masculino,Chicago,Medio,2,7.17,No,Sí,Vegetariano,No,Efectivo,2732,Vegetariano/Vegano,2.0,4.1,847.0,0.02648563557654467
4287872460,64,Femenino,Chicago,Muy Alto,9,41.0,No,Sí,Vegetariano,Sí,App,15495,Vegetariano/Vegano,2.0,4.1,847.0,0.02648563557654467
3934194696,79,Masculino,Chicago,Bajo,2,9.58,Sí,No,Mariscos,No,Efectivo,1336,Mariscos y pescado,21.0,4.409523809523809,59.142857142857146,0.37930756843800323
6349866419,50,Masculino,Chicago,Muy Alto,10,48.82,No,Sí,Vegetariano,Sí,Tarjeta,14035,Vegetariano/Vegano,2.0,4.1,847.0,0.02648563557654467
5277242896,33,Femenino,Chicago,Alto,5,50.14,No,Sí,Mariscos,Sí,Efectivo,7861,Mariscos y pescado,21.0,4.409523809523809,59.142857142857146,0.37930756843800323
6054421752,58,Femenino,Chicago,Medio,5,14.24,Sí,Sí,Carnes,No,App,3091,Carnes,32.0,4.3125,49.65625,0.45177260331445357
8913474386,61,Femenino,Chicago,Medio,2,19.14,Sí,Sí,Vegetariano,No,App,2612,Vegetariano/Vegano,2.0,4.1,847.0,0.02648563557654467
6609802660,40,Masculino,Chicago,Alto,6,46.55,No,Sí,Mariscos,Sí,Efectivo,4866,Mariscos y pescado,21.0,4.409523809523809,59.142857142857146,0.37930756843800323
7467073633,33,Femenino,Chicago,Medio,5,6.43,No,Sí,Mariscos,No,Tarjeta,2381,Mariscos y pescado,21.0,4.409523809523809,59.142857142857146,0.37930756843800323
8630672771,78,Masculino,Chicago,Muy Alto,9,15.89,Sí,No,Pescado,Sí,Tarjeta,12135,Mariscos y pescado,21.0,4.409523809523809,59.142857142857146,0.37930756843800323
5955805055,52,Femenino,Chicago,Alto,4,6.62,Sí,Sí,Pescado,No,Efectivo,5455,Mariscos y pescado,21.0,4.409523809523809,59.142857142857146,0.37930756843800323
4048999384,77,Masculino,Chicago,Medio,3,23.62,No,No,Pescado,Sí,Efectivo,2559,Mariscos y pescado,21.0,4.409523809523809,59.142857142857146,0.37930756843800323
8751324864,25,Masculino,Chicago,Medio,4,9.94,Sí,No,Vegetariano,No,App,2268,Vegetariano/Vegano,2.0,4.1,847.0,0.02648563557654467
7991492039,77,Masculino,Chicago,Bajo,3,7.06,Sí,No,Sin dato,No,App,1088,Sin dato,,,,
8641095956,29,Masculino,Chicago,Alto,6,55.99,No,Sí,Sin dato,No,Tarjeta,5667,Sin dato,,,,
7717262223,46,Femenino,Chicago,Bajo,1,7.34,No,No,Vegetariano,No,App,1090,Vegetariano/Vegano,2.0,4.1,847.0,0.02648563557654467
1469718772,30,Masculino,Chicago,Alto,6,14.42,Sí,Sí,Pescado,Sí,App,7159,Mariscos y pescado,21.0,4.409523809523809,59.142857142857146,0.37930756843800323
8843302374,68,Masculino,Chicago,Medio,5,5.55,Sí,No,Carnes,No,Efectivo,3122,Carnes,32.0,4.3125,49.65625,0.45177260331445357
7411136735,31,Femenino,Chicago,Medio,5,6.9,Sí,No,Mariscos,No,App,3071,Mariscos y pescado,21.0,4.409523809523809,59.142857142857146,0.37930756843800323
7750131975,59,Masculino,Chicago,Muy Alto,10,44.86,Sí,No,Vegetariano,Sí,Tarjeta,12189,Vegetariano/Vegano,2.0,4.1,847.0,0.02648563557654467
1893862915,32,Femenino,Chicago,Alto,5,32.955,Sí,Sí,Mariscos,Sí,Tarjeta,6897,Mariscos y pescado,21.0,4.409523809523809,59.142857142857146,0.37930756843800323
6671154600,49,Masculino,Chicago,Medio,4,6.49,No,No,Vegetariano,No,App,3384,Vegetariano/Vegano,2.0,4.1,847.0,0.02648563557654467
2052025838,67,Femenino,Chicago,Alto,5,18.43,No,Sí,Mariscos,Sí,App,5146,Mariscos y pescado,21.0,4.409523809523809,59.142857142857146,0.37930756843800323
6126810947,42,Masculino,Chicago,Medio,3,6.36,No,No,Vegano,No,App,2821,Vegetariano/Vegano,2.0,4.1,847.0,0.02648563557654467
2971444821,49,Femenino,Chicago,Muy Alto,6,19.15,No,No,Carnes,Sí,Efectivo,14244,Carnes,32.0,4.3125,49.65625,0.45177260331445357
1245604745,46,Masculino,Chicago,Medio,2,10.44,No,Sí,Vegetariano,No,Efectivo,1820,Vegetariano/Vegano,2.0,4.1,847.0,0.02648563557654467
7751356568,38,Femenino,Chicago,Medio,4,17.45,Sí,Sí,Pescado,No,App,1631,Mariscos y pescado,21.0,4.409523809523809,59.142857142857146,0.37930756843800323
2142243978,53,Masculino,Chicago,Alto,5,24.26,No,Sí,Sin dato,Sí,Efectivo,6864,Sin dato,,,,
9392935857,78,Masculino,Chicago,Muy Alto,5,51.22,Sí,Sí,Vegetariano,Sí,App,14192,Vegetariano/Vegano,2.0,4.1,847.0,0.02648563557654467
7959376045,57,Femenino,Chicago,Medio,4,9.68,No,Sí,Otro,No,App,2230,Otro,191.0,4.39738219895288,3.094240837696335,7.250028200789622
7673807624,44,Femenino,Chicago,Alto,6,33.68,Sí,No,Mariscos,Sí,Tarjeta,5182,Mariscos y pescado,21.0,4.409523809523809,59.142857142857146,0.37930756843800323
4601033851,23,Femenino,Chicago,Muy Alto,9,102.38,Sí,Sí,Carnes,No,Tarjeta,14250,Carnes,32.0,4.3125,49.65625,0.45177260331445357
7421594188,37,Femenino,Chicago,Medio,5,9.04,Sí,No,Vegano,No,Efectivo,2764,Vegetariano/Vegano,2.0,4.1,847.0,0.02648563557654467
3253479590,51,Femenino,Chicago,Alto,5,30.24,No,Sí,Carnes,Sí,Efectivo,6864,Carnes,32.0,4.3125,49.65625,0.45177260331445357
9341108678,80,Femenino,Chicago,Medio,4,9.26,Sí,No,Otro,No,App,2800,Otro,191.0,4.39738219895288,3.094240837696335,7.250028200789622
2290281457,31,Masculino,Chicago,Alto,5,52.02,Sí,No,Pescado,No,App,5093,Mariscos y pescado,21.0,4.409523809523809,59.142857142857146,0.37930756843800323
4462604723,69,Femenino,Chicago,Bajo,0,0.0,No,No,Vegano,No,App,1123,Vegetariano/Vegano,2.0,4.1,847.0,0.02648563557654467
7365598878,68,Femenino,Chicago,Bajo,1,8.08,Sí,Sí,Vegetariano,No,Criptomoneda,1312,Vegetariano/Vegano,2.0,4.1,847.0,0.02648563557654467
8877466409,19,Masculino,Chicago,Medio,2,8.36,Sí,Sí,Otro,No,Tarjeta,2563,Otro,191.0,4.39738219895288,3.094240837696335,7.250028200789622
1481457154,28,Masculino,Chicago,Medio,3,21.96,Sí,Sí,Otro,No,App,3207,Otro,191.0,4.39738219895288,3.094240837696335,7.250028200789622
5586999381,39,Masculino,Chicago,Alto,4,13.47,Sí,No,Otro,Sí,Efectivo,4990,Otro,191.0,4.39738219895288,3.094240837696335,7.250028200789622
3170988862,19,Femenino,Chicago,Medio,4,16.41,Sí,Sí,Vegetariano,No,Tarjeta,2757,Vegetariano/Vegano,2.0,4.1,847.0,0.02648563557654467
3450365225,35,Masculino,Chicago,Alto,5,37.11,Sí,No,Vegetariano,Sí,Efectivo,6586,Vegetariano/Vegano,2.0,4.1,847.0,0.02648563557654467
6623360831,45,Femenino,Chicago,Medio,5,22.73,Sí,Sí,Mariscos,Sí,Tarjeta,2884,Mariscos y pescado,21.0,4.409523809523809,59.142857142857146,0.37930756843800323
1913875994,22,Masculino,Chicago,Medio,5,5.19,No,No,Sin dato,No,App,1634,Sin dato,,,,
6938875612,22,Masculino,Chicago,Alto,4,51.65,No,Sí,Carnes,Sí,App,3703,Carnes,32.0,4.3125,49.65625,0.45177260331445357
2336223093,75,Masculino,Chicago,Alto,6,20.38,Sí,Sí,Vegetariano,Sí,Tarjeta,3703,Vegetariano/Vegano,2.0,4.1,847.0,0.02648563557654467
1650881893,32,Masculino,Chicago,Bajo,2,7.97,No,Sí,Pescado,No,Efectivo,1042,Mariscos y pescado,21.0,4.409523809523809,59.142857142857146,0.37930756843800323
1617311011,40,Femenino,Chicago,Bajo,1,7.71,No,Sí,Mariscos,No,Efectivo,897,Mariscos y pescado,21.0,4.409523809523809,59.142857142857146,0.37930756843800323
2523105932,70,Femenino,Chicago,Muy Alto,7,29.57,Sí,Sí,Vegetariano,Sí,App,17435,Vegetariano/Vegano,2.0,4.1,847.0,0.02648563557654467
2306915575,35,Femenino,Chicago,Medio,5,14.59,Sí,Sí,Sin dato,No,Efectivo,1870,Sin dato,,,,
2633876728,58,Femenino,Chicago,Bajo,0,0.0,Sí,No,Otro,No,Tarjeta,1586,Otro,191.0,4.39738219895288,3.094240837696335,7.250028200789622
6515369278,62,Femenino,Chicago,Medio,5,12.48,No,Sí,Carnes,No,Tarjeta,1923,Carnes,32.0,4.3125,49.65625,0.45177260331445357
8060995458,33,Masculino,Chicago,Medio,2,19.75,No,No,Vegetariano,No,Tarjeta,2569,Vegetariano/Vegano,2.0,4.1,847.0,0.02648563557654467
2696994888,55,Masculino,Chicago,Alto,5,58.53,No,No,Pescado,Sí,Efectivo,5734,Mariscos y pescado,21.0,4.409523809523809,59.142857142857146,0.37930756843800323
2234753324,19,Femenino,Chicago,Alto,6,37.72,Sí,Sí,Carnes,Sí,Tarjeta,7029,Carnes,32.0,4.3125,49.65625,0.45177260331445357
5473926346,59,Femenino,Chicago,Bajo,3,7.09,No,No,Carnes,No,Tarjeta,1351,Carnes,32.0,4.3125,49.65625,0.45177260331445357
8257522759,20,Masculino,Chicago,Muy Alto,7,53.11,No,Sí,Vegetariano,Sí,Efectivo,10931,Vegetariano/Vegano,2.0,4.1,847.0,0.02648563557654467
4544432520,53,Masculino,Chicago,Alto,5,46.38,No,No,Carnes,Sí,Efectivo,7115,Carnes,32.0,4.3125,49.65625,0.45177260331445357
6164826959,55,Masculino,Chicago,Alto,5,57.93,No,Sí,Carnes,Sí,Efectivo,6011,Carnes,32.0,4.3125,49.65625,0.45177260331445357
7203494026,45,Masculino,Chicago,Alto,6,48.99,No,No,Mariscos,No,Tarjeta,7378,Mariscos y pescado,21.0,4.409523809523809,59.142857142857146,0.37930756843800323
5057220218,42,Femenino,Chicago,Muy Alto,5,57.89,No,Sí,Otro,Sí,Efectivo,9876,Otro,191.0,4.39738219895288,3.094240837696335,7.250028200789622
9558906999,40,Masculino,Chicago,Medio,2,26.9,Sí,No,Mariscos,No,Efectivo,1616,Mariscos y pescado,21.0,4.409523809523809,59.142857142857146,0.37930756843800323
3906611156,37,Femenino,Chicago,Medio,3,9.98,Sí,Sí,Otro,No,Tarjeta,2138,Otro,191.0,4.39738219895288,3.094240837696335,7.250028200789622
8442057019,78,Femenino,Chicago,Muy Alto,6,29.75,Sí,No,Vegetariano,Sí,Efectivo,12992,Vegetariano/Vegano,2.0,4.1,847.0,0.02648563557654467
3739951076,59,Masculino,Chicago,Medio,2,12.18,No,Sí,Carnes,No,Tarjeta,3160,Carnes,32.0,4.3125,49.65625,0.45177260331445357
8805168905,68,Femenino,Chicago,Alto,6,11.05,Sí,Sí,Otro,Sí,Efectivo,5781,Otro,191.0,4.39738219895288,3.094240837696335,7.250028200789622
2815003262,62,Masculino,Chicago,Muy Alto,6,93.88,Sí,Sí,Mariscos,Sí,App,9803,Mariscos y pescado,21.0,4.409523809523809,59.142857142857146,0.37930756843800323
3166485677,71,Masculino,Chicago,Medio,2,15.4,No,Sí,Otro,No,App,2733,Otro,191.0,4.39738219895288,3.094240837696335,7.250028200789622
1965704898,60,Femenino,Chicago,Bajo,1,7.32,No,No,Vegetariano,No,Tarjeta,1184,Vegetariano/Vegano,2.0,4.1,847.0,0.02648563557654467
6883339101,23,Masculino,Chicago,Medio,4,6.27,Sí,Sí,Vegetariano,No,Criptomoneda,1645,Vegetariano/Vegano,2.0,4.1,847.0,0.02648563557654467
6596110125,79,Femenino,Chicago,Muy Alto,10,14.32,Sí,No,Vegetariano,Sí,Efectivo,12025,Vegetariano/Vegano,2.0,4.1,847.0,0.02648563557654467
9762945083,59,Masculino,Chicago,Muy Alto,7,65.18,No,Sí,Mariscos,Sí,Efectivo,10854,Mariscos y pescado,21.0,4.409523809523809,59.142857142857146,0.37930756843800323
7455461147,48,Femenino,Chicago,Bajo,3,8.98,No,Sí,Vegetariano,No,App,1499,Vegetariano/Vegano,2.0,4.1,847.0,0.02648563557654467
4920956041,24,Femenino,Chicago,Muy Alto,9,54.68,No,Sí,Mariscos,Sí,Efectivo,10828,Mariscos y pescado,21.0,4.409523809523809,59.142857142857146,0.37930756843800323
9203754814,56,Masculino,Chicago,Bajo,0,0.0,Sí,No,Carnes,No,App,1024,Carnes,32.0,4.3125,49.65625,0.45177260331445357
3819403925,61,Masculino,Chicago,Alto,6,29.99,Sí,Sí,Carnes,Sí,Efectivo,4802,Carnes,32.0,4.3125,49.65625,0.45177260331445357
1027271239,18,Femenino,Chicago,Medio,5,9.62,Sí,Sí,Carnes,No,Efectivo,3434,Carnes,32.0,4.3125,49.65625,0.45177260331445357
2926010665,46,Masculino,Chicago,Alto,4,14.18,No,Sí,Carnes,Sí,Tarjeta,7922,Carnes,32.0,4.3125,49.65625,0.45177260331445357
1039887139,72,Femenino,Chicago,Muy Alto,9,91.42,Sí,Sí,Carnes,Sí,Tarjeta,15493,Carnes,32.0,4.3125,49.65625,0.45177260331445357
3345758537,26,Femenino,Chicago,Bajo,1,7.09,Sí,Sí,Carnes,No,Efectivo,1214,Carnes,32.0,4.3125,49.65625,0.45177260331445357
6683887891,63,Femenino,Chicago,Medio,5,6.75,No,No,Vegano,No,App,3227,Vegetariano/Vegano,2.0,4.1,847.0,0.02648563557654467
4182329951,62,Masculino,Chicago,Medio,4,23.49,No,No,Carnes,Sí,App,1638,Carnes,32.0,4.3125,49.65625,0.45177260331445357
8717110306,39,Femenino,Chicago,Bajo,3,7.24,No,Sí,Vegetariano,No,Efectivo,883,Vegetariano/Vegano,2.0,4.1,847.0,0.02648563557654467
7795188281,36,Masculino,Chicago,Medio,2,21.46,Sí,Sí,Carnes,No,Efectivo,2766,Carnes,32.0,4.3125,49.65625,0.45177260331445357
3602356806,24,Femenino,Chicago,Alto,5,35.74,Sí,Sí,Carnes,Sí,Efectivo,8631,Carnes,32.0,4.3125,49.65625,0.45177260331445357
9750886272,59,Femenino,Chicago,Muy Alto,9,86.4,Sí,Sí,Vegetariano,Sí,Efectivo,16410,Vegetariano/Vegano,2.0,4.1,847.0,0.02648563557654467
1477459038,27,Femenino,Chicago,Medio,3,13.47,Sí,Sí,Vegetariano,No,Efectivo,2845,Vegetariano/Vegano,2.0,4.1,847.0,0.02648563557654467
3123961937,38,Masculino,Chicago,Alto,5,41.37,Sí,No,Carnes,Sí,Tarjeta,7539,Carnes,32.0,4.3125,49.65625,0.45177260331445357
6576395496,68,Femenino,Chicago,Bajo,0,0.0,Sí,Sí,Carnes,No,App,1136,Carnes,32.0,4.3125,49.65625,0.45177260331445357
9031063171,45,Femenino,Chicago,Muy Alto,9,18.44,Sí,Sí,Carnes,Sí,App,15403,Carnes,32.0,4.3125,49.65625,0.45177260331445357
2746762765,25,Masculino,Chicago,Alto,6,59.98,No,Sí,Vegetariano,No,App,6386,Vegetariano/Vegano,2.0,4.1,847.0,0.02648563557654467
7968536176,21,Femenino,Chicago,Bajo,0,0.0,No,Sí,Vegano,No,Efectivo,1117,Vegetariano/Vegano,2.0,4.1,847.0,0.02648563557654467
4266742938,25,Masculino,Chicago,Medio,3,18.7,No,No,Vegetariano,No,Efectivo,2650,Vegetariano/Vegano,2.0,4.1,847.0,0.02648563557654467
9591045702,34,Masculino,Chicago,Medio,4,13.77,Sí,No,Vegano,No,Tarjeta,2461,Vegetariano/Vegano,2.0,4.1,847.0,0.02648563557654467
8143482843,31,Femenino,Chicago,Medio,5,28.88,No,Sí,Sin dato,No,App,2014,Sin dato,,,,
2636187511,53,Femenino,Chicago,Alto,6,49.56,Sí,No,Pescado,No,App,7698,Mariscos y pescado,21.0,4.409523809523809,59.142857142857146,0.37930756843800323
1679182051,61,Femenino,Chicago,Medio,5,26.25,No,Sí,Carnes,No,Efectivo,3405,Carnes,32.0,4.3125,49.65625,0.45177260331445357
9621233639,24,Masculino,Chicago,Medio,3,5.34,No,No,Vegetariano,No,Efectivo,2236,Vegetariano/Vegano,2.0,4.1,847.0,0.02648563557654467
1905193382,62,Masculino,Chicago,Medio,2,14.11,Sí,No,Vegetariano,No,App,2798,Vegetariano/Vegano,2.0,4.1,847.0,0.02648563557654467
5683391352,65,Masculino,Chicago,Alto,5,39.22,No,Sí,Pescado,No,Efectivo,5040,Mariscos y pescado,21.0,4.409523809523809,59.142857142857146,0.37930756843800323
3059154236,44,Masculino,Chicago,Alto,5,32.8,Sí,No,Carnes,Sí,Efectivo,7211,Carnes,32.0,4.3125,49.65625,0.45177260331445357
5227974252,18,Masculino,Chicago,Alto,5,34.73,Sí,Sí,Carnes,No,Efectivo,5635,Carnes,32.0,4.3125,49.65625,0.45177260331445357
6578549798,19,Masculino,Chicago,Medio,2,25.82,Sí,No,Otro,No,Tarjeta,2481,Otro,191.0,4.39738219895288,3.094240837696335,7.250028200789622
2857228002,70,Femenino,Chicago,Alto,6,30.41,Sí,No,Vegetariano,Sí,Tarjeta,8308,Vegetariano/Vegano,2.0,4.1,847.0,0.02648563557654467
8531400860,68,Femenino,Chicago,Medio,4,29.01,Sí,No,Sin dato,Sí,Efectivo,3147,Sin dato,,,,
1322889502,60,Masculino,Chicago,Medio,5,14.61,Sí,Sí,Carnes,No,Efectivo,2594,Carnes,32.0,4.3125,49.65625,0.45177260331445357
7875317351,19,Femenino,Chicago,Bajo,2,5.97,No,Sí,Carnes,No,Tarjeta,1460,Carnes,32.0,4.3125,49.65625,0.45177260331445357
8508995749,72,Masculino,Chicago,Medio,5,13.54,Sí,No,Vegetariano,No,App,1981,Vegetariano/Vegano,2.0,4.1,847.0,0.02648563557654467
2491605487,38,Masculino,Chicago,Muy Alto,8,95.26,Sí,No,Vegetariano,Sí,Efectivo,17932,Vegetariano/Vegano,2.0,4.1,847.0,0.02648563557654467
2399279979,76,Femenino,Chicago,Bajo,0,0.0,Sí,No,Pescado,No,Tarjeta,923,Mariscos y pescado,21.0,4.409523809523809,59.142857142857146,0.37930756843800323
8243716828,18,Masculino,Chicago,Muy Alto,8,14.14,Sí,No,Carnes,Sí,App,17516,Carnes,32.0,4.3125,49.65625,0.45177260331445357
8596269637,55,Masculino,Chicago,Bajo,2,5.04,No,Sí,Vegetariano,No,Tarjeta,1126,Vegetariano/Vegano,2.0,4.1,847.0,0.02648563557654467
4928116989,71,Femenino,Chicago,Muy Alto,6,12.21,Sí,No,Otro,Sí,Tarjeta,17124,Otro,191.0,4.39738219895288,3.094240837696335,7.250028200789622
7977267911,63,Femenino,Chicago,Medio,5,14.77,Sí,No,Pescado,No,Efectivo,3171,Mariscos y pescado,21.0,4.409523809523809,59.142857142857146,0.37930756843800323
3028519189,38,Femenino,Chicago,Alto,5,30.59,Sí,Sí,Carnes,Sí,Tarjeta,8180,Carnes,32.0,4.3125,49.65625,0.45177260331445357
1062440902,60,Masculino,Chicago,Muy Alto,10,50.99,Sí,Sí,Mariscos,Sí,Efectivo,13463,Mariscos y pescado,21.0,4.409523809523809,59.142857142857146,0.37930756843800323
3604574077,55,Femenino,Chicago,Medio,2,18.91,Sí,Sí,Vegano,No,Tarjeta,3178,Vegetariano/Vegano,2.0,4.1,847.0,0.02648563557654467
6798862126,42,Femenino,Chicago,Medio,3,20.09,Sí,Sí,Pescado,No,Efectivo,2694,Mariscos y pescado,21.0,4.409523809523809,59.142857142857146,0.37930756843800323
8294551620,23,Femenino,Chicago,Medio,5,11.63,No,Sí,Vegano,No,Tarjeta,2686,Vegetariano/Vegano,2.0,4.1,847.0,0.02648563557654467
5387238367,27,Masculino,Chicago,Muy Alto,7,56.83,No,Sí,Vegetariano,Sí,Efectivo,9766,Vegetariano/Vegano,2.0,4.1,847.0,0.02648563557654467
1519546158,34,Masculino,Chicago,Bajo,2,7.18,Sí,No,Mariscos,No,Tarjeta,971,Mariscos y pescado,21.0,4.409523809523809,59.142857142857146,0.37930756843800323
5835392115,55,Femenino,Chicago,Medio,3,17.0,No,No,Vegano,No,Efectivo,2510,Vegetariano/Vegano,2.0,4.1,847.0,0.02648563557654467
3614663568,34,Femenino,Chicago,Alto,5,9.09,Sí,Sí,Carnes,Sí,App,5996,Carnes,32.0,4.3125,49.65625,0.45177260331445357
6188049277,46,Femenino,Chicago,Alto,5,31.86,No,Sí,Mariscos,Sí,Efectivo,4935,Mariscos y pescado,21.0,4.409523809523809,59.142857142857146,0.37930756843800323
9844857553,34,Femenino,Chicago,Alto,6,11.16,Sí,Sí,Otro,Sí,Tarjeta,6052,Otro,191.0,4.39738219895288,3.094240837696335,7.250028200789622
3887823121,52,Masculino,Chicago,Muy Alto,6,30.0,Sí,No,Pescado,Sí,Tarjeta,17550,Mariscos y pescado,21.0,4.409523809523809,59.142857142857146,0.37930756843800323
8188100401,38,Masculino,Chicago,Alto,4,53.58,Sí,Sí,Pescado,Sí,Efectivo,8482,Mariscos y pescado,21.0,4.409523809523809,59.142857142857146,0.37930756843800323
3802365104,80,Masculino,Chicago,Alto,5,17.01,No,No,Carnes,Sí,App,5395,Carnes,32.0,4.3125,49.65625,0.45177260331445357
2199745899,27,Masculino,Chicago,Medio,3,12.82,Sí,Sí,Carnes,No,Efectivo,2105,Carnes,32.0,4.3125,49.65625,0.45177260331445357
4827896162,78,Masculino,Chicago,Bajo,1,9.5,Sí,No,Vegetariano,No,Efectivo,1313,Vegetariano/Vegano,2.0,4.1,847.0,0.02648563557654467
7280889243,69,Femenino,Chicago,Muy Alto,6,38.03,No,Sí,Carnes,Sí,Efectivo,11323,Carnes,32.0,4.3125,49.65625,0.45177260331445357
3617897214,77,Masculino,Chicago,Medio,5,6.66,Sí,Sí,Otro,No,Tarjeta,3180,Otro,191.0,4.39738219895288,3.094240837696335,7.250028200789622
6611356986,73,Femenino,Chicago,Muy Alto,6,10.65,No,No,Vegano,Sí,Tarjeta,11786,Vegetariano/Vegano,2.0,4.1,847.0,0.02648563557654467
1576717254,58,Femenino,Chicago,Medio,3,14.23,Sí,Sí,Pescado,No,Efectivo,1842,Mariscos y pescado,21.0,4.409523809523809,59.142857142857146,0.37930756843800323
9006535478,24,Femenino,Chicago,Bajo,1,9.54,Sí,Sí,Vegetariano,No,App,1568,Vegetariano/Vegano,2.0,4.1,847.0,0.02648563557654467
9964017816,28,Femenino,Chicago,Medio,3,12.44,Sí,No,Carnes,No,Tarjeta,1660,Carnes,32.0,4.3125,49.65625,0.45177260331445357
2904319901,60,Femenino,Chicago,Bajo,1,9.11,No,Sí,Mariscos,No,App,1421,Mariscos y pescado,21.0,4.409523809523809,59.142857142857146,0.37930756843800323
7068917109,67,Masculino,Chicago,Muy Alto,10,98.69,Sí,No,Vegetariano,Sí,Criptomoneda,9361,Vegetariano/Vegano,2.0,4.1,847.0,0.02648563557654467
3341857514,23,Femenino,Chicago,Bajo,0,0.0,Sí,Sí,Carnes,No,Efectivo,1589,Carnes,32.0,4.3125,49.65625,0.45177260331445357
5192846042,27,Femenino,Chicago,Medio,3,8.75,No,Sí,Mariscos,No,App,2540,Mariscos y pescado,21.0,4.409523809523809,59.142857142857146,0.37930756843800323
4175852493,56,Masculino,Chicago,Alto,6,7.64,No,Sí,Vegano,Sí,Tarjeta,8287,Vegetariano/Vegano,2.0,4.1,847.0,0.02648563557654467
2289225548,29,Femenino,Chicago,Medio,5,15.19,No,Sí,Carnes,No,Tarjeta,1869,Carnes,32.0,4.3125,49.65625,0.45177260331445357
2671929013,56,Masculino,Chicago,Alto,5,24.81,No,Sí,Otro,No,Efectivo,4902,Otro,191.0,4.39738219895288,3.094240837696335,7.250028200789622
2350315405,47,Masculino,Chicago,Medio,4,28.32,Sí,Sí,Mariscos,No,Tarjeta,2376,Mariscos y pescado,21.0,4.409523809523809,59.142857142857146,0.37930756843800323
1719780744,59,Femenino,Chicago,Medio,4,24.96,No,Sí,Otro,No,App,1841,Otro,191.0,4.39738219895288,3.094240837696335,7.250028200789622
3926514082,78,Femenino,Chicago,Alto,4,16.41,Sí,No,Carnes,Sí,Tarjeta,3661,Carnes,32.0,4.3125,49.65625,0.45177260331445357
1400319024,60,Masculino,Chicago,Alto,6,56.66,No,Sí,Vegano,Sí,Efectivo,8150,Vegetariano/Vegano,2.0,4.1,847.0,0.02648563557654467
9151018395,70,Femenino,Chicago,Medio,5,28.48,Sí,Sí,Carnes,Sí,Tarjeta,2263,Carnes,32.0,4.3125,49.65625,0.45177260331445357
3349561281,67,Femenino,Chicago,Medio,2,13.27,No,Sí,Vegetariano,No,Tarjeta,2144,Vegetariano/Vegano,2.0,4.1,847.0,0.02648563557654467
5991402847,50,Masculino,Chicago,Bajo,0,0.0,Sí,No,Carnes,No,Tarjeta,1180,Carnes,32.0,4.3125,49.65625,0.45177260331445357
2768843874,31,Femenino,Chicago,Alto,6,16.15,No,Sí,Carnes,Sí,Efectivo,6038,Carnes,32.0,4.3125,49.65625,0.45177260331445357
4449566278,52,Masculino,Chicago,Alto,4,45.14,Sí,No,Otro,No,Tarjeta,5281,Otro,191.0,4.39738219895288,3.094240837696335,7.250028200789622
1541964762,43,Femenino,Chicago,Medio,4,20.07,Sí,No,Mariscos,Sí,Tarjeta,1986,Mariscos y pescado,21.0,4.409523809523809,59.142857142857146,0.37930756843800323
3969311003,63,Femenino,Chicago,Medio,4,21.17,Sí,Sí,Vegano,No,Efectivo,2098,Vegetariano/Vegano,2.0,4.1,847.0,0.02648563557654467
1187862051,21,Masculino,Chicago,Medio,5,12.39,Sí,Sí,Mariscos,No,Efectivo,2858,Mariscos y pescado,21.0,4.409523809523809,59.142857142857146,0.37930756843800323
1639508863,76,Femenino,Chicago,Bajo,3,5.76,Sí,No,Carnes,No,App,1552,Carnes,32.0,4.3125,49.65625,0.45177260331445357
7212083743,72,Femenino,Chicago,Alto,6,26.12,Sí,No,Mariscos,Sí,App,5112,Mariscos y pescado,21.0,4.409523809523809,59.142857142857146,0.37930756843800323
7086182821,72,Femenino,Chicago,Medio,2,8.18,No,Sí,Vegetariano,Sí,Efectivo,1779,Vegetariano/Vegano,2.0,4.1,847.0,0.02648563557654467
9951195763,35,Femenino,Chicago,Medio,5,9.04,No,No,Vegano,No,Efectivo,3316,Vegetariano/Vegano,2.0,4.1,847.0,0.02648563557654467
3581063480,65,Femenino,Chicago,Alto,5,41.73,Sí,No,Pescado,Sí,Efectivo,6311,Mariscos y pescado,21.0,4.409523809523809,59.142857142857146,0.37930756843800323
5434873419,37,Femenino,Chicago,Alto,6,53.3,No,Sí,Vegetariano,Sí,App,7576,Vegetariano/Vegano,2.0,4.1,847.0,0.02648563557654467
9441018790,44,Femenino,Chicago,Muy Alto,7,32.0,Sí,No,Vegetariano,No,Tarjeta,16652,Vegetariano/Vegano,2.0,4.1,847.0,0.02648563557654467
2889045932,24,Femenino,Chicago,Alto,4,34.58,No,Sí,Otro,Sí,App,7034,Otro,191.0,4.39738219895288,3.094240837696335,7.250028200789622
3930090943,55,Masculino,Chicago,Medio,5,19.48,No,No,Vegetariano,No,Efectivo,2891,Vegetariano/Vegano,2.0,4.1,847.0,0.02648563557654467
2013424800,36,Masculino,Chicago,Medio,3,5.08,No,No,Vegetariano,No,Tarjeta,3117,Vegetariano/Vegano,2.0,4.1,847.0,0.02648563557654467
2324918063,54,Femenino,Chicago,Alto,5,48.02,No,Sí,Vegano,Sí,Efectivo,6142,Vegetariano/Vegano,2.0,4.1,847.0,0.02648563557654467
6485741440,80,Femenino,Chicago,Medio,3,13.95,Sí,No,Mariscos,No,Efectivo,1719,Mariscos y pescado,21.0,4.409523809523809,59.142857142857146,0.37930756843800323
7650193311,32,Masculino,Chicago,Medio,5,19.29,Sí,Sí,Carnes,No,Efectivo,2791,Carnes,32.0,4.3125,49.65625,0.45177260331445357
8081184851,76,Femenino,Chicago,Bajo,3,9.9,Sí,Sí,Pescado,No,Efectivo,1306,Mariscos y pescado,21.0,4.409523809523809,59.142857142857146,0.37930756843800323
5066388518,45,Femenino,Chicago,Medio,2,7.6,No,Sí,Vegano,No,Tarjeta,2685,Vegetariano/Vegano,2.0,4.1,847.0,0.02648563557654467
2391874847,23,Femenino,Chicago,Medio,2,20.79,No,Sí,Vegetariano,No,Tarjeta,3249,Vegetariano/Vegano,2.0,4.1,847.0,0.02648563557654467
6295669542,33,Masculino,Chicago,Alto,4,20.03,No,No,Pescado,Sí,Tarjeta,6705,Mariscos y pescado,21.0,4.409523809523809,59.142857142857146,0.37930756843800323
2032383330,67,Femenino,Chicago,Alto,4,19.81,No,Sí,Vegano,No,Efectivo,5388,Vegetariano/Vegano,2.0,4.1,847.0,0.02648563557654467
4080507337,32,Masculino,Chicago,Medio,2,20.41,Sí,Sí,Vegetariano,No,App,3084,Vegetariano/Vegano,2.0,4.1,847.0,0.02648563557654467
4090456905,73,Masculino,Chicago,Muy Alto,10,75.78,Sí,No,Otro,Sí,Efectivo,9834,Otro,191.0,4.39738219895288,3.094240837696335,7.250028200789622
9246333533,29,Masculino,Chicago,Bajo,0,0.0,No,Sí,Vegetariano,No,Efectivo,1429,Vegetariano/Vegano,2.0,4.1,847.0,0.02648563557654467
1313186891,38,Femenino,Chicago,Muy Alto,7,16.08,Sí,Sí,Pescado,Sí,App,17754,Mariscos y pescado,21.0,4.409523809523809,59.142857142857146,0.37930756843800323
8985935017,18,Femenino,Chicago,Alto,6,25.33,No,Sí,Otro,Sí,Tarjeta,4297,Otro,191.0,4.39738219895288,3.094240837696335,7.250028200789622
7940184579,56,Femenino,Chicago,Medio,3,6.01,Sí,Sí,Carnes,No,Tarjeta,3203,Carnes,32.0,4.3125,49.65625,0.45177260331445357
3158007539,29,Femenino,Chicago,Alto,5,51.44,No,Sí,Vegano,Sí,Efectivo,7253,Vegetariano/Vegano,2.0,4.1,847.0,0.02648563557654467
2741486648,43,Masculino,Chicago,Bajo,1,6.23,Sí,No,Carnes,No,Efectivo,1002,Carnes,32.0,4.3125,49.65625,0.45177260331445357
5633983723,41,Femenino,Chicago,Alto,6,46.23,Sí,Sí,Carnes,Sí,App,8196,Carnes,32.0,4.3125,49.65625,0.45177260331445357
7116788109,60,Femenino,Chicago,Alto,5,29.26,Sí,No,Carnes,No,Tarjeta,5200,Carnes,32.0,4.3125,49.65625,0.45177260331445357
6836869063,32,Masculino,Chicago,Bajo,2,9.81,Sí,Sí,Pescado,No,Efectivo,962,Mariscos y pescado,21.0,4.409523809523809,59.142857142857146,0.37930756843800323
3733193885,28,Femenino,Chicago,Bajo,1,5.97,Sí,No,Otro,No,Tarjeta,1246,Otro,191.0,4.39738219895288,3.094240837696335,7.250028200789622
8486896984,79,Femenino,Chicago,Muy Alto,7,12.08,Sí,Sí,Carnes,Sí,Efectivo,9010,Carnes,32.0,4.3125,49.65625,0.45177260331445357
5612645121,70,Femenino,Chicago,Bajo,2,8.67,No,Sí,Carnes,No,Efectivo,1498,Carnes,32.0,4.3125,49.65625,0.45177260331445357
4617952074,64,Femenino,Chicago,Medio,4,5.26,No,Sí,Carnes,No,Efectivo,2336,Carnes,32.0,4.3125,49.65625,0.45177260331445357
5000675383,70,Femenino,Chicago,Medio,3,25.88,Sí,No,Mariscos,No,Criptomoneda,2162,Mariscos y pescado,21.0,4.409523809523809,59.142857142857146,0.37930756843800323
4536696963,21,Masculino,Chicago,Medio,3,8.48,No,Sí,Carnes,No,Efectivo,2938,Carnes,32.0,4.3125,49.65625,0.45177260331445357
4255049089,77,Masculino,Chicago,Bajo,0,0.0,No,No,Otro,No,Efectivo,1196,Otro,191.0,4.39738219895288,3.094240837696335,7.250028200789622
9325146841,58,Masculino,Chicago,Alto,6,57.68,Sí,Sí,Carnes,Sí,Efectivo,3512,Carnes,32.0,4.3125,49.65625,0.45177260331445357
1146154915,67,Femenino,Chicago,Alto,6,58.23,No,No,Vegetariano,No,Efectivo,8907,Vegetariano/Vegano,2.0,4.1,847.0,0.02648563557654467
2616509145,75,Masculino,Chicago,Medio,4,13.89,Sí,No,Pescado,No,Efectivo,2754,Mariscos y pescado,21.0,4.409523809523809,59.142857142857146,0.37930756843800323
4789389791,43,Masculino,Chicago,Alto,6,23.56,Sí,No,Vegetariano,No,App,3597,Vegetariano/Vegano,2.0,4.1,847.0,0.02648563557654467
9546760220,73,Femenino,Chicago,Muy Alto,7,23.95,Sí,Sí,Otro,Sí,Efectivo,13563,Otro,191.0,4.39738219895288,3.094240837696335,7.250028200789622
3622572913,56,Masculino,Chicago,Alto,4,54.37,Sí,Sí,Vegano,Sí,App,5777,Vegetariano/Vegano,2.0,4.1,847.0,0.02648563557654467
2693949971,23,Masculino,Chicago,Muy Alto,7,18.85,No,Sí,Pescado,Sí,Efectivo,16958,Mariscos y pescado,21.0,4.409523809523809,59.142857142857146,0.37930756843800323
5888695763,39,Masculino,Chicago,Medio,5,22.79,No,Sí,Vegetariano,No,Tarjeta,3145,Vegetariano/Vegano,2.0,4.1,847.0,0.02648563557654467
8923111040,18,Femenino,Chicago,Medio,3,7.09,No,Sí,Pescado,Sí,Efectivo,1657,Mariscos y pescado,21.0,4.409523809523809,59.142857142857146,0.37930756843800323
1632530290,33,Masculino,Chicago,Alto,5,7.82,Sí,No,Carnes,Sí,App,6539,Carnes,32.0,4.3125,49.65625,0.45177260331445357
8057994126,75,Femenino,Chicago,Alto,6,11.31,Sí,No,Vegano,Sí,App,6021,Vegetariano/Vegano,2.0,4.1,847.0,0.02648563557654467
4278323723,73,Femenino,Chicago,Medio,4,29.07,Sí,Sí,Mariscos,No,Efectivo,2879,Mariscos y pescado,21.0,4.409523809523809,59.142857142857146,0.37930756843800323
7144607121,59,Masculino,Chicago,Alto,6,17.77,No,No,Carnes,Sí,Efectivo,5892,Carnes,32.0,4.3125,49.65625,0.45177260331445357
8061243669,18,Femenino,Chicago,Bajo,1,5.44,No,Sí,Carnes,No,Tarjeta,940,Carnes,32.0,4.3125,49.65625,0.45177260331445357
6233864644,46,Femenino,Chicago,Medio,5,11.36,Sí,Sí,Carnes,No,Efectivo,2052,Carnes,32.0,4.3125,49.65625,0.45177260331445357
2028769788,56,Femenino,Chicago,Medio,2,9.06,Sí,Sí,Carnes,No,Efectivo,2772,Carnes,32.0,4.3125,49.65625,0.45177260331445357
5922186966,31,Masculino,Chicago,Muy Alto,8,6.7,No,No,Vegetariano,Sí,Efectivo,9969,Vegetariano/Vegano,2.0,4.1,847.0,0.02648563557654467
1725036551,66,Femenino,Chicago,Alto,5,48.71,No,No,Mariscos,Sí,Efectivo,5875,Mariscos y pescado,21.0,4.409523809523809,59.142857142857146,0.37930756843800323
1400730771,45,Femenino,Chicago,Bajo,0,0.0,Sí,No,Carnes,No,Tarjeta,1322,Carnes,32.0,4.3125,49.65625,0.45177260331445357
8688228635,25,Femenino,Chicago,Muy Alto,9,65.1,No,No,Vegano,Sí,Criptomoneda,11438,Vegetariano/Vegano,2.0,4.1,847.0,0.02648563557654467
2029691143,51,Masculino,Chicago,Bajo,3,8.26,No,Sí,Vegano,No,Tarjeta,1465,Vegetariano/Vegano,2.0,4.1,847.0,0.02648563557654467
7948607856,42,Femenino,Chicago,Muy Alto,8,61.55,No,No,Vegetariano,Sí,Efectivo,16544,Vegetariano/Vegano,2.0,4.1,847.0,0.02648563557654467
3849924259,20,Femenino,Chicago,Alto,5,52.32,No,Sí,Vegano,Sí,Efectivo,8830,Vegetariano/Vegano,2.0,4.1,847.0,0.02648563557654467
8888680076,32,Femenino,Chicago,Alto,5,6.12,Sí,Sí,Sin dato,Sí,Efectivo,5638,Sin dato,,,,
8065996278,43,Femenino,Chicago,Alto,6,55.92,No,No,Carnes,No,Tarjeta,8615,Carnes,32.0,4.3125,49.65625,0.45177260331445357
6943495190,67,Femenino,Chicago,Alto,5,47.26,No,No,Carnes,Sí,Tarjeta,7666,Carnes,32.0,4.3125,49.65625,0.45177260331445357
4130767223,61,Femenino,Chicago,Medio,3,6.47,No,Sí,Mariscos,No,Tarjeta,3246,Mariscos y pescado,21.0,4.409523809523809,59.142857142857146,0.37930756843800323
7490420245,35,Masculino,Chicago,Medio,5,5.26,No,No,Sin dato,No,Efectivo,2951,Sin dato,,,,
5089069686,25,Masculino,Chicago,Alto,5,24.26,Sí,Sí,Vegetariano,No,App,3803,Vegetariano/Vegano,2.0,4.1,847.0,0.02648563557654467
5808060977,26,Masculino,Chicago,Medio,3,13.65,No,Sí,Mariscos,No,Tarjeta,2892,Mariscos y pescado,21.0,4.409523809523809,59.142857142857146,0.37930756843800323
8357677623,29,Femenino,Chicago,Alto,5,28.85,Sí,Sí,Carnes,Sí,Efectivo,3764,Carnes,32.0,4.3125,49.65625,0.45177260331445357
2456001569,39,Masculino,Chicago,Medio,2,16.82,No,No,Vegetariano,No,Tarjeta,2281,Vegetariano/Vegano,2.0,4.1,847.0,0.02648563557654467
9917876228,60,Femenino,Chicago,Muy Alto,10,30.75,No,Sí,Mariscos,Sí,Efectivo,13405,Mariscos y pescado,21.0,4.409523809523809,59.142857142857146,0.37930756843800323
2423995953,75,Femenino,Chicago,Alto,5,36.63,No,No,Vegetariano,Sí,Tarjeta,4364,Vegetariano/Vegano,2.0,4.1,847.0,0.02648563557654467
2724622525,55,Femenino,Chicago,Alto,5,37.85,No,Sí,Carnes,Sí,Efectivo,8029,Carnes,32.0,4.3125,49.65625,0.45177260331445357
6216396239,54,Masculino,Chicago,Bajo,3,9.42,No,Sí,Carnes,No,Efectivo,1364,Carnes,32.0,4.3125,49.65625,0.45177260331445357
9161281422,79,Femenino,Chicago,Muy Alto,7,102.89,Sí,Sí,Carnes,Sí,App,16698,Carnes,32.0,4.3125,49.65625,0.45177260331445357
6110943464,22,Femenino,Chicago,Medio,4,28.44,Sí,No,Vegano,No,App,1991,Vegetariano/Vegano,2.0,4.1,847.0,0.02648563557654467
4220213945,72,Femenino,Chicago,Alto,6,18.07,Sí,No,Pescado,Sí,Efectivo,5856,Mariscos y pescado,21.0,4.409523809523809,59.142857142857146,0.37930756843800323
1950074184,34,Femenino,Chicago,Medio,5,20.3,No,Sí,Vegano,No,App,2204,Vegetariano/Vegano,2.0,4.1,847.0,0.02648563557654467
5562593349,63,Masculino,Chicago,Alto,5,17.05,Sí,No,Otro,Sí,Efectivo,5163,Otro,191.0,4.39738219895288,3.094240837696335,7.250028200789622
1740538233,48,Masculino,Chicago,Muy Alto,8,55.25,Sí,No,Pescado,Sí,Tarjeta,9180,Mariscos y pescado,21.0,4.409523809523809,59.142857142857146,0.37930756843800323
6121801720,78,Femenino,Chicago,Alto,4,30.96,Sí,Sí,Carnes,Sí,App,8536,Carnes,32.0,4.3125,49.65625,0.45177260331445357
5185986383,76,Masculino,Chicago,Muy Alto,10,77.83,No,Sí,Vegetariano,Sí,Tarjeta,13474,Vegetariano/Vegano,2.0,4.1,847.0,0.02648563557654467
8654155479,71,Femenino,Chicago,Bajo,1,8.68,Sí,No,Carnes,No,Tarjeta,850,Carnes,32.0,4.3125,49.65625,0.45177260331445357
3877617284,40,Femenino,Chicago,Muy Alto,10,71.53,No,Sí,Mariscos,Sí,Efectivo,15088,Mariscos y pescado,21.0,4.409523809523809,59.142857142857146,0.37930756843800323
6527394765,56,Masculino,Chicago,Alto,6,29.14,Sí,Sí,Carnes,No,Tarjeta,8029,Carnes,32.0,4.3125,49.65625,0.45177260331445357
8523092435,75,Masculino,Chicago,Alto,4,45.82,Sí,No,Carnes,No,App,6132,Carnes,32.0,4.3125,49.65625,0.45177260331445357
3557273028,68,Femenino,Chicago,Muy Alto,7,47.23,Sí,No,Mariscos,No,App,15721,Mariscos y pescado,21.0,4.409523809523809,59.142857142857146,0.37930756843800323
4564751926,28,Femenino,Chicago,Medio,2,20.25,Sí,Sí,Carnes,No,Tarjeta,2105,Carnes,32.0,4.3125,49.65625,0.45177260331445357
4100996604,22,Masculino,Chicago,Alto,4,20.31,Sí,Sí,Carnes,Sí,Efectivo,5483,Carnes,32.0,4.3125,49.65625,0.45177260331445357
2655760183,41,Femenino,Chicago,Bajo,2,7.5,Sí,Sí,Vegano,No,App,1430,Vegetariano/Vegano,2.0,4.1,847.0,0.02648563557654467
1006202935,49,Femenino,Chicago,Medio,5,11.17,Sí,Sí,Carnes,No,Efectivo,3337,Carnes,32.0,4.3125,49.65625,0.45177260331445357
1373690685,19,Masculino,Chicago,Muy Alto,9,61.74,No,Sí,Vegetariano,Sí,Tarjeta,9695,Vegetariano/Vegano,2.0,4.1,847.0,0.02648563557654467
6761494575,79,Masculino,Chicago,Medio,4,13.94,No,No,Vegetariano,No,Efectivo,2037,Vegetariano/Vegano,2.0,4.1,847.0,0.02648563557654467
9006868283,47,Masculino,Chicago,Alto,5,17.43,Sí,Sí,Carnes,No,Tarjeta,6578,Carnes,32.0,4.3125,49.65625,0.45177260331445357
7316470791,23,Femenino,Chicago,Bajo,1,6.07,Sí,Sí,Vegetariano,No,Criptomoneda,947,Vegetariano/Vegano,2.0,4.1,847.0,0.02648563557654467
3791714419,61,Masculino,Chicago,Bajo,3,8.39,No,Sí,Mariscos,No,Efectivo,902,Mariscos y pescado,21.0,4.409523809523809,59.142857142857146,0.37930756843800323
2900641393,76,Femenino,Chicago,Alto,5,42.44,No,Sí,Carnes,Sí,Tarjeta,5218,Carnes,32.0,4.3125,49.65625,0.45177260331445357
5728765136,43,Masculino,Chicago,Medio,3,26.17,Sí,No,Vegetariano,No,App,1686,Vegetariano/Vegano,2.0,4.1,847.0,0.02648563557654467
6466597005,62,Masculino,Chicago,Alto,4,33.71,Sí,No,Otro,Sí,Tarjeta,8544,Otro,191.0,4.39738219895288,3.094240837696335,7.250028200789622
7865183702,68,Femenino,Chicago,Medio,2,16.74,No,Sí,Vegetariano,No,Efectivo,1952,Vegetariano/Vegano,2.0,4.1,847.0,0.02648563557654467
7107533494,41,Masculino,Chicago,Bajo,2,8.68,No,No,Mariscos,No,Efectivo,1071,Mariscos y pescado,21.0,4.409523809523809,59.142857142857146,0.37930756843800323
5168353226,29,Masculino,Chicago,Bajo,0,0.0,No,Sí,Pescado,No,App,1063,Mariscos y pescado,21.0,4.409523809523809,59.142857142857146,0.37930756843800323
5244473159,74,Masculino,Chicago,Medio,2,26.03,No,No,Otro,No,App,3276,Otro,191.0,4.39738219895288,3.094240837696335,7.250028200789622
3611667974,42,Femenino,Chicago,Medio,3,5.94,Sí,Sí,Vegetariano,No,Efectivo,3223,Vegetariano/Vegano,2.0,4.1,847.0,0.02648563557654467
7213257327,76,Masculino,Chicago,Medio,4,27.52,No,No,Carnes,No,Efectivo,3065,Carnes,32.0,4.3125,49.65625,0.45177260331445357
3113322013,66,Femenino,Chicago,Medio,5,10.74,No,Sí,Otro,No,Criptomoneda,2957,Otro,191.0,4.39738219895288,3.094240837696335,7.250028200789622
6329589780,37,Masculino,Chicago,Medio,3,27.62,Sí,Sí,Carnes,Sí,App,2152,Carnes,32.0,4.3125,49.65625,0.45177260331445357
4898907158,24,Femenino,Chicago,Bajo,0,0.0,No,Sí,Vegetariano,No,App,1245,Vegetariano/Vegano,2.0,4.1,847.0,0.02648563557654467
8376116786,36,Femenino,Chicago,Bajo,3,7.1,No,No,Mariscos,No,Efectivo,1311,Mariscos y pescado,21.0,4.409523809523809,59.142857142857146,0.37930756843800323
9688833791,21,Masculino,Chicago,Medio,5,7.09,No,Sí,Vegetariano,No,Tarjeta,1901,Vegetariano/Vegano,2.0,4.1,847.0,0.02648563557654467
3613130146,47,Femenino,Chicago,Bajo,1,6.24,Sí,No,Mariscos,No,App,1123,Mariscos y pescado,21.0,4.409523809523809,59.142857142857146,0.37930756843800323
7573691558,56,Femenino,Chicago,Muy Alto,10,78.45,Sí,Sí,Vegetariano,Sí,App,13302,Vegetariano/Vegano,2.0,4.1,847.0,0.02648563557654467
3471601626,45,Masculino,Chicago,Bajo,2,7.26,Sí,No,Pescado,No,App,1414,Mariscos y pescado,21.0,4.409523809523809,59.142857142857146,0.37930756843800323
2414208068,80,Femenino,Chicago,Bajo,2,6.25,No,No,Carnes,No,Tarjeta,990,Carnes,32.0,4.3125,49.65625,0.45177260331445357
9605798260,42,Femenino,Chicago,Medio,5,19.11,No,No,Otro,No,App,2963,Otro,191.0,4.39738219895288,3.094240837696335,7.250028200789622
4654033874,44,Femenino,Chicago,Medio,4,16.28,Sí,No,Carnes,No,App,1971,Carnes,32.0,4.3125,49.65625,0.45177260331445357
5135595227,24,Femenino,Chicago,Medio,2,23.82,Sí,Sí,Carnes,No,App,2107,Carnes,32.0,4.3125,49.65625,0.45177260331445357
4300794369,76,Masculino,Chicago,Bajo,3,8.07,No,No,Otro,No,Efectivo,1281,Otro,191.0,4.39738219895288,3.094240837696335,7.250028200789622
1639859220,56,Femenino,Chicago,Bajo,2,9.91,No,No,Mariscos,No,App,951,Mariscos y pescado,21.0,4.409523809523809,59.142857142857146,0.37930756843800323
7543376659,30,Femenino,Chicago,Medio,5,24.39,Sí,Sí,Mariscos,No,Tarjeta,2247,Mariscos y pescado,21.0,4.409523809523809,59.142857142857146,0.37930756843800323
7555256315,41,Femenino,Chicago,Medio,5,5.69,No,No,Mariscos,No,Tarjeta,1955,Mariscos y pescado,21.0,4.409523809523809,59.142857142857146,0.37930756843800323
3955578324,46,Femenino,Chicago,Medio,3,16.06,No,Sí,Vegetariano,Sí,Efectivo,3314,Vegetariano/Vegano,2.0,4.1,847.0,0.02648563557654467
4601723703,35,Femenino,Chicago,Medio,3,24.15,Sí,No,Vegano,No,Tarjeta,2653,Vegetariano/Vegano,2.0,4.1,847.0,0.02648563557654467
2705016899,63,Femenino,Chicago,Medio,4,29.2,No,Sí,Otro,No,Efectivo,2053,Otro,191.0,4.39738219895288,3.094240837696335,7.250028200789622
6321392799,19,Masculino,Chicago,Bajo,0,0.0,Sí,Sí,Pescado,No,App,1452,Mariscos y pescado,21.0,4.409523809523809,59.142857142857146,0.37930756843800323
1487730383,21,Masculino,Chicago,Muy Alto,9,25.91,Sí,Sí,Carnes,Sí,Efectivo,12927,Carnes,32.0,4.3125,49.65625,0.45177260331445357
6324118242,40,Femenino,Chicago,Medio,3,18.08,No,Sí,Mariscos,Sí,Efectivo,2288,Mariscos y pescado,21.0,4.409523809523809,59.142857142857146,0.37930756843800323
5091875722,79,Femenino,Chicago,Medio,2,26.1,Sí,No,Carnes,No,App,1865,Carnes,32.0,4.3125,49.65625,0.45177260331445357
3867914693,31,Femenino,Chicago,Alto,5,32.955,No,No,Vegano,No,Efectivo,5403,Vegetariano/Vegano,2.0,4.1,847.0,0.02648563557654467
9623446290,42,Masculino,Chicago,Alto,4,32.955,Sí,No,Vegano,Sí,Tarjeta,6115,Vegetariano/Vegano,2.0,4.1,847.0,0.02648563557654467
3051229531,69,Masculino,Chicago,Muy Alto,10,56.5,No,No,Vegetariano,Sí,Tarjeta,17378,Vegetariano/Vegano,2.0,4.1,847.0,0.02648563557654467
9898781512,39,Masculino,Chicago,Alto,4,18.06,Sí,No,Carnes,Sí,Tarjeta,7462,Carnes,32.0,4.3125,49.65625,0.45177260331445357
5126304863,67,Masculino,Chicago,Bajo,0,0.0,No,Sí,Carnes,No,Tarjeta,1591,Carnes,32.0,4.3125,49.65625,0.45177260331445357
1452737164,42,Femenino,Chicago,Bajo,0,0.0,Sí,No,Carnes,No,Tarjeta,1559,Carnes,32.0,4.3125,49.65625,0.45177260331445357
1786630878,72,Femenino,Chicago,Alto,6,32.09,Sí,No,Carnes,Sí,Tarjeta,5041,Carnes,32.0,4.3125,49.65625,0.45177260331445357
6712402493,50,Femenino,Chicago,Medio,3,13.52,No,Sí,Vegetariano,No,Tarjeta,3312,Vegetariano/Vegano,2.0,4.1,847.0,0.02648563557654467
2634803757,21,Masculino,Chicago,Alto,5,29.67,Sí,Sí,Carnes,No,Tarjeta,7772,Carnes,32.0,4.3125,49.65625,0.45177260331445357
5239348773,69,Masculino,Chicago,Alto,4,32.24,Sí,No,Mariscos,Sí,Tarjeta,3790,Mariscos y pescado,21.0,4.409523809523809,59.142857142857146,0.37930756843800323
1550343227,73,Femenino,Chicago,Muy Alto,9,92.2,No,No,Sin dato,Sí,App,16367,Sin dato,,,,
3333886923,21,Masculino,Chicago,Medio,4,14.52,No,Sí,Carnes,No,Efectivo,1712,Carnes,32.0,4.3125,49.65625,0.45177260331445357
5706925695,48,Femenino,Chicago,Alto,4,50.87,Sí,Sí,Carnes,No,Efectivo,6896,Carnes,32.0,4.3125,49.65625,0.45177260331445357
7643177611,41,Masculino,Chicago,Bajo,2,5.95,Sí,Sí,Carnes,No,Efectivo,1505,Carnes,32.0,4.3125,49.65625,0.45177260331445357
8840503950,72,Femenino,Chicago,Medio,5,24.51,Sí,No,Vegetariano,No,Tarjeta,3034,Vegetariano/Vegano,2.0,4.1,847.0,0.02648563557654467
8543106319,39,Masculino,Chicago,Alto,4,51.04,Sí,No,Otro,No,Efectivo,6120,Otro,191.0,4.39738219895288,3.094240837696335,7.250028200789622
5039707796,80,Femenino,Chicago,Bajo,2,6.18,Sí,No,Carnes,No,App,1222,Carnes,32.0,4.3125,49.65625,0.45177260331445357
3071888568,37,Femenino,Chicago,Medio,2,7.35,No,No,Pescado,No,Efectivo,2338,Mariscos y pescado,21.0,4.409523809523809,59.142857142857146,0.37930756843800323
2282343274,75,Femenino,Chicago,Alto,6,28.99,Sí,Sí,Sin dato,Sí,Efectivo,8963,Sin dato,,,,
3280137701,46,Femenino,Chicago,Alto,4,33.83,Sí,No,Mariscos,Sí,Efectivo,8111,Mariscos y pescado,21.0,4.409523809523809,59.142857142857146,0.37930756843800323
4463521320,28,Femenino,Chicago,Alto,4,39.77,Sí,Sí,Vegano,Sí,Efectivo,7525,Vegetariano/Vegano,2.0,4.1,847.0,0.02648563557654467
6637611254,45,Femenino,Chicago,Bajo,0,0.0,No,No,Otro,No,App,1070,Otro,191.0,4.39738219895288,3.094240837696335,7.250028200789622
9886169511,35,Masculino,Chicago,Bajo,1,9.34,Sí,No,Otro,No,Tarjeta,1488,Otro,191.0,4.39738219895288,3.094240837696335,7.250028200789622
3164240104,47,Masculino,Chicago,Medio,3,27.71,Sí,No,Vegano,No,Efectivo,1988,Vegetariano/Vegano,2.0,4.1,847.0,0.02648563557654467
5542371107,67,Masculino,Chicago,Medio,5,27.29,No,No,Carnes,No,Efectivo,3475,Carnes,32.0,4.3125,49.65625,0.45177260331445357
5294535887,78,Femenino,Chicago,Alto,4,39.49,No,Sí,Mariscos,Sí,Efectivo,5531,Mariscos y pescado,21.0,4.409523809523809,59.142857142857146,0.37930756843800323
8292722149,41,Femenino,Chicago,Medio,2,13.16,Sí,No,Carnes,Sí,App,3031,Carnes,32.0,4.3125,49.65625,0.45177260331445357
4979644466,24,Masculino,Chicago,Muy Alto,7,52.62,Sí,Sí,Mariscos,Sí,Tarjeta,17574,Mariscos y pescado,21.0,4.409523809523809,59.142857142857146,0.37930756843800323
9060359831,29,Femenino,Chicago,Medio,4,15.22,Sí,Sí,Mariscos,No,Efectivo,2799,Mariscos y pescado,21.0,4.409523809523809,59.142857142857146,0.37930756843800323
8011943488,61,Masculino,Chicago,Alto,5,31.83,No,Sí,Mariscos,Sí,Tarjeta,5475,Mariscos y pescado,21.0,4.409523809523809,59.142857142857146,0.37930756843800323
9476123135,64,Masculino,Chicago,Bajo,3,9.81,Sí,Sí,Mariscos,No,Efectivo,1511,Mariscos y pescado,21.0,4.409523809523809,59.142857142857146,0.37930756843800323
5749304490,68,Femenino,Chicago,Alto,6,29.21,No,No,Carnes,Sí,Efectivo,6305,Carnes,32.0,4.3125,49.65625,0.45177260331445357
6208260061,53,Femenino,Chicago,Alto,6,32.955,No,Sí,Sin dato,Sí,Tarjeta,6712,Sin dato,,,,
5241013099,42,Masculino,Chicago,Muy Alto,6,30.45,Sí,No,Pescado,Sí,Efectivo,13193,Mariscos y pescado,21.0,4.409523809523809,59.142857142857146,0.37930756843800323
7537228950,19,Masculino,Chicago,Alto,6,52.71,Sí,No,Mariscos,Sí,Efectivo,6529,Mariscos y pescado,21.0,4.409523809523809,59.142857142857146,0.37930756843800323
7880903123,51,Masculino,Chicago,Bajo,1,6.62,Sí,Sí,Vegetariano,No,App,1367,Vegetariano/Vegano,2.0,4.1,847.0,0.02648563557654467
4384950465,40,Femenino,Chicago,Alto,5,29.86,No,Sí,Vegano,No,App,8079,Vegetariano/Vegano,2.0,4.1,847.0,0.02648563557654467
2349641982,27,Masculino,Chicago,Muy Alto,7,34.07,Sí,Sí,Carnes,Sí,App,12754,Carnes,32.0,4.3125,49.65625,0.45177260331445357
6994611702,23,Femenino,Chicago,Medio,3,13.17,No,Sí,Vegetariano,No,Tarjeta,1777,Vegetariano/Vegano,2.0,4.1,847.0,0.02648563557654467
6144541225,66,Femenino,Chicago,Medio,2,24.46,No,Sí,Carnes,No,Efectivo,3380,Carnes,32.0,4.3125,49.65625,0.45177260331445357
3562236196,71,Masculino,Chicago,Alto,4,24.0,Sí,No,Carnes,Sí,App,5054,Carnes,32.0,4.3125,49.65625,0.45177260331445357
7550503261,75,Femenino,Chicago,Muy Alto,6,103.62,No,No,Vegano,Sí,Efectivo,16091,Vegetariano/Vegano,2.0,4.1,847.0,0.02648563557654467
8227134108,36,Femenino,Chicago,Alto,5,57.39,No,Sí,Pescado,Sí,Tarjeta,6379,Mariscos y pescado,21.0,4.409523809523809,59.142857142857146,0.37930756843800323
4662016740,51,Masculino,Chicago,Alto,5,7.0,Sí,No,Mariscos,Sí,Efectivo,7104,Mariscos y pescado,21.0,4.409523809523809,59.142857142857146,0.37930756843800323
7993576122,62,Femenino,Chicago,Alto,5,7.55,Sí,Sí,Mariscos,Sí,Efectivo,6043,Mariscos y pescado,21.0,4.409523809523809,59.142857142857146,0.37930756843800323
3638670490,51,Femenino,Chicago,Medio,3,10.81,Sí,Sí,Vegano,No,Efectivo,2439,Vegetariano/Vegano,2.0,4.1,847.0,0.02648563557654467
3798873593,28,Femenino,Chicago,Bajo,0,0.0,No,Sí,Pescado,No,App,1052,Mariscos y pescado,21.0,4.409523809523809,59.142857142857146,0.37930756843800323
4847485935,25,Femenino,Chicago,Medio,3,27.64,No,No,Carnes,No,Efectivo,3046,Carnes,32.0,4.3125,49.65625,0.45177260331445357
8505081222,71,Masculino,Chicago,Bajo,0,0.0,Sí,Sí,Carnes,No,Tarjeta,921,Carnes,32.0,4.3125,49.65625,0.45177260331445357
8822525355,68,Masculino,Chicago,Bajo,1,7.48,No,Sí,Carnes,No,App,1452,Carnes,32.0,4.3125,49.65625,0.45177260331445357
5005670148,60,Masculino,Chicago,Muy Alto,5,11.82,No,No,Pescado,No,Tarjeta,17113,Mariscos y pescado,21.0,4.409523809523809,59.142857142857146,0.37930756843800323
3478044003,47,Masculino,Chicago,Alto,4,24.39,No,Sí,Pescado,Sí,Efectivo,7789,Mariscos y pescado,21.0,4.409523809523809,59.142857142857146,0.37930756843800323
4112867135,23,Masculino,Chicago,Medio,5,9.29,No,Sí,Mariscos,No,App,2784,Mariscos y pescado,21.0,4.409523809523809,59.142857142857146,0.37930756843800323
6613888489,20,Masculino,Chicago,Muy Alto,9,89.26,No,No,Mariscos,Sí,App,13952,Mariscos y pescado,21.0,4.409523809523809,59.142857142857146,0.37930756843800323
8089025836,41,Femenino,Chicago,Medio,2,28.78,Sí,No,Carnes,No,App,3120,Carnes,32.0,4.3125,49.65625,0.45177260331445357
2040298142,31,Femenino,Chicago,Alto,6,16.7,Sí,No,Vegano,Sí,Tarjeta,8958,Vegetariano/Vegano,2.0,4.1,847.0,0.02648563557654467
1438543129,18,Masculino,Chicago,Medio,3,18.7,No,Sí,Pescado,No,Efectivo,1736,Mariscos y pescado,21.0,4.409523809523809,59.142857142857146,0.37930756843800323
6913007233,28,Masculino,Chicago,Medio,4,12.78,No,No,Carnes,No,App,2837,Carnes,32.0,4.3125,49.65625,0.45177260331445357
2960488639,60,Masculino,Chicago,Muy Alto,8,96.39,No,Sí,Vegano,Sí,Tarjeta,9333,Vegetariano/Vegano,2.0,4.1,847.0,0.02648563557654467
2543015709,63,Masculino,Chicago,Medio,5,6.94,No,Sí,Pescado,No,Tarjeta,2804,Mariscos y pescado,21.0,4.409523809523809,59.142857142857146,0.37930756843800323
2490549501,34,Masculino,Chicago,Medio,3,23.7,Sí,No,Vegetariano,Sí,Efectivo,3189,Vegetariano/Vegano,2.0,4.1,847.0,0.02648563557654467
7285695527,80,Masculino,Chicago,Alto,5,59.84,Sí,No,Otro,Sí,Tarjeta,6386,Otro,191.0,4.39738219895288,3.094240837696335,7.250028200789622
2126975893,31,Femenino,Chicago,Alto,5,45.37,No,No,Vegetariano,Sí,Efectivo,6882,Vegetariano/Vegano,2.0,4.1,847.0,0.02648563557654467
5808575323,58,Femenino,Chicago,Medio,4,20.29,No,Sí,Mariscos,No,Tarjeta,3289,Mariscos y pescado,21.0,4.409523809523809,59.142857142857146,0.37930756843800323
5529870909,35,Masculino,Chicago,Medio,5,26.03,No,No,Otro,No,Efectivo,2484,Otro,191.0,4.39738219895288,3.094240837696335,7.250028200789622
2536500998,67,Femenino,Chicago,Alto,4,56.5,Sí,Sí,Vegano,Sí,Tarjeta,8844,Vegetariano/Vegano,2.0,4.1,847.0,0.02648563557654467
2372969823,26,Masculino,Chicago,Medio,5,23.4,Sí,Sí,Vegetariano,Sí,App,2174,Vegetariano/Vegano,2.0,4.1,847.0,0.02648563557654467
9546021691,64,Femenino,Chicago,Bajo,0,0.0,No,Sí,Vegano,No,Tarjeta,1353,Vegetariano/Vegano,2.0,4.1,847.0,0.02648563557654467
8600431394,60,Masculino,Chicago,Bajo,3,6.56,No,Sí,Sin dato,No,Efectivo,1193,Sin dato,,,,
3925995469,34,Masculino,Chicago,Alto,5,53.55,Sí,Sí,Pescado,No,App,6567,Mariscos y pescado,21.0,4.409523809523809,59.142857142857146,0.37930756843800323
2627677155,36,Masculino,Chicago,Medio,4,17.31,No,Sí,Vegano,No,Efectivo,3206,Vegetariano/Vegano,2.0,4.1,847.0,0.02648563557654467
1937736487,18,Masculino,Chicago,Medio,4,16.67,No,Sí,Vegetariano,No,Efectivo,2187,Vegetariano/Vegano,2.0,4.1,847.0,0.02648563557654467
3918101563,28,Masculino,Chicago,Alto,4,26.58,No,Sí,Mariscos,Sí,Tarjeta,4140,Mariscos y pescado,21.0,4.409523809523809,59.142857142857146,0.37930756843800323
3959863754,55,Masculino,Chicago,Medio,4,21.83,Sí,Sí,Vegetariano,No,App,1908,Vegetariano/Vegano,2.0,4.1,847.0,0.02648563557654467
2638858985,61,Masculino,Chicago,Medio,2,16.03,Sí,Sí,Carnes,No,App,1769,Carnes,32.0,4.3125,49.65625,0.45177260331445357
7810716109,67,Masculino,Chicago,Medio,3,16.39,Sí,Sí,Vegetariano,Sí,App,2432,Vegetariano/Vegano,2.0,4.1,847.0,0.02648563557654467
8490860098,58,Masculino,Chicago,Alto,5,56.7,No,No,Sin dato,Sí,Efectivo,6793,Sin dato,,,,
4304924750,18,Femenino,Chicago,Medio,2,15.07,No,Sí,Otro,No,Tarjeta,3139,Otro,191.0,4.39738219895288,3.094240837696335,7.250028200789622
7226622354,41,Masculino,Chicago,Bajo,2,8.34,No,No,Pescado,No,Efectivo,1384,Mariscos y pescado,21.0,4.409523809523809,59.142857142857146,0.37930756843800323
5777488574,50,Masculino,Chicago,Muy Alto,9,67.4,Sí,Sí,Mariscos,Sí,Efectivo,15484,Mariscos y pescado,21.0,4.409523809523809,59.142857142857146,0.37930756843800323
8768773991,35,Masculino,Chicago,Bajo,0,0.0,No,No,Vegetariano,No,Tarjeta,1226,Vegetariano/Vegano,2.0,4.1,847.0,0.02648563557654467
8477042141,61,Masculino,Chicago,Muy Alto,8,77.37,Sí,Sí,Mariscos,Sí,Efectivo,16330,Mariscos y pescado,21.0,4.409523809523809,59.142857142857146,0.37930756843800323
8108182561,45,Femenino,Chicago,Bajo,2,8.05,Sí,Sí,Carnes,No,Efectivo,1262,Carnes,32.0,4.3125,49.65625,0.45177260331445357
8337300002,40,Femenino,Chicago,Alto,5,15.84,Sí,Sí,Vegetariano,Sí,App,5310,Vegetariano/Vegano,2.0,4.1,847.0,0.02648563557654467
5965308273,35,Masculino,Chicago,Medio,3,17.11,Sí,No,Mariscos,No,App,1627,Mariscos y pescado,21.0,4.409523809523809,59.142857142857146,0.37930756843800323
7501816569,30,Masculino,Chicago,Bajo,2,9.66,Sí,Sí,Carnes,No,Tarjeta,1256,Carnes,32.0,4.3125,49.65625,0.45177260331445357
8137083361,29,Femenino,Chicago,Alto,4,28.84,No,Sí,Pescado,Sí,App,6936,Mariscos y pescado,21.0,4.409523809523809,59.142857142857146,0.37930756843800323
9357958386,32,Femenino,Chicago,Bajo,3,8.71,Sí,No,Vegano,No,App,1038,Vegetariano/Vegano,2.0,4.1,847.0,0.02648563557654467
4988068944,47,Masculino,Chicago,Alto,5,23.64,No,Sí,Carnes,Sí,Tarjeta,6754,Carnes,32.0,4.3125,49.65625,0.45177260331445357
9988146076,40,Masculino,Chicago,Bajo,0,0.0,Sí,Sí,Vegetariano,No,Efectivo,820,Vegetariano/Vegano,2.0,4.1,847.0,0.02648563557654467
7554921233,70,Femenino,Chicago,Muy Alto,5,80.88,No,No,Carnes,Sí,Efectivo,13623,Carnes,32.0,4.3125,49.65625,0.45177260331445357
6303233497,54,Masculino,Chicago,Medio,5,25.49,No,No,Mariscos,No,Efectivo,2856,Mariscos y pescado,21.0,4.409523809523809,59.142857142857146,0.37930756843800323
7845813576,68,Femenino,Chicago,Medio,3,17.34,Sí,Sí,Carnes,No,Tarjeta,2887,Carnes,32.0,4.3125,49.65625,0.45177260331445357
6756213770,67,Femenino,Chicago,Bajo,0,0.0,No,No,Vegano,No,Tarjeta,1490,Vegetariano/Vegano,2.0,4.1,847.0,0.02648563557654467
3802974096,60,Femenino,Chicago,Medio,4,15.68,No,Sí,Mariscos,No,Efectivo,2381,Mariscos y pescado,21.0,4.409523809523809,59.142857142857146,0.37930756843800323
6352599207,69,Femenino,Chicago,Alto,5,7.92,Sí,No,Vegano,Sí,Criptomoneda,8430,Vegetariano/Vegano,2.0,4.1,847.0,0.02648563557654467
5120584320,28,Masculino,Chicago,Medio,4,14.08,Sí,Sí,Sin dato,No,Criptomoneda,2184,Sin dato,,,,
6015011118,18,Masculino,Chicago,Medio,3,15.78,Sí,Sí,Carnes,No,Tarjeta,2985,Carnes,32.0,4.3125,49.65625,0.45177260331445357
2879196938,61,Femenino,Chicago,Medio,5,28.39,No,Sí,Carnes,No,App,2819,Carnes,32.0,4.3125,49.65625,0.45177260331445357
5320534569,45,Femenino,Chicago,Muy Alto,10,28.71,Sí,Sí,Sin dato,Sí,Efectivo,16737,Sin dato,,,,
7897570670,69,Masculino,Chicago,Medio,2,22.28,No,Sí,Carnes,No,Efectivo,3187,Carnes,32.0,4.3125,49.65625,0.45177260331445357
7640122370,49,Femenino,Chicago,Bajo,2,6.08,Sí,No,Pescado,No,Efectivo,1190,Mariscos y pescado,21.0,4.409523809523809,59.142857142857146,0.37930756843800323
4355785660,29,Masculino,Chicago,Medio,4,12.84,Sí,No,Mariscos,No,Efectivo,2147,Mariscos y pescado,21.0,4.409523809523809,59.142857142857146,0.37930756843800323
6918771637,43,Masculino,Chicago,Alto,4,58.81,No,Sí,Mariscos,Sí,Tarjeta,4936,Mariscos y pescado,21.0,4.409523809523809,59.142857142857146,0.37930756843800323
5750814737,18,Masculino,Chicago,Alto,6,35.84,Sí,No,Mariscos,Sí,App,8842,Mariscos y pescado,21.0,4.409523809523809,59.142857142857146,0.37930756843800323
2496521991,22,Masculino,Chicago,Muy Alto,7,93.67,Sí,Sí,Carnes,No,Efectivo,10274,Carnes,32.0,4.3125,49.65625,0.45177260331445357
2005296686,49,Femenino,Chicago,Bajo,3,9.44,Sí,No,Pescado,No,Tarjeta,1214,Mariscos y pescado,21.0,4.409523809523809,59.142857142857146,0.37930756843800323
1652180311,19,Masculino,Chicago,Muy Alto,10,35.46,Sí,Sí,Vegano,Sí,Efectivo,9051,Vegetariano/Vegano,2.0,4.1,847.0,0.02648563557654467
6784307829,80,Femenino,Chicago,Alto,4,26.67,Sí,Sí,Mariscos,No,Efectivo,8846,Mariscos y pescado,21.0,4.409523809523809,59.142857142857146,0.37930756843800323
1230504525,79,Masculino,Chicago,Bajo,3,8.13,Sí,No,Carnes,No,App,1215,Carnes,32.0,4.3125,49.65625,0.45177260331445357
4731102823,63,Masculino,Chicago,Medio,5,28.24,No,Sí,Pescado,No,Tarjeta,2737,Mariscos y pescado,21.0,4.409523809523809,59.142857142857146,0.37930756843800323
3484505591,80,Femenino,Chicago,Alto,6,24.36,Sí,Sí,Otro,Sí,App,4278,Otro,191.0,4.39738219895288,3.094240837696335,7.250028200789622
1130060495,19,Masculino,Chicago,Alto,4,29.54,No,Sí,Carnes,Sí,Tarjeta,7983,Carnes,32.0,4.3125,49.65625,0.45177260331445357
4967909438,54,Masculino,Chicago,Alto,5,17.66,Sí,Sí,Otro,Sí,Tarjeta,6098,Otro,191.0,4.39738219895288,3.094240837696335,7.250028200789622
1625387656,70,Masculino,Chicago,Medio,2,15.85,No,Sí,Carnes,No,Tarjeta,3214,Carnes,32.0,4.3125,49.65625,0.45177260331445357
4067853612,74,Femenino,Chicago,Alto,5,42.63,No,Sí,Pescado,Sí,Efectivo,7992,Mariscos y pescado,21.0,4.409523809523809,59.142857142857146,0.37930756843800323
7854506045,35,Masculino,Chicago,Alto,4,14.33,No,No,Carnes,Sí,Efectivo,6781,Carnes,32.0,4.3125,49.65625,0.45177260331445357
9900834623,39,Masculino,Chicago,Muy Alto,5,84.83,No,No,Vegetariano,Sí,Efectivo,14976,Vegetariano/Vegano,2.0,4.1,847.0,0.02648563557654467
3809101628,72,Masculino,Chicago,Alto,5,21.47,Sí,Sí,Mariscos,No,Tarjeta,7834,Mariscos y pescado,21.0,4.409523809523809,59.142857142857146,0.37930756843800323
2374567624,60,Masculino,Chicago,Bajo,3,5.89,Sí,Sí,Carnes,No,Tarjeta,1383,Carnes,32.0,4.3125,49.65625,0.45177260331445357
3084649514,57,Masculino,Chicago,Medio,2,7.68,No,No,Mariscos,Sí,Tarjeta,2511,Mariscos y pescado,21.0,4.409523809523809,59.142857142857146,0.37930756843800323
1473165474,69,Femenino,Chicago,Muy Alto,10,73.2,Sí,No,Vegetariano,Sí,Tarjeta,9605,Vegetariano/Vegano,2.0,4.1,847.0,0.02648563557654467
3369496447,79,Masculino,Chicago,Bajo,0,0.0,No,No,Carnes,No,Tarjeta,813,Carnes,32.0,4.3125,49.65625,0.45177260331445357
7555489638,50,Femenino,Chicago,Alto,6,49.81,Sí,No,Carnes,No,Efectivo,5144,Carnes,32.0,4.3125,49.65625,0.45177260331445357
6504968210,31,Masculino,Chicago,Alto,5,48.51,Sí,Sí,Carnes,Sí,Efectivo,5568,Carnes,32.0,4.3125,49.65625,0.45177260331445357
3106166906,32,Masculino,Chicago,Medio,5,22.93,Sí,Sí,Mariscos,No,Tarjeta,1672,Mariscos y pescado,21.0,4.409523809523809,59.142857142857146,0.37930756843800323
8502417867,36,Femenino,Chicago,Medio,3,23.81,Sí,Sí,Mariscos,No,Tarjeta,1672,Mariscos y pescado,21.0,4.409523809523809,59.142857142857146,0.37930756843800323
2432221894,49,Femenino,Chicago,Medio,3,13.73,No,Sí,Mariscos,No,Tarjeta,2604,Mariscos y pescado,21.0,4.409523809523809,59.142857142857146,0.37930756843800323
6698484994,64,Masculino,Chicago,Alto,4,49.01,Sí,No,Vegetariano,No,Tarjeta,7288,Vegetariano/Vegano,2.0,4.1,847.0,0.02648563557654467
8862504698,71,Femenino,Chicago,Medio,5,28.58,No,Sí,Carnes,No,Efectivo,3136,Carnes,32.0,4.3125,49.65625,0.45177260331445357
2497435811,47,Femenino,Chicago,Muy Alto,5,72.59,No,No,Pescado,Sí,Tarjeta,17252,Mariscos y pescado,21.0,4.409523809523809,59.142857142857146,0.37930756843800323
2182134112,55,Femenino,Chicago,Bajo,1,9.71,No,Sí,Vegetariano,No,Tarjeta,1408,Vegetariano/Vegano,2.0,4.1,847.0,0.02648563557654467
7495114421,49,Femenino,Chicago,Medio,5,23.14,No,No,Pescado,No,Tarjeta,1842,Mariscos y pescado,21.0,4.409523809523809,59.142857142857146,0.37930756843800323
3577385098,18,Femenino,Chicago,Bajo,0,0.0,Sí,Sí,Mariscos,No,Efectivo,1333,Mariscos y pescado,21.0,4.409523809523809,59.142857142857146,0.37930756843800323
9218525137,51,Masculino,Chicago,Alto,5,19.87,No,No,Carnes,Sí,Tarjeta,6999,Carnes,32.0,4.3125,49.65625,0.45177260331445357
2467549493,69,Femenino,Chicago,Muy Alto,9,5.85,No,Sí,Pescado,Sí,Tarjeta,17446,Mariscos y pescado,21.0,4.409523809523809,59.142857142857146,0.37930756843800323
2835762276,80,Femenino,Chicago,Muy Alto,6,28.98,No,Sí,Pescado,Sí,Efectivo,16231,Mariscos y pescado,21.0,4.409523809523809,59.142857142857146,0.37930756843800323
9430468809,64,Masculino,Chicago,Medio,5,18.22,No,Sí,Sin dato,No,App,2822,Sin dato,,,,
9109638107,52,Masculino,Chicago,Alto,5,44.0,No,No,Otro,Sí,App,5773,Otro,191.0,4.39738219895288,3.094240837696335,7.250028200789622
9669835245,58,Femenino,Chicago,Medio,4,20.81,Sí,Sí,Pescado,No,Tarjeta,1745,Mariscos y pescado,21.0,4.409523809523809,59.142857142857146,0.37930756843800323
6957280598,68,Femenino,Chicago,Bajo,1,6.76,No,Sí,Carnes,No,Efectivo,926,Carnes,32.0,4.3125,49.65625,0.45177260331445357
8650577678,50,Masculino,Chicago,Bajo,0,0.0,No,No,Otro,No,App,872,Otro,191.0,4.39738219895288,3.094240837696335,7.250028200789622
5940711655,76,Femenino,Chicago,Alto,4,27.27,No,No,Carnes,Sí,Efectivo,4077,Carnes,32.0,4.3125,49.65625,0.45177260331445357
4764763617,24,Femenino,Chicago,Bajo,3,7.35,No,Sí,Carnes,No,Tarjeta,1127,Carnes,32.0,4.3125,49.65625,0.45177260331445357
4492695244,70,Masculino,Chicago,Muy Alto,10,11.83,No,Sí,Carnes,Sí,Tarjeta,13684,Carnes,32.0,4.3125,49.65625,0.45177260331445357
8288721755,78,Femenino,Chicago,Bajo,2,8.79,Sí,Sí,Vegetariano,No,App,1419,Vegetariano/Vegano,2.0,4.1,847.0,0.02648563557654467
2266828055,18,Masculino,Chicago,Muy Alto,9,39.17,Sí,Sí,Carnes,Sí,Efectivo,16579,Carnes,32.0,4.3125,49.65625,0.45177260331445357
1662210977,72,Masculino,Chicago,Bajo,2,5.3,Sí,Sí,Carnes,No,Efectivo,1448,Carnes,32.0,4.3125,49.65625,0.45177260331445357
7715313992,18,Masculino,Chicago,Bajo,2,5.52,No,Sí,Carnes,No,App,810,Carnes,32.0,4.3125,49.65625,0.45177260331445357
6170668914,73,Masculino,Chicago,Medio,3,25.45,Sí,Sí,Vegetariano,No,Tarjeta,2159,Vegetariano/Vegano,2.0,4.1,847.0,0.02648563557654467
1542965681,42,Masculino,Chicago,Muy Alto,7,71.12,Sí,Sí,Carnes,Sí,Efectivo,10017,Carnes,32.0,4.3125,49.65625,0.45177260331445357
7508223624,33,Femenino,Chicago,Muy Alto,9,58.07,No,No,Mariscos,Sí,Efectivo,15088,Mariscos y pescado,21.0,4.409523809523809,59.142857142857146,0.37930756843800323
7817406921,58,Masculino,Chicago,Medio,5,19.34,Sí,Sí,Vegano,No,Tarjeta,3258,Vegetariano/Vegano,2.0,4.1,847.0,0.02648563557654467
8201624910,35,Masculino,Chicago,Alto,5,27.81,No,No,Carnes,Sí,Efectivo,6816,Carnes,32.0,4.3125,49.65625,0.45177260331445357
9205484268,80,Masculino,Chicago,Medio,4,9.87,No,No,Vegetariano,No,Efectivo,2689,Vegetariano/Vegano,2.0,4.1,847.0,0.02648563557654467
8528638280,48,Masculino,Chicago,Muy Alto,6,94.19,No,No,Otro,Sí,App,16785,Otro,191.0,4.39738219895288,3.094240837696335,7.250028200789622
4854990179,45,Femenino,Chicago,Medio,4,9.77,Sí,Sí,Pescado,No,Tarjeta,2243,Mariscos y pescado,21.0,4.409523809523809,59.142857142857146,0.37930756843800323
4956696850,35,Masculino,Chicago,Bajo,1,5.92,No,Sí,Carnes,No,Tarjeta,1216,Carnes,32.0,4.3125,49.65625,0.45177260331445357
6906686859,75,Femenino,Chicago,Bajo,3,8.17,No,Sí,Pescado,No,Efectivo,1558,Mariscos y pescado,21.0,4.409523809523809,59.142857142857146,0.37930756843800323
6570239455,44,Masculino,Chicago,Alto,4,39.97,Sí,No,Otro,No,Tarjeta,8565,Otro,191.0,4.39738219895288,3.094240837696335,7.250028200789622
7275745423,58,Masculino,Chicago,Alto,4,56.74,Sí,Sí,Vegetariano,Sí,Efectivo,4882,Vegetariano/Vegano,2.0,4.1,847.0,0.02648563557654467
4203606856,35,Masculino,Chicago,Medio,4,20.33,Sí,Sí,Carnes,No,Efectivo,1988,Carnes,32.0,4.3125,49.65625,0.45177260331445357
1629990079,21,Femenino,Chicago,Medio,4,19.58,Sí,Sí,Sin dato,Sí,Efectivo,1795,Sin dato,,,,
5639729419,30,Femenino,Chicago,Bajo,2,7.22,No,Sí,Pescado,No,Efectivo,1166,Mariscos y pescado,21.0,4.409523809523809,59.142857142857146,0.37930756843800323
3932605274,49,Masculino,Chicago,Medio,3,7.78,Sí,Sí,Carnes,No,App,1629,Carnes,32.0,4.3125,49.65625,0.45177260331445357
1833736583,39,Masculino,Chicago,Medio,4,7.37,Sí,No,Otro,No,Efectivo,3202,Otro,191.0,4.39738219895288,3.094240837696335,7.250028200789622
4248149900,70,Femenino,Chicago,Muy Alto,9,44.65,No,Sí,Otro,Sí,Efectivo,15888,Otro,191.0,4.39738219895288,3.094240837696335,7.250028200789622
8409800073,60,Femenino,Chicago,Alto,5,53.85,Sí,Sí,Vegetariano,No,Tarjeta,8843,Vegetariano/Vegano,2.0,4.1,847.0,0.02648563557654467
6245361301,62,Femenino,Chicago,Muy Alto,9,69.19,Sí,Sí,Otro,Sí,Tarjeta,9184,Otro,191.0,4.39738219895288,3.094240837696335,7.250028200789622
8797858241,63,Masculino,Chicago,Bajo,3,7.42,No,Sí,Carnes,No,Tarjeta,1238,Carnes,32.0,4.3125,49.65625,0.45177260331445357
9368441828,47,Femenino,Chicago,Medio,5,27.4,Sí,Sí,Carnes,Sí,Efectivo,2143,Carnes,32.0,4.3125,49.65625,0.45177260331445357
8854694485,23,Femenino,Chicago,Bajo,1,7.42,No,Sí,Vegano,No,Efectivo,844,Vegetariano/Vegano,2.0,4.1,847.0,0.02648563557654467
3632200990,64,Femenino,Chicago,Bajo,2,7.47,No,Sí,Vegetariano,No,Tarjeta,1267,Vegetariano/Vegano,2.0,4.1,847.0,0.02648563557654467
3180143731,54,Masculino,Chicago,Alto,5,8.68,Sí,Sí,Vegetariano,Sí,Efectivo,3627,Vegetariano/Vegano,2.0,4.1,847.0,0.02648563557654467
8017536640,69,Masculino,Chicago,Bajo,1,6.88,No,No,Vegetariano,No,Efectivo,1055,Vegetariano/Vegano,2.0,4.1,847.0,0.02648563557654467
5938892361,43,Masculino,Chicago,Medio,5,22.67,No,Sí,Sin dato,No,Tarjeta,2343,Sin dato,,,,
1578276003,64,Femenino,Chicago,Muy Alto,7,47.24,No,Sí,Carnes,Sí,App,9642,Carnes,32.0,4.3125,49.65625,0.45177260331445357
8751240060,77,Masculino,Chicago,Alto,4,5.92,Sí,Sí,Carnes,Sí,Tarjeta,7034,Carnes,32.0,4.3125,49.65625,0.45177260331445357
1859624501,28,Femenino,Chicago,Medio,3,22.12,Sí,No,Vegetariano,No,Efectivo,3376,Vegetariano/Vegano,2.0,4.1,847.0,0.02648563557654467
3321206093,23,Masculino,Chicago,Bajo,0,0.0,Sí,Sí,Vegetariano,No,Efectivo,1051,Vegetariano/Vegano,2.0,4.1,847.0,0.02648563557654467
7417801208,70,Masculino,Chicago,Alto,5,21.41,Sí,Sí,Carnes,No,Tarjeta,7963,Carnes,32.0,4.3125,49.65625,0.45177260331445357
7220543303,56,Femenino,Chicago,Medio,4,22.47,Sí,Sí,Carnes,No,Tarjeta,1728,Carnes,32.0,4.3125,49.65625,0.45177260331445357
6256172838,74,Femenino,Chicago,Alto,6,20.8,No,Sí,Otro,No,App,8224,Otro,191.0,4.39738219895288,3.094240837696335,7.250028200789622
1169126385,74,Masculino,Chicago,Alto,6,19.43,Sí,Sí,Vegano,Sí,App,7743,Vegetariano/Vegano,2.0,4.1,847.0,0.02648563557654467
7992508294,63,Masculino,Chicago,Muy Alto,7,64.47,No,No,Sin dato,Sí,Tarjeta,14188,Sin dato,,,,
9573092728,58,Femenino,Chicago,Alto,5,10.84,Sí,Sí,Otro,No,Tarjeta,6510,Otro,191.0,4.39738219895288,3.094240837696335,7.250028200789622
5909845099,72,Femenino,Chicago,Medio,3,24.33,No,No,Vegano,No,Tarjeta,2445,Vegetariano/Vegano,2.0,4.1,847.0,0.02648563557654467
1608660728,43,Femenino,Chicago,Medio,3,6.51,No,No,Carnes,No,Efectivo,2188,Carnes,32.0,4.3125,49.65625,0.45177260331445357
4496307098,46,Femenino,Chicago,Muy Alto,8,50.88,No,No,Pescado,Sí,Tarjeta,12621,Mariscos y pescado,21.0,4.409523809523809,59.142857142857146,0.37930756843800323
5252346522,53,Femenino,Chicago,Bajo,2,7.95,Sí,Sí,Pescado,No,App,1283,Mariscos y pescado,21.0,4.409523809523809,59.142857142857146,0.37930756843800323
3292900762,72,Masculino,Chicago,Alto,6,14.15,No,No,Vegano,No,Efectivo,4510,Vegetariano/Vegano,2.0,4.1,847.0,0.02648563557654467
7018498442,72,Masculino,Chicago,Alto,4,54.14,Sí,No,Mariscos,Sí,App,3651,Mariscos y pescado,21.0,4.409523809523809,59.142857142857146,0.37930756843800323
7468023195,44,Femenino,Chicago,Medio,5,18.73,Sí,Sí,Carnes,No,App,1707,Carnes,32.0,4.3125,49.65625,0.45177260331445357
2607425063,44,Masculino,Chicago,Medio,2,7.68,Sí,Sí,Carnes,No,Tarjeta,1921,Carnes,32.0,4.3125,49.65625,0.45177260331445357
2966554388,41,Masculino,Chicago,Muy Alto,8,86.52,No,Sí,Otro,Sí,App,16745,Otro,191.0,4.39738219895288,3.094240837696335,7.250028200789622
5855605194,69,Masculino,Chicago,Bajo,2,7.64,No,Sí,Otro,No,Efectivo,1413,Otro,191.0,4.39738219895288,3.094240837696335,7.250028200789622
9107661797,37,Masculino,Chicago,Bajo,2,6.73,Sí,Sí,Otro,No,Efectivo,1565,Otro,191.0,4.39738219895288,3.094240837696335,7.250028200789622
4180066307,25,Masculino,Chicago,Muy Alto,8,104.22,No,Sí,Mariscos,Sí,Tarjeta,16930,Mariscos y pescado,21.0,4.409523809523809,59.142857142857146,0.37930756843800323
4720851289,33,Masculino,Chicago,Muy Alto,9,92.81,Sí,Sí,Mariscos,Sí,App,16557,Mariscos y pescado,21.0,4.409523809523809,59.142857142857146,0.37930756843800323
9643415727,19,Masculino,Chicago,Bajo,2,8.08,Sí,Sí,Pescado,No,Tarjeta,1110,Mariscos y pescado,21.0,4.409523809523809,59.142857142857146,0.37930756843800323
9516763729,34,Femenino,Chicago,Medio,2,19.38,No,No,Vegetariano,No,App,2112,Vegetariano/Vegano,2.0,4.1,847.0,0.02648563557654467
1549781341,18,Femenino,Chicago,Muy Alto,8,6.15,No,Sí,Vegetariano,Sí,Tarjeta,17070,Vegetariano/Vegano,2.0,4.1,847.0,0.02648563557654467
9759481762,48,Femenino,Chicago,Bajo,0,0.0,No,No,Carnes,No,Efectivo,1449,Carnes,32.0,4.3125,49.65625,0.45177260331445357
9697633406,55,Femenino,Chicago,Bajo,0,0.0,No,No,Otro,No,Efectivo,1091,Otro,191.0,4.39738219895288,3.094240837696335,7.250028200789622
1786734434,68,Femenino,Chicago,Bajo,3,9.17,No,Sí,Vegetariano,No,Efectivo,1350,Vegetariano/Vegano,2.0,4.1,847.0,0.02648563557654467
8585848599,35,Femenino,Chicago,Bajo,0,0.0,Sí,Sí,Otro,No,App,1425,Otro,191.0,4.39738219895288,3.094240837696335,7.250028200789622
3104853839,67,Masculino,Chicago,Medio,4,28.24,No,Sí,Otro,Sí,Efectivo,2954,Otro,191.0,4.39738219895288,3.094240837696335,7.250028200789622
1857316576,26,Masculino,Chicago,Muy Alto,8,21.01,No,Sí,Otro,Sí,Efectivo,16280,Otro,191.0,4.39738219895288,3.094240837696335,7.250028200789622
5986013420,29,Masculino,Chicago,Alto,5,18.14,No,No,Carnes,Sí,Tarjeta,3659,Carnes,32.0,4.3125,49.65625,0.45177260331445357
8565406848,79,Femenino,Chicago,Medio,3,13.64,Sí,No,Carnes,No,Tarjeta,3480,Carnes,32.0,4.3125,49.65625,0.45177260331445357
4443376154,33,Masculino,Chicago,Alto,6,11.82,No,No,Carnes,Sí,Efectivo,5751,Carnes,32.0,4.3125,49.65625,0.45177260331445357
6410634827,29,Femenino,Chicago,Medio,4,23.11,Sí,Sí,Pescado,No,Efectivo,1876,Mariscos y pescado,21.0,4.409523809523809,59.142857142857146,0.37930756843800323
5114483788,71,Masculino,Chicago,Medio,2,21.1,No,No,Vegano,No,Efectivo,3004,Vegetariano/Vegano,2.0,4.1,847.0,0.02648563557654467
9616880989,36,Femenino,Chicago,Bajo,3,9.83,Sí,Sí,Vegetariano,No,App,999,Vegetariano/Vegano,2.0,4.1,847.0,0.02648563557654467
1908277410,60,Masculino,Chicago,Alto,6,49.3,Sí,Sí,Otro,Sí,App,5384,Otro,191.0,4.39738219895288,3.094240837696335,7.250028200789622
5768489573,71,Femenino,Chicago,Medio,5,17.99,No,No,Carnes,No,Efectivo,2830,Carnes,32.0,4.3125,49.65625,0.45177260331445357
4713467995,39,Masculino,Chicago,Bajo,2,5.13,No,Sí,Carnes,No,Efectivo,828,Carnes,32.0,4.3125,49.65625,0.45177260331445357
4328037907,41,Masculino,Chicago,Medio,4,24.13,No,Sí,Carnes,No,Efectivo,3318,Carnes,32.0,4.3125,49.65625,0.45177260331445357
3416830709,80,Masculino,Chicago,Alto,6,9.3,Sí,No,Carnes,No,Tarjeta,7161,Carnes,32.0,4.3125,49.65625,0.45177260331445357
3988775646,22,Masculino,Chicago,Muy Alto,8,48.18,Sí,Sí,Pescado,Sí,App,11432,Mariscos y pescado,21.0,4.409523809523809,59.142857142857146,0.37930756843800323
4068402648,30,Masculino,Chicago,Muy Alto,10,41.97,No,Sí,Vegetariano,Sí,Efectivo,12730,Vegetariano/Vegano,2.0,4.1,847.0,0.02648563557654467
9331815077,27,Masculino,Chicago,Muy Alto,8,20.9,No,Sí,Carnes,Sí,App,16834,Carnes,32.0,4.3125,49.65625,0.45177260331445357
8560754503,36,Masculino,Chicago,Medio,3,11.28,Sí,Sí,Carnes,No,Efectivo,2428,Carnes,32.0,4.3125,49.65625,0.45177260331445357
3415582507,39,Femenino,Chicago,Alto,4,36.33,No,Sí,Carnes,No,Efectivo,7744,Carnes,32.0,4.3125,49.65625,0.45177260331445357
6913322591,69,Masculino,Chicago,Alto,5,32.56,Sí,No,Otro,No,Tarjeta,8171,Otro,191.0,4.39738219895288,3.094240837696335,7.250028200789622
9156189060,18,Masculino,Chicago,Medio,4,11.59,No,Sí,Carnes,No,Efectivo,3054,Carnes,32.0,4.3125,49.65625,0.45177260331445357
1190763336,79,Femenino,Chicago,Muy Alto,5,7.33,No,No,Carnes,Sí,App,9242,Carnes,32.0,4.3125,49.65625,0.45177260331445357
6933769301,29,Masculino,Chicago,Bajo,0,0.0,No,Sí,Vegano,No,App,1184,Vegetariano/Vegano,2.0,4.1,847.0,0.02648563557654467
3322580659,19,Masculino,Chicago,Medio,3,19.16,No,Sí,Carnes,No,Tarjeta,2425,Carnes,32.0,4.3125,49.65625,0.45177260331445357
8764282353,33,Femenino,Chicago,Alto,6,9.18,Sí,Sí,Mariscos,Sí,Tarjeta,8698,Mariscos y pescado,21.0,4.409523809523809,59.142857142857146,0.37930756843800323
8401597987,53,Femenino,Chicago,Alto,6,48.97,No,Sí,Vegetariano,Sí,Tarjeta,7989,Vegetariano/Vegano,2.0,4.1,847.0,0.02648563557654467
8804053782,72,Masculino,Chicago,Bajo,2,9.51,Sí,No,Carnes,No,Efectivo,1096,Carnes,32.0,4.3125,49.65625,0.45177260331445357
4989509333,59,Masculino,Chicago,Bajo,2,9.35,Sí,No,Vegetariano,No,Efectivo,1146,Vegetariano/Vegano,2.0,4.1,847.0,0.02648563557654467
2763419718,27,Masculino,Chicago,Alto,4,53.84,No,Sí,Mariscos,No,Efectivo,8230,Mariscos y pescado,21.0,4.409523809523809,59.142857142857146,0.37930756843800323
2705667018,42,Masculino,Chicago,Alto,5,44.94,No,No,Otro,Sí,Efectivo,7217,Otro,191.0,4.39738219895288,3.094240837696335,7.250028200789622
6165207446,79,Femenino,Chicago,Alto,4,28.35,Sí,No,Otro,Sí,Efectivo,7010,Otro,191.0,4.39738219895288,3.094240837696335,7.250028200789622
5097705819,78,Masculino,Chicago,Alto,6,8.47,No,No,Vegetariano,No,App,5726,Vegetariano/Vegano,2.0,4.1,847.0,0.02648563557654467
6058963940,42,Masculino,Chicago,Medio,4,18.76,No,Sí,Carnes,No,Tarjeta,1768,Carnes,32.0,4.3125,49.65625,0.45177260331445357
3830262384,56,Femenino,Chicago,Bajo,2,7.83,No,Sí,Carnes,No,Efectivo,989,Carnes,32.0,4.3125,49.65625,0.45177260331445357
7555747409,59,Femenino,Chicago,Medio,3,23.45,Sí,Sí,Otro,No,Tarjeta,2074,Otro,191.0,4.39738219895288,3.094240837696335,7.250028200789622
3907622213,49,Masculino,Chicago,Bajo,0,0.0,Sí,Sí,Vegetariano,No,App,919,Vegetariano/Vegano,2.0,4.1,847.0,0.02648563557654467
8825222689,71,Masculino,Chicago,Muy Alto,8,71.86,No,Sí,Vegano,Sí,Tarjeta,15864,Vegetariano/Vegano,2.0,4.1,847.0,0.02648563557654467
9273125114,66,Femenino,Chicago,Muy Alto,7,37.1,Sí,No,Pescado,Sí,Efectivo,14494,Mariscos y pescado,21.0,4.409523809523809,59.142857142857146,0.37930756843800323
5245302960,76,Masculino,Chicago,Muy Alto,7,20.02,Sí,No,Vegano,Sí,Efectivo,16424,Vegetariano/Vegano,2.0,4.1,847.0,0.02648563557654467
5216493005,33,Femenino,Chicago,Bajo,2,6.62,No,Sí,Vegetariano,No,App,1306,Vegetariano/Vegano,2.0,4.1,847.0,0.02648563557654467
3853422914,79,Femenino,Chicago,Muy Alto,9,93.51,Sí,No,Vegetariano,Sí,App,10464,Vegetariano/Vegano,2.0,4.1,847.0,0.02648563557654467
3864307279,45,Masculino,Chicago,Muy Alto,8,15.54,Sí,No,Otro,Sí,Tarjeta,16249,Otro,191.0,4.39738219895288,3.094240837696335,7.250028200789622
2249665211,18,Masculino,Chicago,Alto,6,54.59,Sí,Sí,Mariscos,Sí,App,7330,Mariscos y pescado,21.0,4.409523809523809,59.142857142857146,0.37930756843800323
3957398102,67,Femenino,Chicago,Muy Alto,5,77.63,No,Sí,Mariscos,Sí,Efectivo,12798,Mariscos y pescado,21.0,4.409523809523809,59.142857142857146,0.37930756843800323
1640660765,25,Femenino,Chicago,Alto,5,36.38,Sí,Sí,Vegano,Sí,Efectivo,6770,Vegetariano/Vegano,2.0,4.1,847.0,0.02648563557654467
4297584712,34,Masculino,Chicago,Alto,6,13.09,No,No,Vegetariano,No,Criptomoneda,7761,Vegetariano/Vegano,2.0,4.1,847.0,0.02648563557654467
2748058782,73,Masculino,Chicago,Bajo,0,0.0,Sí,No,Otro,No,App,839,Otro,191.0,4.39738219895288,3.094240837696335,7.250028200789622
8687594450,45,Femenino,Chicago,Medio,3,15.03,No,Sí,Vegano,No,Tarjeta,2549,Vegetariano/Vegano,2.0,4.1,847.0,0.02648563557654467
8698339953,25,Femenino,Chicago,Muy Alto,8,19.92,No,Sí,Otro,Sí,Efectivo,17706,Otro,191.0,4.39738219895288,3.094240837696335,7.250028200789622
5584657798,21,Masculino,Chicago,Medio,5,19.13,No,Sí,Mariscos,No,Efectivo,2861,Mariscos y pescado,21.0,4.409523809523809,59.142857142857146,0.37930756843800323
7412673916,70,Femenino,Chicago,Medio,4,18.04,Sí,No,Vegetariano,No,Tarjeta,2265,Vegetariano/Vegano,2.0,4.1,847.0,0.02648563557654467
2014128816,29,Masculino,Chicago,Medio,4,26.9,No,Sí,Otro,No,Efectivo,2484,Otro,191.0,4.39738219895288,3.094240837696335,7.250028200789622
9455553667,65,Masculino,Chicago,Medio,3,5.98,No,No,Carnes,No,Efectivo,2922,Carnes,32.0,4.3125,49.65625,0.45177260331445357
6773938304,22,Femenino,Chicago,Medio,2,17.53,Sí,Sí,Mariscos,No,Efectivo,2554,Mariscos y pescado,21.0,4.409523809523809,59.142857142857146,0.37930756843800323
1778744573,29,Masculino,Chicago,Alto,4,17.01,No,Sí,Vegano,Sí,App,7885,Vegetariano/Vegano,2.0,4.1,847.0,0.02648563557654467
9815793150,25,Masculino,Chicago,Medio,3,20.3,Sí,Sí,Vegano,No,Efectivo,2265,Vegetariano/Vegano,2.0,4.1,847.0,0.02648563557654467
4794327780,66,Femenino,Chicago,Alto,4,35.24,Sí,Sí,Vegetariano,Sí,Efectivo,5169,Vegetariano/Vegano,2.0,4.1,847.0,0.02648563557654467
4982151132,54,Masculino,Chicago,Alto,6,56.38,No,Sí,Mariscos,Sí,Efectivo,6121,Mariscos y pescado,21.0,4.409523809523809,59.142857142857146,0.37930756843800323
3309042717,38,Masculino,Chicago,Medio,2,6.74,No,Sí,Vegano,No,Tarjeta,2443,Vegetariano/Vegano,2.0,4.1,847.0,0.02648563557654467
6731560214,34,Masculino,Chicago,Muy Alto,6,50.79,No,No,Otro,Sí,Efectivo,9074,Otro,191.0,4.39738219895288,3.094240837696335,7.250028200789622
1190220066,21,Femenino,Chicago,Bajo,1,7.18,No,No,Vegano,No,Tarjeta,1530,Vegetariano/Vegano,2.0,4.1,847.0,0.02648563557654467
6340134175,26,Femenino,Chicago,Alto,5,17.09,Sí,Sí,Carnes,Sí,Tarjeta,3683,Carnes,32.0,4.3125,49.65625,0.45177260331445357
6424808975,46,Masculino,Chicago,Muy Alto,5,57.92,No,Sí,Vegetariano,Sí,App,17843,Vegetariano/Vegano,2.0,4.1,847.0,0.02648563557654467
3793024711,71,Masculino,Chicago,Bajo,1,6.04,No,No,Carnes,No,Tarjeta,896,Carnes,32.0,4.3125,49.65625,0.45177260331445357
2091807434,74,Femenino,Chicago,Bajo,3,5.95,No,No,Pescado,No,Tarjeta,1188,Mariscos y pescado,21.0,4.409523809523809,59.142857142857146,0.37930756843800323
7337225482,38,Masculino,Chicago,Bajo,3,6.45,Sí,Sí,Otro,No,Efectivo,1343,Otro,191.0,4.39738219895288,3.094240837696335,7.250028200789622
3551496716,58,Femenino,Chicago,Alto,5,12.75,No,Sí,Carnes,Sí,App,4626,Carnes,32.0,4.3125,49.65625,0.45177260331445357
3633988037,51,Femenino,Chicago,Bajo,3,5.35,No,Sí,Carnes,No,Efectivo,1170,Carnes,32.0,4.3125,49.65625,0.45177260331445357
4431139894,40,Masculino,Chicago,Muy Alto,6,91.68,Sí,Sí,Sin dato,Sí,Efectivo,12464,Sin dato,,,,
3002904954,57,Masculino,Chicago,Alto,4,54.34,Sí,Sí,Vegetariano,Sí,Efectivo,7744,Vegetariano/Vegano,2.0,4.1,847.0,0.02648563557654467
9270323795,79,Femenino,Chicago,Bajo,1,6.04,Sí,Sí,Mariscos,No,Efectivo,1267,Mariscos y pescado,21.0,4.409523809523809,59.142857142857146,0.37930756843800323
3465246851,77,Masculino,Chicago,Alto,6,5.09,Sí,Sí,Pescado,Sí,Efectivo,6108,Mariscos y pescado,21.0,4.409523809523809,59.142857142857146,0.37930756843800323
7666122085,27,Femenino,Chicago,Bajo,0,0.0,No,Sí,Sin dato,No,Tarjeta,1093,Sin dato,,,,
4570605732,35,Femenino,Chicago,Alto,4,58.13,No,Sí,Vegetariano,No,Efectivo,7377,Vegetariano/Vegano,2.0,4.1,847.0,0.02648563557654467
8626114388,28,Femenino,Chicago,Medio,4,7.67,Sí,Sí,Carnes,No,Tarjeta,2627,Carnes,32.0,4.3125,49.65625,0.45177260331445357
1085507405,34,Masculino,Chicago,Medio,2,25.08,Sí,Sí,Vegetariano,No,Tarjeta,3412,Vegetariano/Vegano,2.0,4.1,847.0,0.02648563557654467
5593251639,65,Femenino,Chicago,Alto,5,34.06,No,Sí,Mariscos,Sí,Efectivo,6864,Mariscos y pescado,21.0,4.409523809523809,59.142857142857146,0.37930756843800323
3427258822,22,Masculino,Chicago,Alto,4,37.63,Sí,Sí,Carnes,No,App,6062,Carnes,32.0,4.3125,49.65625,0.45177260331445357
9526061191,49,Masculino,Chicago,Alto,4,14.43,No,No,Otro,No,Efectivo,7522,Otro,191.0,4.39738219895288,3.094240837696335,7.250028200789622
7446355231,56,Masculino,Chicago,Alto,4,22.34,No,Sí,Otro,Sí,Efectivo,7619,Otro,191.0,4.39738219895288,3.094240837696335,7.250028200789622
3759588762,67,Masculino,Chicago,Alto,5,54.28,Sí,No,Carnes,No,App,6902,Carnes,32.0,4.3125,49.65625,0.45177260331445357
6390474759,23,Masculino,Chicago,Alto,6,33.9,Sí,Sí,Vegetariano,Sí,Efectivo,6767,Vegetariano/Vegano,2.0,4.1,847.0,0.02648563557654467
9436074012,68,Femenino,Chicago,Medio,5,14.67,No,Sí,Mariscos,No,Tarjeta,3477,Mariscos y pescado,21.0,4.409523809523809,59.142857142857146,0.37930756843800323
8861351706,80,Femenino,Chicago,Bajo,3,6.39,Sí,Sí,Vegetariano,No,Tarjeta,1287,Vegetariano/Vegano,2.0,4.1,847.0,0.02648563557654467
8025126426,59,Femenino,Chicago,Bajo,2,9.76,No,No,Carnes,No,App,1569,Carnes,32.0,4.3125,49.65625,0.45177260331445357
9671304166,25,Femenino,Chicago,Muy Alto,9,71.53,Sí,Sí,Otro,Sí,Efectivo,15198,Otro,191.0,4.39738219895288,3.094240837696335,7.250028200789622
7704591830,56,Femenino,Chicago,Medio,4,6.94,Sí,Sí,Otro,No,Efectivo,2067,Otro,191.0,4.39738219895288,3.094240837696335,7.250028200789622
7092268944,74,Masculino,Chicago,Alto,6,30.75,No,Sí,Vegano,Sí,App,7308,Vegetariano/Vegano,2.0,4.1,847.0,0.02648563557654467
1662530809,46,Masculino,Chicago,Alto,5,45.7,Sí,No,Carnes,Sí,Tarjeta,6641,Carnes,32.0,4.3125,49.65625,0.45177260331445357
1151805831,41,Femenino,Chicago,Muy Alto,6,32.17,No,No,Otro,Sí,Tarjeta,17951,Otro,191.0,4.39738219895288,3.094240837696335,7.250028200789622
8902207709,24,Femenino,Chicago,Alto,6,14.88,No,Sí,Mariscos,Sí,Tarjeta,8271,Mariscos y pescado,21.0,4.409523809523809,59.142857142857146,0.37930756843800323
4619620406,63,Masculino,Chicago,Muy Alto,10,78.23,Sí,No,Vegetariano,Sí,App,15158,Vegetariano/Vegano,2.0,4.1,847.0,0.02648563557654467
7231526825,41,Masculino,Chicago,Bajo,0,0.0,No,No,Vegano,No,App,1137,Vegetariano/Vegano,2.0,4.1,847.0,0.02648563557654467
5813434185,48,Masculino,Chicago,Muy Alto,5,7.17,Sí,Sí,Vegetariano,Sí,App,12280,Vegetariano/Vegano,2.0,4.1,847.0,0.02648563557654467
9132262513,37,Masculino,Chicago,Muy Alto,8,55.51,No,No,Vegetariano,Sí,App,10646,Vegetariano/Vegano,2.0,4.1,847.0,0.02648563557654467
5402242178,66,Femenino,Chicago,Muy Alto,6,35.34,No,Sí,Vegetariano,No,App,12668,Vegetariano/Vegano,2.0,4.1,847.0,0.02648563557654467
9885757271,72,Femenino,Chicago,Muy Alto,10,96.41,Sí,Sí,Vegano,Sí,Efectivo,12120,Vegetariano/Vegano,2.0,4.1,847.0,0.02648563557654467
2376463094,31,Masculino,Chicago,Bajo,3,7.87,Sí,No,Carnes,No,Tarjeta,1254,Carnes,32.0,4.3125,49.65625,0.45177260331445357
3647358248,39,Masculino,Chicago,Medio,3,18.67,No,No,Carnes,No,Tarjeta,3058,Carnes,32.0,4.3125,49.65625,0.45177260331445357
1276260166,41,Femenino,Chicago,Bajo,3,7.96,Sí,Sí,Carnes,No,Efectivo,1376,Carnes,32.0,4.3125,49.65625,0.45177260331445357
9717085580,35,Femenino,Chicago,Medio,2,18.11,Sí,Sí,Vegetariano,No,Efectivo,2599,Vegetariano/Vegano,2.0,4.1,847.0,0.02648563557654467
7366337616,60,Masculino,Chicago,Bajo,3,8.77,Sí,Sí,Vegetariano,No,App,1254,Vegetariano/Vegano,2.0,4.1,847.0,0.02648563557654467
9092533958,76,Femenino,Chicago,Alto,4,15.69,No,Sí,Carnes,Sí,App,8678,Carnes,32.0,4.3125,49.65625,0.45177260331445357
4719242291,23,Femenino,Chicago,Alto,6,38.14,No,Sí,Mariscos,Sí,App,8501,Mariscos y pescado,21.0,4.409523809523809,59.142857142857146,0.37930756843800323
1426465521,49,Femenino,Chicago,Muy Alto,10,76.14,No,Sí,Carnes,Sí,Tarjeta,9916,Carnes,32.0,4.3125,49.65625,0.45177260331445357
9505656654,48,Masculino,Chicago,Muy Alto,5,51.05,No,No,Mariscos,Sí,Tarjeta,17836,Mariscos y pescado,21.0,4.409523809523809,59.142857142857146,0.37930756843800323
7965886270,79,Masculino,Chicago,Muy Alto,7,70.9,Sí,No,Pescado,No,Efectivo,14922,Mariscos y pescado,21.0,4.409523809523809,59.142857142857146,0.37930756843800323
5519711134,54,Masculino,Chicago,Medio,4,14.75,No,No,Vegano,No,Tarjeta,2496,Vegetariano/Vegano,2.0,4.1,847.0,0.02648563557654467
8999384161,41,Femenino,Chicago,Alto,5,55.29,Sí,Sí,Carnes,No,Tarjeta,4714,Carnes,32.0,4.3125,49.65625,0.45177260331445357
2969952716,18,Femenino,Chicago,Medio,4,29.9,Sí,Sí,Carnes,Sí,Efectivo,2193,Carnes,32.0,4.3125,49.65625,0.45177260331445357
7410048427,67,Masculino,Chicago,Muy Alto,9,38.38,No,Sí,Otro,Sí,Tarjeta,14497,Otro,191.0,4.39738219895288,3.094240837696335,7.250028200789622
7290602977,69,Masculino,Chicago,Bajo,3,9.45,Sí,No,Mariscos,No,App,1219,Mariscos y pescado,21.0,4.409523809523809,59.142857142857146,0.37930756843800323
2109020054,54,Femenino,Chicago,Medio,3,17.24,No,Sí,Carnes,No,Efectivo,3042,Carnes,32.0,4.3125,49.65625,0.45177260331445357
8547068234,46,Femenino,Chicago,Medio,3,7.1,Sí,No,Sin dato,No,Efectivo,1783,Sin dato,,,,
9022967507,23,Masculino,Chicago,Medio,5,12.96,No,Sí,Vegano,No,Efectivo,1827,Vegetariano/Vegano,2.0,4.1,847.0,0.02648563557654467
8381865861,32,Femenino,Chicago,Bajo,0,0.0,No,No,Pescado,No,Tarjeta,1412,Mariscos y pescado,21.0,4.409523809523809,59.142857142857146,0.37930756843800323
3762609435,32,Masculino,Chicago,Alto,6,5.08,No,No,Carnes,Sí,Efectivo,8567,Carnes,32.0,4.3125,49.65625,0.45177260331445357
5031793156,31,Masculino,Chicago,Muy Alto,7,88.64,No,Sí,Vegetariano,Sí,Tarjeta,16840,Vegetariano/Vegano,2.0,4.1,847.0,0.02648563557654467
9822771825,40,Femenino,Chicago,Medio,5,16.97,No,No,Vegetariano,No,App,2833,Vegetariano/Vegano,2.0,4.1,847.0,0.02648563557654467
1261413688,38,Femenino,Chicago,Muy Alto,6,100.26,Sí,No,Vegetariano,Sí,Efectivo,10719,Vegetariano/Vegano,2.0,4.1,847.0,0.02648563557654467
9422110981,40,Femenino,Chicago,Muy Alto,5,73.8,No,Sí,Carnes,Sí,App,13027,Carnes,32.0,4.3125,49.65625,0.45177260331445357
1192253086,66,Femenino,Chicago,Medio,5,17.44,No,Sí,Carnes,No,App,2345,Carnes,32.0,4.3125,49.65625,0.45177260331445357
8102515984,60,Femenino,Chicago,Medio,4,18.14,No,Sí,Carnes,Sí,Tarjeta,1806,Carnes,32.0,4.3125,49.65625,0.45177260331445357
1360187252,48,Femenino,Chicago,Bajo,2,7.38,No,Sí,Mariscos,No,Efectivo,1009,Mariscos y pescado,21.0,4.409523809523809,59.142857142857146,0.37930756843800323
4272650222,73,Masculino,Chicago,Medio,4,8.08,Sí,No,Vegetariano,Sí,Tarjeta,2663,Vegetariano/Vegano,2.0,4.1,847.0,0.02648563557654467
7166868574,61,Masculino,Chicago,Bajo,3,7.05,No,Sí,Carnes,No,Efectivo,1491,Carnes,32.0,4.3125,49.65625,0.45177260331445357
5917622576,53,Femenino,Chicago,Medio,5,26.25,No,Sí,Vegetariano,Sí,Efectivo,3092,Vegetariano/Vegano,2.0,4.1,847.0,0.02648563557654467
2412483267,54,Femenino,Chicago,Muy Alto,7,12.91,Sí,Sí,Mariscos,Sí,App,12542,Mariscos y pescado,21.0,4.409523809523809,59.142857142857146,0.37930756843800323
6782719632,36,Femenino,Chicago,Alto,4,26.27,No,No,Carnes,Sí,App,5648,Carnes,32.0,4.3125,49.65625,0.45177260331445357
3341235566,31,Femenino,Chicago,Alto,6,21.33,Sí,Sí,Otro,Sí,Tarjeta,6218,Otro,191.0,4.39738219895288,3.094240837696335,7.250028200789622
1178466107,23,Masculino,Chicago,Medio,5,14.58,No,Sí,Vegano,No,Tarjeta,2653,Vegetariano/Vegano,2.0,4.1,847.0,0.02648563557654467
1610899978,28,Masculino,Chicago,Alto,4,35.02,No,No,Carnes,Sí,Efectivo,4747,Carnes,32.0,4.3125,49.65625,0.45177260331445357
7815604345,67,Femenino,Chicago,Medio,5,21.37,No,No,Carnes,No,Tarjeta,2311,Carnes,32.0,4.3125,49.65625,0.45177260331445357
1318123463,66,Femenino,Chicago,Bajo,0,0.0,Sí,Sí,Pescado,No,Efectivo,1499,Mariscos y pescado,21.0,4.409523809523809,59.142857142857146,0.37930756843800323
1521521078,30,Femenino,Chicago,Medio,4,7.67,No,Sí,Carnes,Sí,Efectivo,1723,Carnes,32.0,4.3125,49.65625,0.45177260331445357
6080288631,46,Femenino,Chicago,Bajo,2,7.12,Sí,No,Carnes,No,Tarjeta,1189,Carnes,32.0,4.3125,49.65625,0.45177260331445357
8710173569,30,Femenino,Chicago,Medio,3,16.32,Sí,Sí,Carnes,No,App,2865,Carnes,32.0,4.3125,49.65625,0.45177260331445357
8847888035,53,Femenino,Chicago,Alto,5,59.84,Sí,No,Carnes,No,Tarjeta,8749,Carnes,32.0,4.3125,49.65625,0.45177260331445357
5286400604,69,Masculino,Chicago,Medio,2,9.27,Sí,Sí,Vegano,Sí,Tarjeta,2677,Vegetariano/Vegano,2.0,4.1,847.0,0.02648563557654467
8189916797,48,Femenino,Chicago,Bajo,3,5.2,No,No,Mariscos,No,Efectivo,1561,Mariscos y pescado,21.0,4.409523809523809,59.142857142857146,0.37930756843800323
3811717813,57,Masculino,Chicago,Muy Alto,5,87.29,Sí,Sí,Vegano,Sí,Efectivo,11142,Vegetariano/Vegano,2.0,4.1,847.0,0.02648563557654467
2057617830,46,Femenino,Chicago,Muy Alto,8,49.78,No,No,Mariscos,Sí,Efectivo,11046,Mariscos y pescado,21.0,4.409523809523809,59.142857142857146,0.37930756843800323
8253451457,70,Femenino,Chicago,Bajo,1,8.8,Sí,No,Carnes,Sí,Tarjeta,1455,Carnes,32.0,4.3125,49.65625,0.45177260331445357
7184823268,53,Femenino,Chicago,Alto,5,14.78,No,No,Mariscos,No,Efectivo,4046,Mariscos y pescado,21.0,4.409523809523809,59.142857142857146,0.37930756843800323
6605256729,65,Masculino,Chicago,Medio,3,21.43,No,Sí,Carnes,No,Efectivo,1742,Carnes,32.0,4.3125,49.65625,0.45177260331445357
2227662866,40,Femenino,Chicago,Medio,4,25.61,No,No,Vegano,No,Efectivo,1682,Vegetariano/Vegano,2.0,4.1,847.0,0.02648563557654467
4816118375,73,Femenino,Chicago,Bajo,0,0.0,No,Sí,Pescado,No,App,1160,Mariscos y pescado,21.0,4.409523809523809,59.142857142857146,0.37930756843800323
3742489414,39,Masculino,Chicago,Medio,2,23.93,No,Sí,Mariscos,No,Efectivo,2681,Mariscos y pescado,21.0,4.409523809523809,59.142857142857146,0.37930756843800323
1597882268,43,Masculino,Chicago,Muy Alto,8,91.97,Sí,Sí,Vegetariano,Sí,Tarjeta,12694,Vegetariano/Vegano,2.0,4.1,847.0,0.02648563557654467
5787791586,66,Masculino,Chicago,Muy Alto,5,18.8,Sí,Sí,Mariscos,Sí,App,16807,Mariscos y pescado,21.0,4.409523809523809,59.142857142857146,0.37930756843800323
5887450229,71,Masculino,Chicago,Bajo,1,6.8,Sí,Sí,Pescado,No,App,905,Mariscos y pescado,21.0,4.409523809523809,59.142857142857146,0.37930756843800323
4303253485,41,Masculino,Chicago,Medio,4,26.5,No,Sí,Otro,No,Efectivo,3119,Otro,191.0,4.39738219895288,3.094240837696335,7.250028200789622
3096836292,29,Femenino,Chicago,Medio,4,13.61,Sí,Sí,Carnes,No,Efectivo,2405,Carnes,32.0,4.3125,49.65625,0.45177260331445357
8430369688,49,Masculino,Chicago,Medio,2,21.22,Sí,No,Mariscos,No,Efectivo,2606,Mariscos y pescado,21.0,4.409523809523809,59.142857142857146,0.37930756843800323
2271255209,77,Masculino,Chicago,Muy Alto,10,74.55,Sí,No,Vegetariano,Sí,Efectivo,16892,Vegetariano/Vegano,2.0,4.1,847.0,0.02648563557654467
1644608746,57,Masculino,Chicago,Muy Alto,6,37.49,Sí,No,Mariscos,Sí,App,15415,Mariscos y pescado,21.0,4.409523809523809,59.142857142857146,0.37930756843800323
2307442635,74,Masculino,Chicago,Muy Alto,7,85.77,Sí,Sí,Pescado,Sí,Efectivo,10795,Mariscos y pescado,21.0,4.409523809523809,59.142857142857146,0.37930756843800323
5792345210,60,Masculino,Chicago,Bajo,2,8.64,No,Sí,Pescado,No,Efectivo,1280,Mariscos y pescado,21.0,4.409523809523809,59.142857142857146,0.37930756843800323
8458717057,71,Femenino,Chicago,Muy Alto,6,84.11,Sí,No,Vegano,Sí,Tarjeta,13471,Vegetariano/Vegano,2.0,4.1,847.0,0.02648563557654467
8296810996,60,Femenino,Chicago,Alto,5,43.02,No,Sí,Vegano,No,Tarjeta,5936,Vegetariano/Vegano,2.0,4.1,847.0,0.02648563557654467
3862189654,29,Masculino,Chicago,Medio,4,20.4,Sí,Sí,Carnes,No,Efectivo,3364,Carnes,32.0,4.3125,49.65625,0.45177260331445357
2145119397,78,Masculino,Chicago,Bajo,1,9.08,Sí,No,Vegetariano,No,Efectivo,1233,Vegetariano/Vegano,2.0,4.1,847.0,0.02648563557654467
1940956660,46,Masculino,Chicago,Medio,5,21.16,No,Sí,Mariscos,Sí,Tarjeta,1764,Mariscos y pescado,21.0,4.409523809523809,59.142857142857146,0.37930756843800323
8820087287,55,Masculino,Chicago,Medio,4,6.84,Sí,Sí,Vegetariano,Sí,App,1963,Vegetariano/Vegano,2.0,4.1,847.0,0.02648563557654467
9259907294,47,Femenino,Chicago,Muy Alto,6,70.48,Sí,Sí,Otro,Sí,Efectivo,14460,Otro,191.0,4.39738219895288,3.094240837696335,7.250028200789622
8184053697,58,Masculino,Chicago,Alto,4,20.91,Sí,Sí,Carnes,Sí,Tarjeta,5450,Carnes,32.0,4.3125,49.65625,0.45177260331445357
4006240351,55,Masculino,Chicago,Medio,2,10.61,Sí,No,Carnes,Sí,App,3254,Carnes,32.0,4.3125,49.65625,0.45177260331445357
8388580360,69,Masculino,Chicago,Alto,6,39.76,No,Sí,Vegetariano,No,App,3879,Vegetariano/Vegano,2.0,4.1,847.0,0.02648563557654467
5094088928,26,Femenino,Chicago,Alto,6,48.68,Sí,Sí,Pescado,Sí,Tarjeta,7238,Mariscos y pescado,21.0,4.409523809523809,59.142857142857146,0.37930756843800323
2677082743,76,Masculino,Chicago,Medio,3,22.35,Sí,Sí,Vegano,No,App,3089,Vegetariano/Vegano,2.0,4.1,847.0,0.02648563557654467
3774110439,38,Masculino,Chicago,Medio,3,16.76,No,No,Carnes,No,Tarjeta,2078,Carnes,32.0,4.3125,49.65625,0.45177260331445357
6074996463,35,Femenino,Chicago,Bajo,3,8.84,Sí,Sí,Carnes,No,Efectivo,1425,Carnes,32.0,4.3125,49.65625,0.45177260331445357
3316326341,47,Femenino,Chicago,Medio,2,25.2,No,No,Sin dato,No,Tarjeta,2641,Sin dato,,,,
6230593697,20,Femenino,Chicago,Muy Alto,7,72.05,No,Sí,Otro,Sí,Tarjeta,13550,Otro,191.0,4.39738219895288,3.094240837696335,7.250028200789622
4622545857,65,Femenino,Chicago,Muy Alto,5,12.71,No,Sí,Carnes,Sí,App,9081,Carnes,32.0,4.3125,49.65625,0.45177260331445357
7819176070,19,Masculino,Chicago,Muy Alto,9,46.07,No,Sí,Mariscos,Sí,Efectivo,10296,Mariscos y pescado,21.0,4.409523809523809,59.142857142857146,0.37930756843800323
2326914126,53,Masculino,Chicago,Muy Alto,9,86.69,Sí,No,Vegetariano,Sí,App,17526,Vegetariano/Vegano,2.0,4.1,847.0,0.02648563557654467
1842572532,23,Masculino,Chicago,Alto,6,15.44,No,Sí,Otro,Sí,Efectivo,3822,Otro,191.0,4.39738219895288,3.094240837696335,7.250028200789622
2121139613,65,Femenino,Chicago,Alto,6,35.96,Sí,No,Mariscos,Sí,Tarjeta,4549,Mariscos y pescado,21.0,4.409523809523809,59.142857142857146,0.37930756843800323
7579971124,21,Femenino,Chicago,Bajo,0,0.0,Sí,Sí,Carnes,No,App,1094,Carnes,32.0,4.3125,49.65625,0.45177260331445357
5149075560,76,Masculino,Chicago,Medio,5,17.69,No,No,Mariscos,No,Tarjeta,2568,Mariscos y pescado,21.0,4.409523809523809,59.142857142857146,0.37930756843800323
2436605335,42,Femenino,Chicago,Alto,5,7.51,No,No,Carnes,No,Tarjeta,6054,Carnes,32.0,4.3125,49.65625,0.45177260331445357
9224577766,19,Femenino,Chicago,Bajo,0,0.0,No,Sí,Otro,No,Efectivo,841,Otro,191.0,4.39738219895288,3.094240837696335,7.250028200789622
1867741277,54,Femenino,Chicago,Medio,4,7.24,No,No,Carnes,No,Efectivo,1982,Carnes,32.0,4.3125,49.65625,0.45177260331445357
4419729234,20,Masculino,Chicago,Bajo,2,6.07,No,Sí,Mariscos,No,Tarjeta,1249,Mariscos y pescado,21.0,4.409523809523809,59.142857142857146,0.37930756843800323
6580445587,46,Femenino,Chicago,Muy Alto,7,74.58,Sí,No,Pescado,Sí,Tarjeta,12732,Mariscos y pescado,21.0,4.409523809523809,59.142857142857146,0.37930756843800323
1742678111,48,Femenino,Chicago,Alto,6,38.21,Sí,No,Otro,No,App,5481,Otro,191.0,4.39738219895288,3.094240837696335,7.250028200789622
8181574001,39,Masculino,Chicago,Medio,3,7.34,Sí,No,Vegetariano,No,Tarjeta,2225,Vegetariano/Vegano,2.0,4.1,847.0,0.02648563557654467
7473270708,37,Femenino,Chicago,Muy Alto,9,40.21,Sí,Sí,Carnes,Sí,Tarjeta,13953,Carnes,32.0,4.3125,49.65625,0.45177260331445357
3014723958,56,Femenino,Chicago,Bajo,3,6.8,No,Sí,Carnes,No,Efectivo,1267,Carnes,32.0,4.3125,49.65625,0.45177260331445357
4945172663,63,Masculino,Chicago,Medio,2,11.82,No,No,Pescado,No,Efectivo,3198,Mariscos y pescado,21.0,4.409523809523809,59.142857142857146,0.37930756843800323
9057984307,44,Femenino,Chicago,Alto,6,20.39,No,Sí,Carnes,Sí,Efectivo,4111,Carnes,32.0,4.3125,49.65625,0.45177260331445357
1566056427,53,Masculino,Chicago,Bajo,2,9.13,Sí,Sí,Otro,No,App,1548,Otro,191.0,4.39738219895288,3.094240837696335,7.250028200789622
5681431406,35,Femenino,Chicago,Alto,4,45.3,Sí,Sí,Carnes,No,Efectivo,4310,Carnes,32.0,4.3125,49.65625,0.45177260331445357
1816045580,55,Masculino,Chicago,Muy Alto,10,61.02,Sí,No,Pescado,Sí,Tarjeta,11956,Mariscos y pescado,21.0,4.409523809523809,59.142857142857146,0.37930756843800323
1793092370,42,Masculino,Chicago,Medio,2,20.01,Sí,No,Otro,No,App,1933,Otro,191.0,4.39738219895288,3.094240837696335,7.250028200789622
6684237496,20,Masculino,Chicago,Bajo,3,9.42,No,No,Mariscos,No,Tarjeta,1216,Mariscos y pescado,21.0,4.409523809523809,59.142857142857146,0.37930756843800323
3030638564,62,Masculino,Chicago,Muy Alto,9,35.39,No,Sí,Vegano,Sí,Tarjeta,17462,Vegetariano/Vegano,2.0,4.1,847.0,0.02648563557654467
4492228998,37,Masculino,Chicago,Medio,2,19.45,No,No,Mariscos,No,Tarjeta,1785,Mariscos y pescado,21.0,4.409523809523809,59.142857142857146,0.37930756843800323
7750449098,65,Masculino,Chicago,Medio,5,19.83,Sí,Sí,Vegetariano,No,Tarjeta,1689,Vegetariano/Vegano,2.0,4.1,847.0,0.02648563557654467
7345130956,72,Masculino,Chicago,Medio,2,17.2,No,No,Carnes,No,App,2784,Carnes,32.0,4.3125,49.65625,0.45177260331445357
2746244541,49,Femenino,Chicago,Bajo,0,0.0,No,No,Carnes,No,Efectivo,880,Carnes,32.0,4.3125,49.65625,0.45177260331445357
9312125622,29,Masculino,Chicago,Bajo,2,6.32,Sí,Sí,Vegetariano,No,Efectivo,1382,Vegetariano/Vegano,2.0,4.1,847.0,0.02648563557654467
2188332531,44,Femenino,Chicago,Medio,3,24.59,Sí,Sí,Carnes,No,Tarjeta,3081,Carnes,32.0,4.3125,49.65625,0.45177260331445357
7815551519,26,Masculino,Chicago,Medio,2,29.98,Sí,Sí,Carnes,No,Tarjeta,3158,Carnes,32.0,4.3125,49.65625,0.45177260331445357
4875855229,57,Masculino,Chicago,Muy Alto,6,16.6,Sí,Sí,Pescado,Sí,Tarjeta,16275,Mariscos y pescado,21.0,4.409523809523809,59.142857142857146,0.37930756843800323
6877893955,29,Femenino,Chicago,Bajo,2,9.25,Sí,Sí,Carnes,No,Criptomoneda,891,Carnes,32.0,4.3125,49.65625,0.45177260331445357
9102990960,60,Masculino,Chicago,Alto,6,34.9,No,No,Vegano,Sí,App,5135,Vegetariano/Vegano,2.0,4.1,847.0,0.02648563557654467
6940246930,41,Masculino,Chicago,Bajo,0,0.0,No,No,Vegano,No,App,1235,Vegetariano/Vegano,2.0,4.1,847.0,0.02648563557654467
8684460654,80,Femenino,Chicago,Medio,2,25.52,No,No,Vegetariano,No,App,2859,Vegetariano/Vegano,2.0,4.1,847.0,0.02648563557654467
7366396017,50,Masculino,Chicago,Bajo,0,0.0,No,Sí,Mariscos,No,App,1088,Mariscos y pescado,21.0,4.409523809523809,59.142857142857146,0.37930756843800323
1741498005,43,Masculino,Chicago,Alto,6,50.74,Sí,Sí,Carnes,No,Efectivo,7906,Carnes,32.0,4.3125,49.65625,0.45177260331445357
4268713302,22,Masculino,Chicago,Muy Alto,8,46.81,No,Sí,Carnes,Sí,Tarjeta,10211,Carnes,32.0,4.3125,49.65625,0.45177260331445357
2936702153,55,Masculino,Chicago,Bajo,1,9.1,No,Sí,Vegano,No,Tarjeta,1258,Vegetariano/Vegano,2.0,4.1,847.0,0.02648563557654467
1170004678,71,Femenino,Chicago,Muy Alto,8,96.67,No,Sí,Carnes,Sí,Efectivo,16850,Carnes,32.0,4.3125,49.65625,0.45177260331445357
3909884323,54,Femenino,Chicago,Bajo,0,0.0,No,No,Carnes,No,Tarjeta,1476,Carnes,32.0,4.3125,49.65625,0.45177260331445357
6575353619,55,Femenino,Chicago,Muy Alto,8,33.64,Sí,Sí,Vegetariano,Sí,Tarjeta,16965,Vegetariano/Vegano,2.0,4.1,847.0,0.02648563557654467
5384395326,65,Femenino,Chicago,Bajo,2,5.77,Sí,No,Otro,No,Tarjeta,1361,Otro,191.0,4.39738219895288,3.094240837696335,7.250028200789622
3467689742,35,Femenino,Chicago,Bajo,2,9.48,Sí,Sí,Carnes,No,Tarjeta,1351,Carnes,32.0,4.3125,49.65625,0.45177260331445357
3562814290,27,Masculino,Chicago,Alto,5,28.84,No,Sí,Vegano,No,Tarjeta,8660,Vegetariano/Vegano,2.0,4.1,847.0,0.02648563557654467
9113438941,69,Femenino,Chicago,Alto,5,34.89,Sí,No,Vegetariano,Sí,Tarjeta,7497,Vegetariano/Vegano,2.0,4.1,847.0,0.02648563557654467
7929934027,45,Femenino,Chicago,Muy Alto,5,94.05,No,No,Carnes,Sí,Efectivo,11752,Carnes,32.0,4.3125,49.65625,0.45177260331445357
3681421120,31,Masculino,Chicago,Bajo,2,9.26,No,Sí,Vegano,No,Efectivo,1135,Vegetariano/Vegano,2.0,4.1,847.0,0.02648563557654467
7791186780,30,Masculino,Chicago,Medio,5,15.76,Sí,Sí,Pescado,No,Tarjeta,2899,Mariscos y pescado,21.0,4.409523809523809,59.142857142857146,0.37930756843800323
3365062104,31,Masculino,Chicago,Medio,4,28.81,Sí,No,Mariscos,No,Tarjeta,2737,Mariscos y pescado,21.0,4.409523809523809,59.142857142857146,0.37930756843800323
7408205117,33,Femenino,Chicago,Alto,6,57.23,No,Sí,Otro,No,Efectivo,4620,Otro,191.0,4.39738219895288,3.094240837696335,7.250028200789622
4104553529,71,Femenino,Chicago,Bajo,2,7.39,Sí,Sí,Otro,No,Efectivo,1148,Otro,191.0,4.39738219895288,3.094240837696335,7.250028200789622
3060076582,70,Femenino,Chicago,Alto,5,38.05,No,Sí,Vegano,No,App,4812,Vegetariano/Vegano,2.0,4.1,847.0,0.02648563557654467
8188838518,58,Masculino,Chicago,Medio,4,22.45,Sí,Sí,Vegetariano,No,Criptomoneda,2827,Vegetariano/Vegano,2.0,4.1,847.0,0.02648563557654467
4035639663,55,Femenino,Chicago,Medio,5,11.89,Sí,No,Carnes,No,Efectivo,3462,Carnes,32.0,4.3125,49.65625,0.45177260331445357
3297221425,51,Femenino,Chicago,Medio,3,14.99,Sí,Sí,Pescado,No,Efectivo,2973,Mariscos y pescado,21.0,4.409523809523809,59.142857142857146,0.37930756843800323
7315974248,68,Masculino,Chicago,Alto,4,18.18,Sí,No,Sin dato,Sí,Tarjeta,4715,Sin dato,,,,
9805451776,18,Femenino,Chicago,Muy Alto,10,79.72,Sí,Sí,Mariscos,Sí,Tarjeta,17750,Mariscos y pescado,21.0,4.409523809523809,59.142857142857146,0.37930756843800323
9245756514,68,Masculino,Chicago,Bajo,3,6.86,Sí,Sí,Vegetariano,No,App,985,Vegetariano/Vegano,2.0,4.1,847.0,0.02648563557654467
9215678197,70,Femenino,Chicago,Medio,3,10.64,Sí,Sí,Vegano,No,App,1939,Vegetariano/Vegano,2.0,4.1,847.0,0.02648563557654467
8658596381,49,Femenino,Chicago,Alto,5,11.28,Sí,Sí,Pescado,No,App,4310,Mariscos y pescado,21.0,4.409523809523809,59.142857142857146,0.37930756843800323
8352913188,51,Masculino,Chicago,Medio,3,29.45,No,Sí,Pescado,No,App,3412,Mariscos y pescado,21.0,4.409523809523809,59.142857142857146,0.37930756843800323
3769413993,58,Femenino,Chicago,Alto,6,13.58,Sí,Sí,Otro,Sí,Tarjeta,7883,Otro,191.0,4.39738219895288,3.094240837696335,7.250028200789622
2144197944,72,Femenino,Chicago,Muy Alto,9,25.65,No,No,Mariscos,Sí,Efectivo,9441,Mariscos y pescado,21.0,4.409523809523809,59.142857142857146,0.37930756843800323
1108592659,51,Femenino,Chicago,Bajo,3,7.28,Sí,No,Vegano,No,Efectivo,938,Vegetariano/Vegano,2.0,4.1,847.0,0.02648563557654467
7038056729,42,Masculino,Chicago,Alto,6,10.12,No,Sí,Carnes,Sí,Tarjeta,8276,Carnes,32.0,4.3125,49.65625,0.45177260331445357
2313906126,45,Masculino,Chicago,Muy Alto,7,40.71,No,No,Vegetariano,Sí,App,9700,Vegetariano/Vegano,2.0,4.1,847.0,0.02648563557654467
4765583254,36,Masculino,Chicago,Muy Alto,7,74.46,Sí,No,Sin dato,Sí,App,16664,Sin dato,,,,
9560990739,61,Masculino,Chicago,Alto,5,20.9,Sí,Sí,Pescado,Sí,Efectivo,6603,Mariscos y pescado,21.0,4.409523809523809,59.142857142857146,0.37930756843800323
7259805159,78,Femenino,Chicago,Medio,3,18.41,No,No,Vegetariano,No,Tarjeta,3407,Vegetariano/Vegano,2.0,4.1,847.0,0.02648563557654467
5064162365,27,Masculino,Chicago,Alto,6,8.59,Sí,No,Pescado,Sí,App,7460,Mariscos y pescado,21.0,4.409523809523809,59.142857142857146,0.37930756843800323
6932017991,69,Femenino,Chicago,Medio,3,5.25,No,Sí,Vegetariano,No,Efectivo,1648,Vegetariano/Vegano,2.0,4.1,847.0,0.02648563557654467
8183216649,48,Femenino,Chicago,Medio,3,5.55,Sí,No,Mariscos,No,Efectivo,2935,Mariscos y pescado,21.0,4.409523809523809,59.142857142857146,0.37930756843800323
9989406946,28,Femenino,Chicago,Bajo,2,9.65,No,Sí,Otro,No,App,826,Otro,191.0,4.39738219895288,3.094240837696335,7.250028200789622
7016293621,30,Femenino,Chicago,Bajo,2,8.52,No,Sí,Otro,No,Tarjeta,1526,Otro,191.0,4.39738219895288,3.094240837696335,7.250028200789622
3301389619,66,Masculino,Chicago,Muy Alto,8,30.68,Sí,Sí,Vegetariano,Sí,Efectivo,16202,Vegetariano/Vegano,2.0,4.1,847.0,0.02648563557654467
6985569796,73,Masculino,Chicago,Bajo,1,9.48,No,Sí,Mariscos,No,Tarjeta,1535,Mariscos y pescado,21.0,4.409523809523809,59.142857142857146,0.37930756843800323
9144903196,71,Masculino,Chicago,Bajo,3,8.94,No,No,Pescado,No,App,1474,Mariscos y pescado,21.0,4.409523809523809,59.142857142857146,0.37930756843800323
6551405716,23,Masculino,Chicago,Medio,4,17.66,No,No,Carnes,No,Efectivo,2910,Carnes,32.0,4.3125,49.65625,0.45177260331445357
3611336587,57,Masculino,Chicago,Muy Alto,9,34.99,No,Sí,Otro,No,Tarjeta,14878,Otro,191.0,4.39738219895288,3.094240837696335,7.250028200789622
1246716110,28,Femenino,Chicago,Medio,3,24.79,No,Sí,Carnes,No,Efectivo,2500,Carnes,32.0,4.3125,49.65625,0.45177260331445357
2813424011,42,Masculino,Chicago,Medio,5,26.98,No,Sí,Otro,No,App,3320,Otro,191.0,4.39738219895288,3.094240837696335,7.250028200789622
6739009474,20,Femenino,Chicago,Bajo,3,6.2,Sí,Sí,Carnes,No,App,1413,Carnes,32.0,4.3125,49.65625,0.45177260331445357
8381403065,28,Femenino,Chicago,Alto,5,16.04,Sí,Sí,Mariscos,No,Tarjeta,7624,Mariscos y pescado,21.0,4.409523809523809,59.142857142857146,0.37930756843800323
4363847086,64,Femenino,Chicago,Bajo,2,8.9,No,No,Mariscos,No,Tarjeta,830,Mariscos y pescado,21.0,4.409523809523809,59.142857142857146,0.37930756843800323
1465578258,34,Masculino,Chicago,Alto,6,41.79,No,Sí,Vegetariano,Sí,Efectivo,7906,Vegetariano/Vegano,2.0,4.1,847.0,0.02648563557654467
6284745480,74,Femenino,Chicago,Muy Alto,10,9.7,No,No,Pescado,Sí,Tarjeta,9914,Mariscos y pescado,21.0,4.409523809523809,59.142857142857146,0.37930756843800323
8480475386,53,Femenino,Chicago,Bajo,2,6.04,Sí,Sí,Vegetariano,No,Efectivo,1026,Vegetariano/Vegano,2.0,4.1,847.0,0.02648563557654467
1013417859,34,Masculino,Chicago,Alto,5,43.59,No,No,Mariscos,Sí,App,3872,Mariscos y pescado,21.0,4.409523809523809,59.142857142857146,0.37930756843800323
5749515773,69,Femenino,Chicago,Medio,3,28.52,Sí,Sí,Vegano,No,Efectivo,1922,Vegetariano/Vegano,2.0,4.1,847.0,0.02648563557654467
1156391160,49,Masculino,Chicago,Medio,3,26.7,Sí,No,Vegetariano,No,Tarjeta,2397,Vegetariano/Vegano,2.0,4.1,847.0,0.02648563557654467
6251628992,32,Femenino,Chicago,Bajo,3,6.71,Sí,Sí,Pescado,Sí,Efectivo,1076,Mariscos y pescado,21.0,4.409523809523809,59.142857142857146,0.37930756843800323
9094089209,30,Femenino,Chicago,Bajo,2,5.65,Sí,Sí,Pescado,No,Tarjeta,1223,Mariscos y pescado,21.0,4.409523809523809,59.142857142857146,0.37930756843800323
8500485631,18,Femenino,Chicago,Alto,6,40.21,No,Sí,Vegetariano,Sí,Efectivo,4221,Vegetariano/Vegano,2.0,4.1,847.0,0.02648563557654467
6854191999,70,Femenino,Chicago,Medio,4,6.46,No,Sí,Vegetariano,No,Tarjeta,2185,Vegetariano/Vegano,2.0,4.1,847.0,0.02648563557654467
6369130994,41,Masculino,Chicago,Alto,5,51.18,No,Sí,Mariscos,Sí,Efectivo,8949,Mariscos y pescado,21.0,4.409523809523809,59.142857142857146,0.37930756843800323
1969934690,58,Masculino,Chicago,Bajo,2,6.77,Sí,No,Mariscos,No,App,1568,Mariscos y pescado,21.0,4.409523809523809,59.142857142857146,0.37930756843800323
2610694200,59,Masculino,Chicago,Alto,5,36.98,No,Sí,Carnes,Sí,Tarjeta,5627,Carnes,32.0,4.3125,49.65625,0.45177260331445357
2011318028,50,Femenino,Chicago,Bajo,2,5.25,No,Sí,Sin dato,No,App,863,Sin dato,,,,
2124420145,42,Femenino,Chicago,Alto,5,53.84,No,No,Vegetariano,Sí,Efectivo,4168,Vegetariano/Vegano,2.0,4.1,847.0,0.02648563557654467
2287243206,78,Masculino,Chicago,Medio,3,16.46,Sí,Sí,Carnes,No,App,2178,Carnes,32.0,4.3125,49.65625,0.45177260331445357
9128707462,28,Masculino,Chicago,Alto,6,30.92,Sí,Sí,Carnes,Sí,App,4873,Carnes,32.0,4.3125,49.65625,0.45177260331445357
3618855603,45,Masculino,Chicago,Medio,4,20.23,Sí,Sí,Vegano,No,Efectivo,3129,Vegetariano/Vegano,2.0,4.1,847.0,0.02648563557654467
1536963767,72,Femenino,Chicago,Muy Alto,7,48.0,No,Sí,Vegetariano,Sí,Tarjeta,11446,Vegetariano/Vegano,2.0,4.1,847.0,0.02648563557654467
7366961179,47,Femenino,Chicago,Alto,4,51.6,Sí,Sí,Vegetariano,Sí,App,7860,Vegetariano/Vegano,2.0,4.1,847.0,0.02648563557654467
1470694264,45,Femenino,Chicago,Muy Alto,5,80.33,Sí,Sí,Vegano,Sí,Tarjeta,16578,Vegetariano/Vegano,2.0,4.1,847.0,0.02648563557654467
6746860557,53,Femenino,Chicago,Muy Alto,9,40.55,No,No,Carnes,Sí,Efectivo,11849,Carnes,32.0,4.3125,49.65625,0.45177260331445357
7103314197,52,Femenino,Chicago,Bajo,0,0.0,Sí,Sí,Vegetariano,No,Tarjeta,1065,Vegetariano/Vegano,2.0,4.1,847.0,0.02648563557654467
8892108904,25,Femenino,Chicago,Bajo,1,7.69,Sí,Sí,Carnes,No,Tarjeta,995,Carnes,32.0,4.3125,49.65625,0.45177260331445357
2072981699,41,Masculino,Chicago,Bajo,2,6.53,No,Sí,Mariscos,No,Efectivo,952,Mariscos y pescado,21.0,4.409523809523809,59.142857142857146,0.37930756843800323
9938055806,79,Masculino,Chicago,Muy Alto,7,18.76,Sí,No,Otro,Sí,Tarjeta,15707,Otro,191.0,4.39738219895288,3.094240837696335,7.250028200789622
5520985207,44,Masculino,Chicago,Muy Alto,5,19.19,Sí,Sí,Carnes,Sí,Tarjeta,14981,Carnes,32.0,4.3125,49.65625,0.45177260331445357
3266941706,38,Femenino,Chicago,Alto,4,44.76,Sí,No,Otro,Sí,App,5699,Otro,191.0,4.39738219895288,3.094240837696335,7.250028200789622
3517195150,59,Masculino,Chicago,Bajo,2,8.18,Sí,Sí,Pescado,No,App,999,Mariscos y pescado,21.0,4.409523809523809,59.142857142857146,0.37930756843800323
9913444771,62,Masculino,Chicago,Medio,5,10.64,Sí,Sí,Carnes,No,Efectivo,2730,Carnes,32.0,4.3125,49.65625,0.45177260331445357
1118433510,37,Femenino,Chicago,Medio,2,20.37,Sí,Sí,Carnes,No,App,1610,Carnes,32.0,4.3125,49.65625,0.45177260331445357
1985197631,54,Femenino,Chicago,Bajo,2,5.87,No,No,Carnes,No,Tarjeta,1219,Carnes,32.0,4.3125,49.65625,0.45177260331445357
2117979954,60,Masculino,Chicago,Bajo,2,6.61,Sí,Sí,Vegetariano,No,Tarjeta,888,Vegetariano/Vegano,2.0,4.1,847.0,0.02648563557654467
1817906089,73,Masculino,Chicago,Medio,2,14.72,No,Sí,Vegano,No,App,3461,Vegetariano/Vegano,2.0,4.1,847.0,0.02648563557654467
7189929378,24,Femenino,Chicago,Bajo,3,9.78,Sí,Sí,Carnes,No,Tarjeta,997,Carnes,32.0,4.3125,49.65625,0.45177260331445357
6368239069,48,Femenino,Chicago,Alto,6,9.44,Sí,Sí,Carnes,Sí,Efectivo,6539,Carnes,32.0,4.3125,49.65625,0.45177260331445357
8763735407,80,Femenino,Chicago,Medio,2,27.39,No,No,Carnes,No,Efectivo,1997,Carnes,32.0,4.3125,49.65625,0.45177260331445357
6191270918,52,Femenino,Chicago,Alto,6,33.44,No,Sí,Carnes,Sí,App,3531,Carnes,32.0,4.3125,49.65625,0.45177260331445357
9534149013,20,Femenino,Chicago,Muy Alto,9,93.81,Sí,Sí,Vegano,Sí,Efectivo,10238,Vegetariano/Vegano,2.0,4.1,847.0,0.02648563557654467
3351236804,43,Femenino,Chicago,Medio,5,10.06,No,Sí,Carnes,No,Tarjeta,2831,Carnes,32.0,4.3125,49.65625,0.45177260331445357
7845366946,33,Femenino,Chicago,Bajo,2,6.54,No,Sí,Carnes,No,Efectivo,1382,Carnes,32.0,4.3125,49.65625,0.45177260331445357
8292912555,28,Femenino,Chicago,Muy Alto,6,15.82,Sí,Sí,Otro,Sí,App,14273,Otro,191.0,4.39738219895288,3.094240837696335,7.250028200789622
8870317583,23,Femenino,Chicago,Medio,4,8.61,Sí,Sí,Pescado,No,Efectivo,1701,Mariscos y pescado,21.0,4.409523809523809,59.142857142857146,0.37930756843800323
5976642492,47,Femenino,Chicago,Medio,2,18.91,No,Sí,Vegano,No,Tarjeta,2930,Vegetariano/Vegano,2.0,4.1,847.0,0.02648563557654467
1368287033,18,Masculino,Chicago,Alto,5,58.31,No,Sí,Pescado,No,Efectivo,8374,Mariscos y pescado,21.0,4.409523809523809,59.142857142857146,0.37930756843800323
7850841338,48,Femenino,Chicago,Bajo,2,7.91,Sí,No,Vegetariano,No,Tarjeta,803,Vegetariano/Vegano,2.0,4.1,847.0,0.02648563557654467
7173665159,49,Femenino,Chicago,Alto,6,40.46,Sí,No,Carnes,Sí,Tarjeta,4237,Carnes,32.0,4.3125,49.65625,0.45177260331445357
3156968684,19,Femenino,Chicago,Medio,5,26.19,Sí,Sí,Pescado,No,App,3278,Mariscos y pescado,21.0,4.409523809523809,59.142857142857146,0.37930756843800323
3457732693,74,Masculino,Chicago,Medio,3,8.29,Sí,Sí,Carnes,No,Tarjeta,2867,Carnes,32.0,4.3125,49.65625,0.45177260331445357
2221876389,45,Femenino,Chicago,Medio,4,5.51,No,No,Otro,No,App,2538,Otro,191.0,4.39738219895288,3.094240837696335,7.250028200789622
6019825060,40,Masculino,Chicago,Medio,3,11.2,No,Sí,Vegano,No,Tarjeta,2019,Vegetariano/Vegano,2.0,4.1,847.0,0.02648563557654467
8742542384,46,Femenino,Chicago,Bajo,2,9.5,No,No,Pescado,No,Tarjeta,1519,Mariscos y pescado,21.0,4.409523809523809,59.142857142857146,0.37930756843800323
9441699194,33,Femenino,Chicago,Alto,6,15.87,Sí,Sí,Sin dato,No,App,7075,Sin dato,,,,
3878719791,30,Femenino,Chicago,Bajo,3,9.61,Sí,Sí,Sin dato,No,Efectivo,1134,Sin dato,,,,
1955630767,72,Femenino,Chicago,Medio,3,14.53,No,No,Mariscos,No,Efectivo,3022,Mariscos y pescado,21.0,4.409523809523809,59.142857142857146,0.37930756843800323
4712367625,60,Masculino,Chicago,Alto,6,24.16,No,No,Mariscos,No,Efectivo,5159,Mariscos y pescado,21.0,4.409523809523809,59.142857142857146,0.37930756843800323
2281380475,70,Femenino,Chicago,Medio,2,21.1,Sí,No,Carnes,No,Efectivo,3085,Carnes,32.0,4.3125,49.65625,0.45177260331445357
2421289722,49,Masculino,Chicago,Muy Alto,7,51.76,No,Sí,Carnes,Sí,Tarjeta,15062,Carnes,32.0,4.3125,49.65625,0.45177260331445357
1278979168,27,Masculino,Chicago,Alto,5,56.2,Sí,Sí,Carnes,Sí,Efectivo,7109,Carnes,32.0,4.3125,49.65625,0.45177260331445357
4172961663,27,Masculino,Chicago,Bajo,3,7.62,Sí,Sí,Vegetariano,No,Tarjeta,1333,Vegetariano/Vegano,2.0,4.1,847.0,0.02648563557654467
8492914483,61,Femenino,Chicago,Bajo,3,7.21,Sí,No,Carnes,No,App,1259,Carnes,32.0,4.3125,49.65625,0.45177260331445357
3843651882,71,Masculino,Chicago,Medio,5,25.46,Sí,Sí,Pescado,No,Tarjeta,3165,Mariscos y pescado,21.0,4.409523809523809,59.142857142857146,0.37930756843800323
5938315384,80,Femenino,Chicago,Muy Alto,5,69.3,No,Sí,Sin dato,Sí,Efectivo,11593,Sin dato,,,,
4320430686,63,Masculino,Chicago,Bajo,3,6.86,No,No,Mariscos,No,Tarjeta,1093,Mariscos y pescado,21.0,4.409523809523809,59.142857142857146,0.37930756843800323
4987388889,40,Femenino,Chicago,Medio,3,5.31,No,Sí,Mariscos,No,Tarjeta,2467,Mariscos y pescado,21.0,4.409523809523809,59.142857142857146,0.37930756843800323
9625656293,45,Masculino,Chicago,Medio,4,11.04,Sí,Sí,Carnes,No,Tarjeta,2177,Carnes,32.0,4.3125,49.65625,0.45177260331445357
5500086353,41,Femenino,Chicago,Muy Alto,9,30.66,No,Sí,Pescado,Sí,Tarjeta,12419,Mariscos y pescado,21.0,4.409523809523809,59.142857142857146,0.37930756843800323
4323437534,18,Femenino,Chicago,Muy Alto,5,87.1,Sí,Sí,Mariscos,Sí,Efectivo,13340,Mariscos y pescado,21.0,4.409523809523809,59.142857142857146,0.37930756843800323
9111377542,55,Masculino,Chicago,Muy Alto,7,80.08,No,Sí,Carnes,Sí,Tarjeta,15734,Carnes,32.0,4.3125,49.65625,0.45177260331445357
7750819485,37,Femenino,Chicago,Bajo,3,7.73,Sí,Sí,Carnes,No,Tarjeta,1524,Carnes,32.0,4.3125,49.65625,0.45177260331445357
8971931625,68,Masculino,Chicago,Muy Alto,5,14.9,No,Sí,Sin dato,Sí,Efectivo,17802,Sin dato,,,,
4306064478,69,Femenino,Chicago,Medio,4,15.68,Sí,Sí,Carnes,No,Efectivo,2146,Carnes,32.0,4.3125,49.65625,0.45177260331445357
6960329328,42,Femenino,Chicago,Bajo,1,7.1,No,Sí,Carnes,No,App,1300,Carnes,32.0,4.3125,49.65625,0.45177260331445357
5196703393,20,Masculino,Chicago,Alto,4,17.89,Sí,Sí,Carnes,No,Tarjeta,6070,Carnes,32.0,4.3125,49.65625,0.45177260331445357
4229124671,63,Femenino,Chicago,Alto,6,6.24,No,No,Carnes,Sí,Efectivo,7814,Carnes,32.0,4.3125,49.65625,0.45177260331445357
3825013396,34,Masculino,Chicago,Muy Alto,5,44.99,Sí,Sí,Carnes,Sí,Tarjeta,16773,Carnes,32.0,4.3125,49.65625,0.45177260331445357
3857155858,51,Femenino,Chicago,Bajo,0,0.0,Sí,No,Otro,No,Tarjeta,980,Otro,191.0,4.39738219895288,3.094240837696335,7.250028200789622
1785430175,28,Masculino,Chicago,Alto,4,28.64,No,Sí,Carnes,Sí,Tarjeta,6982,Carnes,32.0,4.3125,49.65625,0.45177260331445357
3718004140,20,Femenino,Chicago,Alto,6,40.57,Sí,Sí,Carnes,Sí,Efectivo,5178,Carnes,32.0,4.3125,49.65625,0.45177260331445357
4628648524,73,Masculino,Chicago,Alto,5,44.97,No,No,Vegetariano,Sí,App,5938,Vegetariano/Vegano,2.0,4.1,847.0,0.02648563557654467
5852914708,30,Femenino,Chicago,Alto,4,6.96,No,Sí,Vegano,Sí,App,6304,Vegetariano/Vegano,2.0,4.1,847.0,0.02648563557654467
2404951301,51,Masculino,Chicago,Medio,2,18.86,No,Sí,Pescado,Sí,App,1849,Mariscos y pescado,21.0,4.409523809523809,59.142857142857146,0.37930756843800323
9977193987,61,Masculino,Chicago,Alto,4,18.64,Sí,Sí,Vegetariano,Sí,App,4407,Vegetariano/Vegano,2.0,4.1,847.0,0.02648563557654467
4122901114,36,Masculino,Chicago,Alto,6,53.94,No,No,Otro,No,Criptomoneda,7553,Otro,191.0,4.39738219895288,3.094240837696335,7.250028200789622
2513618961,75,Masculino,Chicago,Bajo,0,0.0,Sí,No,Carnes,No,App,1304,Carnes,32.0,4.3125,49.65625,0.45177260331445357
1519336819,76,Femenino,Chicago,Muy Alto,10,79.05,No,No,Vegetariano,Sí,Efectivo,12242,Vegetariano/Vegano,2.0,4.1,847.0,0.02648563557654467
1915111272,55,Masculino,Chicago,Medio,5,7.72,Sí,Sí,Carnes,No,Efectivo,1860,Carnes,32.0,4.3125,49.65625,0.45177260331445357
4452419330,54,Femenino,Chicago,Medio,2,14.15,Sí,No,Vegano,No,App,2604,Vegetariano/Vegano,2.0,4.1,847.0,0.02648563557654467
1368293703,29,Femenino,Chicago,Alto,4,44.9,No,Sí,Mariscos,No,App,5599,Mariscos y pescado,21.0,4.409523809523809,59.142857142857146,0.37930756843800323
9509139325,49,Femenino,Chicago,Alto,5,5.5,Sí,Sí,Pescado,No,App,8231,Mariscos y pescado,21.0,4.409523809523809,59.142857142857146,0.37930756843800323
4498248368,71,Femenino,Chicago,Alto,5,12.16,Sí,No,Carnes,No,Criptomoneda,5633,Carnes,32.0,4.3125,49.65625,0.45177260331445357
9513913427,26,Femenino,Chicago,Bajo,3,5.96,No,Sí,Mariscos,No,Tarjeta,1266,Mariscos y pescado,21.0,4.409523809523809,59.142857142857146,0.37930756843800323
7591206374,18,Masculino,Chicago,Muy Alto,7,40.44,Sí,Sí,Vegetariano,Sí,App,15888,Vegetariano/Vegano,2.0,4.1,847.0,0.02648563557654467
7167194592,46,Femenino,Chicago,Bajo,2,9.08,Sí,No,Sin dato,No,Efectivo,1443,Sin dato,,,,
4058918847,56,Femenino,Chicago,Muy Alto,7,100.15,No,No,Carnes,Sí,Tarjeta,9834,Carnes,32.0,4.3125,49.65625,0.45177260331445357
7574249203,26,Femenino,Chicago,Medio,2,14.82,No,Sí,Vegano,Sí,App,2697,Vegetariano/Vegano,2.0,4.1,847.0,0.02648563557654467
5369604613,20,Masculino,Chicago,Muy Alto,5,13.77,Sí,Sí,Mariscos,Sí,Tarjeta,14332,Mariscos y pescado,21.0,4.409523809523809,59.142857142857146,0.37930756843800323
2249440068,51,Femenino,Chicago,Muy Alto,7,54.15,Sí,No,Carnes,Sí,Efectivo,12584,Carnes,32.0,4.3125,49.65625,0.45177260331445357
5173107724,22,Masculino,Chicago,Medio,4,7.75,Sí,Sí,Carnes,No,Efectivo,3249,Carnes,32.0,4.3125,49.65625,0.45177260331445357
6947441035,44,Femenino,Chicago,Bajo,3,9.92,No,Sí,Vegano,No,Tarjeta,840,Vegetariano/Vegano,2.0,4.1,847.0,0.02648563557654467
5681614306,44,Femenino,Chicago,Medio,4,22.18,No,Sí,Vegano,No,App,1638,Vegetariano/Vegano,2.0,4.1,847.0,0.02648563557654467
4247486765,59,Femenino,Chicago,Bajo,3,8.17,No,Sí,Carnes,No,App,1147,Carnes,32.0,4.3125,49.65625,0.45177260331445357
6937993272,53,Femenino,Chicago,Alto,5,16.61,No,Sí,Vegetariano,No,Efectivo,3940,Vegetariano/Vegano,2.0,4.1,847.0,0.02648563557654467
5833424629,38,Masculino,Chicago,Alto,4,57.0,No,Sí,Otro,No,Tarjeta,8882,Otro,191.0,4.39738219895288,3.094240837696335,7.250028200789622
5419054626,79,Femenino,Chicago,Bajo,2,7.27,No,No,Vegetariano,No,App,1150,Vegetariano/Vegano,2.0,4.1,847.0,0.02648563557654467
1058951224,61,Masculino,Chicago,Bajo,1,5.98,No,Sí,Vegetariano,No,App,1023,Vegetariano/Vegano,2.0,4.1,847.0,0.02648563557654467
3731524909,30,Masculino,Chicago,Medio,4,14.5,Sí,Sí,Pescado,No,Tarjeta,2731,Mariscos y pescado,21.0,4.409523809523809,59.142857142857146,0.37930756843800323
2783074271,76,Femenino,Chicago,Bajo,1,8.28,No,No,Vegano,No,Efectivo,855,Vegetariano/Vegano,2.0,4.1,847.0,0.02648563557654467
6804025676,34,Femenino,Chicago,Alto,6,18.01,Sí,Sí,Vegano,Sí,Tarjeta,8329,Vegetariano/Vegano,2.0,4.1,847.0,0.02648563557654467
6348324494,20,Femenino,Chicago,Alto,4,26.63,No,Sí,Vegetariano,Sí,Efectivo,5117,Vegetariano/Vegano,2.0,4.1,847.0,0.02648563557654467
6981119730,50,Femenino,Chicago,Bajo,2,7.2,No,No,Carnes,No,Tarjeta,1559,Carnes,32.0,4.3125,49.65625,0.45177260331445357
8688960845,29,Femenino,Chicago,Medio,2,21.42,Sí,Sí,Mariscos,No,App,3219,Mariscos y pescado,21.0,4.409523809523809,59.142857142857146,0.37930756843800323
2024522901,47,Masculino,Chicago,Medio,4,29.37,No,Sí,Carnes,No,Efectivo,2537,Carnes,32.0,4.3125,49.65625,0.45177260331445357
6991340184,24,Masculino,Chicago,Alto,5,17.59,No,Sí,Mariscos,No,Tarjeta,6253,Mariscos y pescado,21.0,4.409523809523809,59.142857142857146,0.37930756843800323
4221140729,21,Femenino,Chicago,Alto,4,48.46,Sí,No,Vegetariano,Sí,Tarjeta,7337,Vegetariano/Vegano,2.0,4.1,847.0,0.02648563557654467
6777569073,23,Femenino,Chicago,Muy Alto,7,93.97,Sí,Sí,Vegetariano,Sí,Tarjeta,15082,Vegetariano/Vegano,2.0,4.1,847.0,0.02648563557654467
3647215340,33,Masculino,Chicago,Alto,6,14.61,No,No,Vegetariano,Sí,Tarjeta,4593,Vegetariano/Vegano,2.0,4.1,847.0,0.02648563557654467
9955497193,22,Masculino,Chicago,Medio,4,13.14,Sí,Sí,Carnes,No,Tarjeta,2978,Carnes,32.0,4.3125,49.65625,0.45177260331445357
6314382205,64,Femenino,Chicago,Bajo,1,6.38,No,Sí,Vegetariano,No,Efectivo,858,Vegetariano/Vegano,2.0,4.1,847.0,0.02648563557654467
3022150839,23,Femenino,Chicago,Medio,3,18.54,No,Sí,Otro,No,Efectivo,2566,Otro,191.0,4.39738219895288,3.094240837696335,7.250028200789622
7826758231,79,Masculino,Chicago,Medio,5,9.56,Sí,No,Mariscos,No,Tarjeta,2924,Mariscos y pescado,21.0,4.409523809523809,59.142857142857146,0.37930756843800323
1172357124,52,Masculino,Chicago,Bajo,2,8.23,No,Sí,Vegetariano,No,Efectivo,939,Vegetariano/Vegano,2.0,4.1,847.0,0.02648563557654467
9878792256,36,Femenino,Chicago,Medio,4,29.79,No,No,Mariscos,No,App,2859,Mariscos y pescado,21.0,4.409523809523809,59.142857142857146,0.37930756843800323
6925401543,51,Femenino,Chicago,Muy Alto,5,96.56,Sí,No,Carnes,Sí,Tarjeta,11898,Carnes,32.0,4.3125,49.65625,0.45177260331445357
4537559864,27,Femenino,Chicago,Muy Alto,10,93.29,Sí,Sí,Carnes,Sí,Efectivo,9214,Carnes,32.0,4.3125,49.65625,0.45177260331445357
2817250453,56,Femenino,Chicago,Bajo,0,0.0,No,Sí,Sin dato,No,App,919,Sin dato,,,,
2839999414,54,Masculino,Chicago,Medio,5,20.78,No,Sí,Otro,Sí,Tarjeta,3048,Otro,191.0,4.39738219895288,3.094240837696335,7.250028200789622
5449634185,63,Masculino,Chicago,Medio,3,21.47,No,Sí,Vegano,No,Tarjeta,2070,Vegetariano/Vegano,2.0,4.1,847.0,0.02648563557654467
6130310284,75,Masculino,Chicago,Bajo,1,9.41,Sí,Sí,Pescado,No,Criptomoneda,1256,Mariscos y pescado,21.0,4.409523809523809,59.142857142857146,0.37930756843800323
7581349462,42,Femenino,Chicago,Alto,4,51.64,Sí,No,Pescado,Sí,Efectivo,7364,Mariscos y pescado,21.0,4.409523809523809,59.142857142857146,0.37930756843800323
4485497280,25,Masculino,Chicago,Medio,5,25.45,Sí,Sí,Vegetariano,No,Tarjeta,2484,Vegetariano/Vegano,2.0,4.1,847.0,0.02648563557654467
4092037989,76,Masculino,Chicago,Muy Alto,5,95.77,No,No,Vegetariano,Sí,Tarjeta,15171,Vegetariano/Vegano,2.0,4.1,847.0,0.02648563557654467
3905225852,76,Masculino,Chicago,Medio,4,23.41,No,No,Vegano,No,Efectivo,2520,Vegetariano/Vegano,2.0,4.1,847.0,0.02648563557654467
2858846803,68,Masculino,Chicago,Alto,5,14.68,No,No,Vegetariano,Sí,Efectivo,3752,Vegetariano/Vegano,2.0,4.1,847.0,0.02648563557654467
1967100189,74,Masculino,Chicago,Bajo,3,8.39,Sí,Sí,Carnes,No,Tarjeta,1242,Carnes,32.0,4.3125,49.65625,0.45177260331445357
7121326227,64,Masculino,Chicago,Muy Alto,5,17.33,Sí,Sí,Mariscos,Sí,Efectivo,16214,Mariscos y pescado,21.0,4.409523809523809,59.142857142857146,0.37930756843800323
6818334907,19,Femenino,Chicago,Alto,6,47.52,No,No,Mariscos,Sí,Tarjeta,7458,Mariscos y pescado,21.0,4.409523809523809,59.142857142857146,0.37930756843800323
8153819885,49,Masculino,Chicago,Alto,6,35.46,No,Sí,Carnes,Sí,App,6142,Carnes,32.0,4.3125,49.65625,0.45177260331445357
4046458781,61,Femenino,Chicago,Alto,6,20.32,No,Sí,Vegetariano,No,Tarjeta,5866,Vegetariano/Vegano,2.0,4.1,847.0,0.02648563557654467
2358701712,50,Masculino,Chicago,Alto,6,13.74,No,Sí,Otro,Sí,App,7254,Otro,191.0,4.39738219895288,3.094240837696335,7.250028200789622
7387607079,62,Femenino,Chicago,Alto,5,52.92,Sí,No,Mariscos,Sí,Efectivo,6517,Mariscos y pescado,21.0,4.409523809523809,59.142857142857146,0.37930756843800323
1335482872,77,Femenino,Chicago,Alto,6,17.68,Sí,Sí,Vegetariano,Sí,App,4566,Vegetariano/Vegano,2.0,4.1,847.0,0.02648563557654467
4853705045,80,Femenino,Chicago,Alto,5,32.955,Sí,No,Otro,Sí,Tarjeta,5271,Otro,191.0,4.39738219895288,3.094240837696335,7.250028200789622
5569964977,19,Masculino,Chicago,Medio,2,21.14,No,No,Pescado,No,Efectivo,2423,Mariscos y pescado,21.0,4.409523809523809,59.142857142857146,0.37930756843800323
1779601691,39,Femenino,Chicago,Alto,6,5.06,Sí,Sí,Vegetariano,Sí,Efectivo,7287,Vegetariano/Vegano,2.0,4.1,847.0,0.02648563557654467
2950534019,22,Masculino,Chicago,Alto,4,32.33,No,Sí,Vegetariano,No,App,4930,Vegetariano/Vegano,2.0,4.1,847.0,0.02648563557654467
5982874026,61,Masculino,Chicago,Bajo,0,0.0,Sí,Sí,Carnes,No,Tarjeta,1219,Carnes,32.0,4.3125,49.65625,0.45177260331445357
4381741645,27,Femenino,Chicago,Alto,6,13.77,No,Sí,Vegano,No,App,6564,Vegetariano/Vegano,2.0,4.1,847.0,0.02648563557654467
8047751134,71,Femenino,Chicago,Muy Alto,8,12.95,No,Sí,Sin dato,Sí,Tarjeta,15225,Sin dato,,,,
1100094623,44,Masculino,Chicago,Muy Alto,9,31.42,Sí,No,Vegetariano,Sí,Tarjeta,11564,Vegetariano/Vegano,2.0,4.1,847.0,0.02648563557654467
6640042225,67,Masculino,Chicago,Muy Alto,10,33.65,Sí,Sí,Vegetariano,Sí,Tarjeta,13001,Vegetariano/Vegano,2.0,4.1,847.0,0.02648563557654467
5088975453,56,Masculino,Chicago,Muy Alto,8,85.24,No,Sí,Vegetariano,Sí,Tarjeta,16106,Vegetariano/Vegano,2.0,4.1,847.0,0.02648563557654467
4998184156,20,Masculino,Chicago,Alto,6,14.88,No,No,Pescado,Sí,Efectivo,4938,Mariscos y pescado,21.0,4.409523809523809,59.142857142857146,0.37930756843800323
6713560960,77,Femenino,Chicago,Alto,4,32.955,Sí,No,Vegetariano,Sí,Efectivo,8107,Vegetariano/Vegano,2.0,4.1,847.0,0.02648563557654467
4096686730,32,Femenino,Chicago,Medio,4,18.7,Sí,Sí,Sin dato,No,Efectivo,2002,Sin dato,,,,
3324795806,44,Femenino,Chicago,Medio,4,13.12,No,No,Vegetariano,No,App,2978,Vegetariano/Vegano,2.0,4.1,847.0,0.02648563557654467
2149938334,70,Femenino,Chicago,Medio,4,19.88,No,Sí,Vegano,No,Efectivo,1672,Vegetariano/Vegano,2.0,4.1,847.0,0.02648563557654467
4315873227,48,Masculino,Chicago,Medio,4,13.26,No,Sí,Mariscos,No,App,1829,Mariscos y pescado,21.0,4.409523809523809,59.142857142857146,0.37930756843800323
2281002335,33,Masculino,Chicago,Medio,3,18.16,Sí,Sí,Pescado,No,Tarjeta,2470,Mariscos y pescado,21.0,4.409523809523809,59.142857142857146,0.37930756843800323
9738571759,40,Masculino,Chicago,Muy Alto,10,89.58,No,No,Mariscos,Sí,Efectivo,13631,Mariscos y pescado,21.0,4.409523809523809,59.142857142857146,0.37930756843800323
4872505234,69,Masculino,Chicago,Bajo,2,5.52,Sí,No,Carnes,No,Tarjeta,1115,Carnes,32.0,4.3125,49.65625,0.45177260331445357
2552594336,29,Masculino,Chicago,Medio,5,27.8,Sí,Sí,Vegetariano,No,App,1788,Vegetariano/Vegano,2.0,4.1,847.0,0.02648563557654467
8032350212,47,Femenino,Chicago,Bajo,1,7.28,Sí,Sí,Mariscos,No,Tarjeta,1485,Mariscos y pescado,21.0,4.409523809523809,59.142857142857146,0.37930756843800323
4712840820,40,Femenino,Chicago,Bajo,2,9.54,Sí,Sí,Otro,No,Efectivo,1271,Otro,191.0,4.39738219895288,3.094240837696335,7.250028200789622
2513714920,62,Femenino,Chicago,Medio,3,19.55,No,No,Vegetariano,No,Efectivo,1767,Vegetariano/Vegano,2.0,4.1,847.0,0.02648563557654467
6672357218,60,Masculino,Chicago,Bajo,0,0.0,No,Sí,Otro,No,Tarjeta,819,Otro,191.0,4.39738219895288,3.094240837696335,7.250028200789622
5097613658,58,Femenino,Chicago,Muy Alto,7,88.88,Sí,Sí,Mariscos,Sí,Tarjeta,14182,Mariscos y pescado,21.0,4.409523809523809,59.142857142857146,0.37930756843800323
5958959143,74,Femenino,Chicago,Medio,4,16.22,Sí,No,Vegano,No,Tarjeta,3327,Vegetariano/Vegano,2.0,4.1,847.0,0.02648563557654467
4920767083,27,Femenino,Chicago,Muy Alto,10,52.24,Sí,Sí,Vegano,Sí,Efectivo,12498,Vegetariano/Vegano,2.0,4.1,847.0,0.02648563557654467
5167514715,44,Masculino,Chicago,Medio,3,20.31,Sí,No,Vegano,No,App,2251,Vegetariano/Vegano,2.0,4.1,847.0,0.02648563557654467
2016027792,48,Femenino,Chicago,Muy Alto,6,16.7,Sí,Sí,Vegano,Sí,Tarjeta,17069,Vegetariano/Vegano,2.0,4.1,847.0,0.02648563557654467
5544439617,76,Femenino,Chicago,Bajo,3,7.25,No,No,Carnes,No,Tarjeta,1569,Carnes,32.0,4.3125,49.65625,0.45177260331445357
2621903972,59,Femenino,Chicago,Muy Alto,9,101.01,Sí,Sí,Sin dato,Sí,Efectivo,15978,Sin dato,,,,
9222888042,68,Masculino,Chicago,Alto,4,46.91,No,Sí,Carnes,Sí,Tarjeta,7090,Carnes,32.0,4.3125,49.65625,0.45177260331445357
6549256329,47,Masculino,Chicago,Alto,6,13.29,No,Sí,Otro,Sí,Tarjeta,7028,Otro,191.0,4.39738219895288,3.094240837696335,7.250028200789622
1959923817,53,Masculino,Chicago,Bajo,0,0.0,No,Sí,Carnes,No,Criptomoneda,960,Carnes,32.0,4.3125,49.65625,0.45177260331445357
8417143675,44,Masculino,Chicago,Alto,4,57.66,No,No,Vegetariano,Sí,Tarjeta,8011,Vegetariano/Vegano,2.0,4.1,847.0,0.02648563557654467
3831490250,57,Femenino,Chicago,Alto,6,14.57,Sí,Sí,Sin dato,Sí,Tarjeta,7660,Sin dato,,,,
6464693977,61,Masculino,Chicago,Muy Alto,9,23.44,No,Sí,Mariscos,Sí,Efectivo,12982,Mariscos y pescado,21.0,4.409523809523809,59.142857142857146,0.37930756843800323
6212012255,72,Femenino,Chicago,Alto,5,12.8,Sí,Sí,Mariscos,Sí,Criptomoneda,3881,Mariscos y pescado,21.0,4.409523809523809,59.142857142857146,0.37930756843800323
1754973803,51,Femenino,Chicago,Muy Alto,7,39.04,No,Sí,Carnes,Sí,Efectivo,16174,Carnes,32.0,4.3125,49.65625,0.45177260331445357
5428529806,63,Masculino,Chicago,Alto,5,20.67,No,Sí,Vegetariano,Sí,Tarjeta,6650,Vegetariano/Vegano,2.0,4.1,847.0,0.02648563557654467
5825180516,33,Masculino,Chicago,Medio,4,16.39,Sí,No,Vegano,Sí,Tarjeta,2791,Vegetariano/Vegano,2.0,4.1,847.0,0.02648563557654467
5774749450,36,Masculino,Chicago,Medio,5,18.29,Sí,Sí,Pescado,No,Efectivo,2791,Mariscos y pescado,21.0,4.409523809523809,59.142857142857146,0.37930756843800323
1691293717,49,Masculino,Chicago,Alto,4,17.84,Sí,Sí,Vegano,Sí,Efectivo,7800,Vegetariano/Vegano,2.0,4.1,847.0,0.02648563557654467
9376277483,60,Femenino,Chicago,Medio,2,13.0,No,Sí,Pescado,No,Efectivo,1865,Mariscos y pescado,21.0,4.409523809523809,59.142857142857146,0.37930756843800323
9923903038,57,Femenino,Chicago,Muy Alto,5,22.8,No,No,Pescado,Sí,Efectivo,12969,Mariscos y pescado,21.0,4.409523809523809,59.142857142857146,0.37930756843800323
9111653512,79,Femenino,Chicago,Bajo,0,0.0,Sí,Sí,Mariscos,No,App,1174,Mariscos y pescado,21.0,4.409523809523809,59.142857142857146,0.37930756843800323
2311141183,57,Femenino,Chicago,Alto,6,13.03,No,No,Mariscos,Sí,Tarjeta,5309,Mariscos y pescado,21.0,4.409523809523809,59.142857142857146,0.37930756843800323
6239629045,25,Masculino,Chicago,Muy Alto,10,60.19,No,Sí,Carnes,No,Efectivo,13485,Carnes,32.0,4.3125,49.65625,0.45177260331445357
7405744932,51,Femenino,Chicago,Alto,5,56.24,Sí,Sí,Vegetariano,No,Efectivo,5450,Vegetariano/Vegano,2.0,4.1,847.0,0.02648563557654467
4235503705,43,Femenino,Chicago,Bajo,3,8.9,No,Sí,Sin dato,No,App,1101,Sin dato,,,,
2099746134,21,Femenino,Chicago,Medio,3,22.02,No,Sí,Vegetariano,No,Tarjeta,3022,Vegetariano/Vegano,2.0,4.1,847.0,0.02648563557654467
4811867564,64,Femenino,Chicago,Muy Alto,7,95.7,Sí,Sí,Carnes,Sí,App,17323,Carnes,32.0,4.3125,49.65625,0.45177260331445357
1431494396,70,Masculino,Chicago,Bajo,3,9.98,No,Sí,Vegano,No,Efectivo,818,Vegetariano/Vegano,2.0,4.1,847.0,0.02648563557654467
2381420377,32,Masculino,Chicago,Bajo,0,0.0,No,No,Otro,No,Efectivo,1312,Otro,191.0,4.39738219895288,3.094240837696335,7.250028200789622
3282277114,74,Femenino,Chicago,Medio,5,5.72,Sí,No,Vegano,No,Efectivo,3375,Vegetariano/Vegano,2.0,4.1,847.0,0.02648563557654467
9673555193,61,Femenino,Chicago,Alto,5,45.48,No,No,Vegetariano,Sí,Efectivo,5346,Vegetariano/Vegano,2.0,4.1,847.0,0.02648563557654467
9591922042,75,Femenino,Chicago,Alto,4,52.31,No,No,Vegetariano,Sí,App,4837,Vegetariano/Vegano,2.0,4.1,847.0,0.02648563557654467
9707760853,56,Femenino,Chicago,Muy Alto,7,50.51,Sí,Sí,Carnes,Sí,Efectivo,12410,Carnes,32.0,4.3125,49.65625,0.45177260331445357
4911263963,45,Femenino,Chicago,Alto,4,35.43,No,No,Vegetariano,Sí,Tarjeta,6839,Vegetariano/Vegano,2.0,4.1,847.0,0.02648563557654467
7398286267,47,Femenino,Chicago,Alto,5,20.35,Sí,No,Pescado,No,Tarjeta,5035,Mariscos y pescado,21.0,4.409523809523809,59.142857142857146,0.37930756843800323
1996817103,33,Femenino,Chicago,Bajo,0,0.0,No,No,Vegetariano,No,Efectivo,1083,Vegetariano/Vegano,2.0,4.1,847.0,0.02648563557654467
3220691279,26,Masculino,Chicago,Bajo,3,9.28,Sí,Sí,Vegano,No,Tarjeta,961,Vegetariano/Vegano,2.0,4.1,847.0,0.02648563557654467
5878272186,37,Femenino,Chicago,Medio,3,18.13,Sí,No,Vegetariano,No,Tarjeta,2737,Vegetariano/Vegano,2.0,4.1,847.0,0.02648563557654467
9194529772,19,Masculino,Chicago,Alto,6,37.19,No,Sí,Mariscos,Sí,Tarjeta,8689,Mariscos y pescado,21.0,4.409523809523809,59.142857142857146,0.37930756843800323
4971329303,35,Masculino,Chicago,Bajo,3,5.23,No,No,Pescado,No,App,877,Mariscos y pescado,21.0,4.409523809523809,59.142857142857146,0.37930756843800323
6224234130,60,Femenino,Chicago,Alto,4,50.69,Sí,No,Vegetariano,Sí,App,8455,Vegetariano/Vegano,2.0,4.1,847.0,0.02648563557654467
9447713287,68,Masculino,Chicago,Medio,4,7.83,No,Sí,Pescado,No,Efectivo,1758,Mariscos y pescado,21.0,4.409523809523809,59.142857142857146,0.37930756843800323
9181113838,74,Masculino,Chicago,Muy Alto,7,83.6,Sí,Sí,Vegetariano,Sí,Efectivo,13789,Vegetariano/Vegano,2.0,4.1,847.0,0.02648563557654467
6215910542,31,Femenino,Chicago,Muy Alto,6,24.21,No,Sí,Vegano,Sí,Efectivo,14037,Vegetariano/Vegano,2.0,4.1,847.0,0.02648563557654467
8137185704,46,Masculino,Chicago,Muy Alto,8,97.16,Sí,Sí,Otro,No,App,9735,Otro,191.0,4.39738219895288,3.094240837696335,7.250028200789622
9352152255,77,Femenino,Chicago,Medio,3,28.33,Sí,Sí,Carnes,No,Tarjeta,3271,Carnes,32.0,4.3125,49.65625,0.45177260331445357
1098171183,24,Masculino,Chicago,Bajo,1,5.37,No,Sí,Vegano,No,Efectivo,1467,Vegetariano/Vegano,2.0,4.1,847.0,0.02648563557654467
4604093744,80,Masculino,Chicago,Alto,4,54.16,No,No,Sin dato,Sí,Tarjeta,6678,Sin dato,,,,
6957546450,18,Masculino,Chicago,Muy Alto,8,88.62,Sí,Sí,Mariscos,Sí,Tarjeta,11705,Mariscos y pescado,21.0,4.409523809523809,59.142857142857146,0.37930756843800323
2205296403,67,Masculino,Chicago,Alto,6,13.0,No,Sí,Carnes,Sí,App,3577,Carnes,32.0,4.3125,49.65625,0.45177260331445357
1807327369,56,Masculino,Chicago,Medio,4,7.85,No,Sí,Sin dato,No,Efectivo,1940,Sin dato,,,,
3255052081,54,Masculino,Chicago,Medio,4,7.7,No,Sí,Vegano,No,Efectivo,1965,Vegetariano/Vegano,2.0,4.1,847.0,0.02648563557654467
3800443319,38,Masculino,Chicago,Alto,6,47.93,No,Sí,Vegano,Sí,Efectivo,7487,Vegetariano/Vegano,2.0,4.1,847.0,0.02648563557654467
2843567009,45,Femenino,Chicago,Alto,5,36.66,No,No,Carnes,Sí,Efectivo,6075,Carnes,32.0,4.3125,49.65625,0.45177260331445357
8339532919,26,Femenino,Chicago,Medio,5,25.71,Sí,Sí,Carnes,No,Tarjeta,2984,Carnes,32.0,4.3125,49.65625,0.45177260331445357
2175225470,33,Masculino,Chicago,Medio,5,20.21,Sí,No,Carnes,No,Efectivo,2011,Carnes,32.0,4.3125,49.65625,0.45177260331445357
7678655886,38,Femenino,Chicago,Bajo,2,5.34,No,Sí,Carnes,No,Efectivo,1195,Carnes,32.0,4.3125,49.65625,0.45177260331445357
7423156991,33,Femenino,Chicago,Bajo,0,0.0,No,Sí,Vegano,No,App,1284,Vegetariano/Vegano,2.0,4.1,847.0,0.02648563557654467
3018495252,59,Femenino,Chicago,Muy Alto,5,69.58,Sí,Sí,Sin dato,Sí,App,10732,Sin dato,,,,
1730074215,60,Masculino,Chicago,Bajo,1,7.55,Sí,No,Pescado,No,App,1507,Mariscos y pescado,21.0,4.409523809523809,59.142857142857146,0.37930756843800323
7875495831,62,Femenino,Chicago,Alto,6,23.7,No,Sí,Carnes,Sí,Tarjeta,3971,Carnes,32.0,4.3125,49.65625,0.45177260331445357
5082874154,47,Femenino,Chicago,Medio,2,27.81,Sí,Sí,Otro,No,Efectivo,2425,Otro,191.0,4.39738219895288,3.094240837696335,7.250028200789622
2059077154,59,Masculino,Chicago,Muy Alto,7,58.69,Sí,Sí,Vegano,Sí,App,10241,Vegetariano/Vegano,2.0,4.1,847.0,0.02648563557654467
3884603338,52,Masculino,Chicago,Medio,5,24.06,No,No,Sin dato,No,Efectivo,2481,Sin dato,,,,
4406118702,47,Femenino,Chicago,Bajo,2,8.37,No,Sí,Vegetariano,No,App,1009,Vegetariano/Vegano,2.0,4.1,847.0,0.02648563557654467
5756841512,50,Femenino,Chicago,Muy Alto,10,63.35,Sí,No,Vegano,Sí,Tarjeta,16601,Vegetariano/Vegano,2.0,4.1,847.0,0.02648563557654467
5128257207,57,Masculino,Chicago,Alto,6,19.13,Sí,Sí,Pescado,Sí,Efectivo,5477,Mariscos y pescado,21.0,4.409523809523809,59.142857142857146,0.37930756843800323
9619052162,28,Femenino,Chicago,Bajo,2,6.55,Sí,Sí,Pescado,No,Efectivo,931,Mariscos y pescado,21.0,4.409523809523809,59.142857142857146,0.37930756843800323
7094992705,64,Masculino,Chicago,Medio,3,11.85,No,Sí,Carnes,No,Tarjeta,2575,Carnes,32.0,4.3125,49.65625,0.45177260331445357
4368754912,57,Femenino,Chicago,Medio,4,21.19,No,No,Carnes,No,Efectivo,3091,Carnes,32.0,4.3125,49.65625,0.45177260331445357
8879002701,24,Masculino,Chicago,Alto,5,46.32,No,Sí,Vegetariano,Sí,App,6032,Vegetariano/Vegano,2.0,4.1,847.0,0.02648563557654467
4413598790,45,Femenino,Chicago,Medio,3,19.57,Sí,Sí,Pescado,No,App,3367,Mariscos y pescado,21.0,4.409523809523809,59.142857142857146,0.37930756843800323
4923471181,30,Masculino,Chicago,Bajo,1,8.35,No,Sí,Mariscos,No,Tarjeta,893,Mariscos y pescado,21.0,4.409523809523809,59.142857142857146,0.37930756843800323
4327057610,48,Masculino,Chicago,Medio,3,9.64,Sí,No,Vegano,No,Tarjeta,3076,Vegetariano/Vegano,2.0,4.1,847.0,0.02648563557654467
8138282344,32,Masculino,Chicago,Muy Alto,6,25.96,No,Sí,Carnes,Sí,Tarjeta,13558,Carnes,32.0,4.3125,49.65625,0.45177260331445357
7430757004,31,Femenino,Chicago,Alto,5,15.97,No,Sí,Otro,No,Efectivo,4856,Otro,191.0,4.39738219895288,3.094240837696335,7.250028200789622
7919799704,29,Femenino,Chicago,Muy Alto,6,62.62,No,Sí,Vegetariano,Sí,Tarjeta,16483,Vegetariano/Vegano,2.0,4.1,847.0,0.02648563557654467
1071624258,40,Masculino,Chicago,Medio,3,19.03,Sí,Sí,Carnes,Sí,Tarjeta,2357,Carnes,32.0,4.3125,49.65625,0.45177260331445357
6943137103,65,Masculino,Chicago,Muy Alto,6,41.7,Sí,No,Vegetariano,Sí,App,9979,Vegetariano/Vegano,2.0,4.1,847.0,0.02648563557654467
3660223333,40,Masculino,Chicago,Bajo,2,9.07,Sí,No,Vegetariano,No,Tarjeta,927,Vegetariano/Vegano,2.0,4.1,847.0,0.02648563557654467
2968302927,69,Femenino,Chicago,Medio,3,22.9,Sí,Sí,Vegetariano,No,Efectivo,1709,Vegetariano/Vegano,2.0,4.1,847.0,0.02648563557654467
8925417562,27,Femenino,Chicago,Alto,5,53.24,Sí,Sí,Mariscos,Sí,Tarjeta,5608,Mariscos y pescado,21.0,4.409523809523809,59.142857142857146,0.37930756843800323
6392415228,79,Masculino,Chicago,Alto,6,18.27,No,No,Pescado,Sí,App,6980,Mariscos y pescado,21.0,4.409523809523809,59.142857142857146,0.37930756843800323
1102885858,49,Masculino,Chicago,Medio,4,25.39,No,No,Carnes,No,Tarjeta,1831,Carnes,32.0,4.3125,49.65625,0.45177260331445357
9810722788,66,Femenino,Chicago,Bajo,1,6.79,Sí,Sí,Carnes,No,App,918,Carnes,32.0,4.3125,49.65625,0.45177260331445357
8485676646,27,Femenino,Chicago,Medio,2,10.53,Sí,Sí,Vegano,No,Efectivo,2546,Vegetariano/Vegano,2.0,4.1,847.0,0.02648563557654467
3155369361,29,Masculino,Chicago,Bajo,2,8.95,Sí,Sí,Carnes,No,Tarjeta,1027,Carnes,32.0,4.3125,49.65625,0.45177260331445357
2335743785,54,Femenino,Chicago,Medio,5,24.25,Sí,Sí,Vegetariano,No,Efectivo,2080,Vegetariano/Vegano,2.0,4.1,847.0,0.02648563557654467
5708007278,54,Femenino,Chicago,Medio,5,10.91,Sí,No,Otro,No,Efectivo,2477,Otro,191.0,4.39738219895288,3.094240837696335,7.250028200789622
3355354732,27,Femenino,Chicago,Bajo,2,5.53,Sí,Sí,Pescado,No,Tarjeta,1410,Mariscos y pescado,21.0,4.409523809523809,59.142857142857146,0.37930756843800323
2961246220,80,Femenino,Chicago,Muy Alto,8,53.11,Sí,No,Carnes,Sí,Tarjeta,10960,Carnes,32.0,4.3125,49.65625,0.45177260331445357
8943645600,22,Femenino,Chicago,Bajo,1,8.96,No,Sí,Mariscos,No,Efectivo,978,Mariscos y pescado,21.0,4.409523809523809,59.142857142857146,0.37930756843800323
5501918293,44,Masculino,Chicago,Muy Alto,10,79.77,No,No,Vegetariano,Sí,App,11349,Vegetariano/Vegano,2.0,4.1,847.0,0.02648563557654467
8581383167,53,Femenino,Chicago,Medio,2,28.27,Sí,Sí,Carnes,No,Efectivo,1964,Carnes,32.0,4.3125,49.65625,0.45177260331445357
3503945864,56,Masculino,Chicago,Bajo,2,5.18,Sí,Sí,Mariscos,No,Tarjeta,966,Mariscos y pescado,21.0,4.409523809523809,59.142857142857146,0.37930756843800323
1651549487,45,Femenino,Chicago,Medio,4,13.21,Sí,Sí,Vegano,No,App,3345,Vegetariano/Vegano,2.0,4.1,847.0,0.02648563557654467
8139469360,34,Femenino,Chicago,Medio,4,24.98,No,No,Mariscos,No,Efectivo,1639,Mariscos y pescado,21.0,4.409523809523809,59.142857142857146,0.37930756843800323
4487126307,72,Masculino,Chicago,Muy Alto,9,69.64,Sí,No,Mariscos,Sí,Tarjeta,14510,Mariscos y pescado,21.0,4.409523809523809,59.142857142857146,0.37930756843800323
1259396992,69,Femenino,Chicago,Medio,5,6.75,Sí,Sí,Mariscos,No,App,3379,Mariscos y pescado,21.0,4.409523809523809,59.142857142857146,0.37930756843800323
4753650032,29,Femenino,Chicago,Medio,3,27.96,Sí,Sí,Mariscos,No,Efectivo,2905,Mariscos y pescado,21.0,4.409523809523809,59.142857142857146,0.37930756843800323
8975021081,28,Masculino,Chicago,Medio,5,26.01,No,Sí,Vegano,No,Tarjeta,2328,Vegetariano/Vegano,2.0,4.1,847.0,0.02648563557654467
4265213289,74,Masculino,Chicago,Bajo,2,6.02,No,No,Carnes,No,App,1259,Carnes,32.0,4.3125,49.65625,0.45177260331445357
1581277647,42,Masculino,Chicago,Bajo,2,6.57,No,No,Vegetariano,No,Tarjeta,1025,Vegetariano/Vegano,2.0,4.1,847.0,0.02648563557654467
7005342676,34,Femenino,Chicago,Medio,3,23.45,No,Sí,Pescado,No,Efectivo,2105,Mariscos y pescado,21.0,4.409523809523809,59.142857142857146,0.37930756843800323
5766175685,28,Femenino,Chicago,Bajo,1,7.03,No,Sí,Vegano,No,Efectivo,1089,Vegetariano/Vegano,2.0,4.1,847.0,0.02648563557654467
2720902231,28,Masculino,Chicago,Medio,2,17.575,No,Sí,Carnes,No,App,2517,Carnes,32.0,4.3125,49.65625,0.45177260331445357
6622834251,66,Femenino,Chicago,Medio,5,14.78,No,Sí,Vegetariano,No,App,1891,Vegetariano/Vegano,2.0,4.1,847.0,0.02648563557654467
4560994202,41,Femenino,Chicago,Muy Alto,6,65.07,Sí,No,Pescado,Sí,App,9502,Mariscos y pescado,21.0,4.409523809523809,59.142857142857146,0.37930756843800323
1480526186,64,Femenino,Chicago,Muy Alto,7,64.66,No,No,Carnes,Sí,App,11728,Carnes,32.0,4.3125,49.65625,0.45177260331445357
4984207486,57,Masculino,Chicago,Bajo,1,9.35,No,Sí,Carnes,No,Efectivo,936,Carnes,32.0,4.3125,49.65625,0.45177260331445357
6648132115,20,Femenino,Chicago,Bajo,1,6.73,Sí,Sí,Pescado,No,Efectivo,1514,Mariscos y pescado,21.0,4.409523809523809,59.142857142857146,0.37930756843800323
7318605516,40,Femenino,Chicago,Medio,2,8.57,No,No,Vegetariano,No,Efectivo,2588,Vegetariano/Vegano,2.0,4.1,847.0,0.02648563557654467
7939111649,65,Masculino,Chicago,Muy Alto,9,17.86,No,No,Carnes,Sí,Tarjeta,17416,Carnes,32.0,4.3125,49.65625,0.45177260331445357
6103312578,55,Femenino,Chicago,Bajo,3,5.33,No,No,Carnes,No,Efectivo,1595,Carnes,32.0,4.3125,49.65625,0.45177260331445357
9933763424,24,Femenino,Chicago,Bajo,2,8.61,Sí,Sí,Carnes,No,Tarjeta,805,Carnes,32.0,4.3125,49.65625,0.45177260331445357
3231444194,72,Femenino,Chicago,Medio,3,25.99,No,Sí,Otro,No,Tarjeta,3247,Otro,191.0,4.39738219895288,3.094240837696335,7.250028200789622
7050091525,50,Masculino,Chicago,Muy Alto,6,50.0,Sí,Sí,Vegano,Sí,App,17999,Vegetariano/Vegano,2.0,4.1,847.0,0.02648563557654467
9961215440,43,Femenino,Chicago,Medio,2,14.33,Sí,Sí,Mariscos,No,Efectivo,3454,Mariscos y pescado,21.0,4.409523809523809,59.142857142857146,0.37930756843800323
1533937899,53,Femenino,Chicago,Alto,5,55.97,Sí,Sí,Sin dato,Sí,Efectivo,7076,Sin dato,,,,
8006635486,37,Masculino,Chicago,Bajo,0,0.0,No,No,Mariscos,No,App,1332,Mariscos y pescado,21.0,4.409523809523809,59.142857142857146,0.37930756843800323
1763777099,49,Masculino,Chicago,Medio,4,8.63,Sí,Sí,Mariscos,No,App,2738,Mariscos y pescado,21.0,4.409523809523809,59.142857142857146,0.37930756843800323
1567130806,21,Masculino,Chicago,Bajo,3,8.75,No,Sí,Vegetariano,No,Efectivo,1193,Vegetariano/Vegano,2.0,4.1,847.0,0.02648563557654467
7080024940,29,Femenino,Chicago,Alto,5,17.55,Sí,Sí,Carnes,Sí,Tarjeta,7927,Carnes,32.0,4.3125,49.65625,0.45177260331445357
9865718945,32,Femenino,Chicago,Bajo,0,0.0,No,No,Vegetariano,No,Tarjeta,1096,Vegetariano/Vegano,2.0,4.1,847.0,0.02648563557654467
4234059678,76,Masculino,Chicago,Medio,4,23.7,No,Sí,Vegetariano,No,App,2717,Vegetariano/Vegano,2.0,4.1,847.0,0.02648563557654467
7638836058,80,Masculino,Chicago,Medio,5,9.2,No,Sí,Mariscos,No,App,2492,Mariscos y pescado,21.0,4.409523809523809,59.142857142857146,0.37930756843800323
4296962245,41,Masculino,Chicago,Muy Alto,7,85.45,No,Sí,Carnes,Sí,App,10349,Carnes,32.0,4.3125,49.65625,0.45177260331445357
6438958606,31,Femenino,Chicago,Medio,2,8.58,Sí,Sí,Carnes,No,Tarjeta,3107,Carnes,32.0,4.3125,49.65625,0.45177260331445357
7441140696,61,Masculino,Chicago,Muy Alto,8,96.51,No,Sí,Otro,Sí,App,16330,Otro,191.0,4.39738219895288,3.094240837696335,7.250028200789622
4147025728,67,Masculino,Chicago,Medio,5,8.82,No,Sí,Carnes,No,App,2319,Carnes,32.0,4.3125,49.65625,0.45177260331445357
7281181318,59,Masculino,Chicago,Medio,2,28.83,No,Sí,Vegetariano,Sí,Tarjeta,1628,Vegetariano/Vegano,2.0,4.1,847.0,0.02648563557654467
6099476875,68,Femenino,Chicago,Alto,6,44.83,Sí,Sí,Mariscos,Sí,App,6611,Mariscos y pescado,21.0,4.409523809523809,59.142857142857146,0.37930756843800323
3476626386,71,Masculino,Chicago,Muy Alto,6,83.72,Sí,No,Vegetariano,Sí,Efectivo,13407,Vegetariano/Vegano,2.0,4.1,847.0,0.02648563557654467
5524971263,40,Femenino,Chicago,Medio,4,26.94,No,No,Carnes,No,Tarjeta,2187,Carnes,32.0,4.3125,49.65625,0.45177260331445357
7422130581,18,Femenino,Chicago,Alto,4,50.17,Sí,Sí,Carnes,Sí,App,4420,Carnes,32.0,4.3125,49.65625,0.45177260331445357
5356690340,51,Masculino,Chicago,Medio,3,24.61,No,No,Otro,No,Tarjeta,2563,Otro,191.0,4.39738219895288,3.094240837696335,7.250028200789622
4684975691,28,Masculino,Chicago,Alto,6,9.63,No,Sí,Mariscos,Sí,Tarjeta,6027,Mariscos y pescado,21.0,4.409523809523809,59.142857142857146,0.37930756843800323
1268905309,49,Masculino,Chicago,Medio,4,29.44,No,Sí,Vegano,No,Efectivo,1932,Vegetariano/Vegano,2.0,4.1,847.0,0.02648563557654467
2083760177,21,Masculino,Chicago,Medio,3,26.86,No,No,Vegetariano,No,Efectivo,2593,Vegetariano/Vegano,2.0,4.1,847.0,0.02648563557654467
5930446862,61,Masculino,Chicago,Medio,3,21.53,No,Sí,Vegetariano,No,App,3231,Vegetariano/Vegano,2.0,4.1,847.0,0.02648563557654467
5765183910,29,Masculino,Chicago,Medio,5,11.58,Sí,Sí,Carnes,No,Tarjeta,2340,Carnes,32.0,4.3125,49.65625,0.45177260331445357
2463024548,65,Femenino,Chicago,Alto,6,24.61,Sí,No,Carnes,Sí,Efectivo,8417,Carnes,32.0,4.3125,49.65625,0.45177260331445357
4026816435,44,Masculino,Chicago,Bajo,3,5.33,Sí,No,Otro,No,App,1046,Otro,191.0,4.39738219895288,3.094240837696335,7.250028200789622
9940066964,34,Masculino,Chicago,Bajo,1,5.93,Sí,Sí,Carnes,No,App,1323,Carnes,32.0,4.3125,49.65625,0.45177260331445357
5740482074,27,Femenino,Chicago,Alto,5,28.62,No,Sí,Vegetariano,Sí,App,3932,Vegetariano/Vegano,2.0,4.1,847.0,0.02648563557654467
3547396720,65,Femenino,Chicago,Bajo,2,6.74,No,Sí,Pescado,No,Efectivo,1273,Mariscos y pescado,21.0,4.409523809523809,59.142857142857146,0.37930756843800323
5504599665,49,Femenino,Chicago,Bajo,3,5.7,Sí,Sí,Mariscos,No,Tarjeta,860,Mariscos y pescado,21.0,4.409523809523809,59.142857142857146,0.37930756843800323
9242240289,75,Masculino,Chicago,Muy Alto,7,34.09,No,No,Carnes,No,Tarjeta,15131,Carnes,32.0,4.3125,49.65625,0.45177260331445357
8625962172,27,Femenino,Chicago,Bajo,2,7.99,No,Sí,Carnes,No,Tarjeta,1435,Carnes,32.0,4.3125,49.65625,0.45177260331445357
5354115970,43,Femenino,Chicago,Medio,4,10.98,Sí,Sí,Mariscos,No,Tarjeta,3426,Mariscos y pescado,21.0,4.409523809523809,59.142857142857146,0.37930756843800323
2157246930,64,Femenino,Chicago,Muy Alto,7,45.61,Sí,Sí,Carnes,No,Efectivo,12767,Carnes,32.0,4.3125,49.65625,0.45177260331445357
1151894319,78,Masculino,Chicago,Bajo,2,6.81,No,No,Vegetariano,No,Efectivo,1194,Vegetariano/Vegano,2.0,4.1,847.0,0.02648563557654467
2270239066,50,Masculino,Chicago,Alto,6,48.24,No,Sí,Carnes,Sí,App,3975,Carnes,32.0,4.3125,49.65625,0.45177260331445357
8173724981,27,Femenino,Chicago,Medio,4,7.96,No,No,Carnes,Sí,Efectivo,1881,Carnes,32.0,4.3125,49.65625,0.45177260331445357
4224296509,22,Femenino,Chicago,Alto,6,13.68,No,Sí,Pescado,Sí,App,4648,Mariscos y pescado,21.0,4.409523809523809,59.142857142857146,0.37930756843800323
7972821255,28,Femenino,Chicago,Medio,5,24.23,Sí,Sí,Otro,No,Efectivo,2052,Otro,191.0,4.39738219895288,3.094240837696335,7.250028200789622
8467833157,42,Femenino,Chicago,Medio,2,16.28,Sí,Sí,Vegetariano,No,App,2355,Vegetariano/Vegano,2.0,4.1,847.0,0.02648563557654467
4826492627,45,Femenino,Chicago,Bajo,1,7.17,Sí,No,Mariscos,No,App,1465,Mariscos y pescado,21.0,4.409523809523809,59.142857142857146,0.37930756843800323
5607991799,49,Femenino,Chicago,Medio,4,7.3,No,Sí,Otro,No,Tarjeta,3066,Otro,191.0,4.39738219895288,3.094240837696335,7.250028200789622
3701200744,43,Femenino,Chicago,Bajo,3,8.07,Sí,Sí,Carnes,No,Tarjeta,1193,Carnes,32.0,4.3125,49.65625,0.45177260331445357
8050374523,24,Femenino,Chicago,Alto,6,8.7,No,Sí,Vegetariano,Sí,Efectivo,4412,Vegetariano/Vegano,2.0,4.1,847.0,0.02648563557654467
8012854012,32,Femenino,Chicago,Alto,5,50.92,Sí,Sí,Carnes,Sí,Tarjeta,8767,Carnes,32.0,4.3125,49.65625,0.45177260331445357
4463448166,27,Masculino,Chicago,Alto,4,23.53,No,Sí,Mariscos,No,App,4438,Mariscos y pescado,21.0,4.409523809523809,59.142857142857146,0.37930756843800323
2290179211,56,Femenino,Chicago,Medio,3,6.46,No,Sí,Vegano,No,Tarjeta,1706,Vegetariano/Vegano,2.0,4.1,847.0,0.02648563557654467
4907484958,75,Femenino,Chicago,Medio,5,5.84,No,Sí,Pescado,No,Efectivo,2573,Mariscos y pescado,21.0,4.409523809523809,59.142857142857146,0.37930756843800323
8065652224,69,Femenino,Chicago,Medio,3,23.29,No,No,Vegetariano,No,App,3196,Vegetariano/Vegano,2.0,4.1,847.0,0.02648563557654467
3670792703,55,Femenino,Chicago,Medio,5,19.77,No,Sí,Otro,No,Efectivo,1742,Otro,191.0,4.39738219895288,3.094240837696335,7.250028200789622
1026224160,76,Masculino,Chicago,Bajo,1,5.59,Sí,No,Carnes,No,Efectivo,898,Carnes,32.0,4.3125,49.65625,0.45177260331445357
5131090776,32,Masculino,Chicago,Medio,3,8.15,No,Sí,Vegetariano,No,Tarjeta,1635,Vegetariano/Vegano,2.0,4.1,847.0,0.02648563557654467
6846530109,49,Masculino,Chicago,Bajo,1,5.8,No,No,Pescado,No,App,1227,Mariscos y pescado,21.0,4.409523809523809,59.142857142857146,0.37930756843800323
3880327491,23,Femenino,Chicago,Alto,4,10.71,No,Sí,Vegetariano,No,Tarjeta,5670,Vegetariano/Vegano,2.0,4.1,847.0,0.02648563557654467
4767634417,77,Masculino,Chicago,Medio,3,10.55,Sí,No,Carnes,No,Tarjeta,3323,Carnes,32.0,4.3125,49.65625,0.45177260331445357
5874683426,27,Femenino,Chicago,Medio,2,9.44,Sí,Sí,Pescado,No,Tarjeta,2967,Mariscos y pescado,21.0,4.409523809523809,59.142857142857146,0.37930756843800323
3881675356,72,Masculino,Chicago,Alto,6,42.03,No,Sí,Vegetariano,Sí,Tarjeta,6659,Vegetariano/Vegano,2.0,4.1,847.0,0.02648563557654467
2337723268,41,Femenino,Chicago,Alto,5,34.27,No,Sí,Pescado,No,App,8402,Mariscos y pescado,21.0,4.409523809523809,59.142857142857146,0.37930756843800323
5882585297,66,Masculino,Chicago,Bajo,0,0.0,No,Sí,Mariscos,No,Tarjeta,1089,Mariscos y pescado,21.0,4.409523809523809,59.142857142857146,0.37930756843800323
8903905660,40,Masculino,Chicago,Alto,4,29.7,No,Sí,Mariscos,Sí,Tarjeta,3806,Mariscos y pescado,21.0,4.409523809523809,59.142857142857146,0.37930756843800323
4702151315,36,Femenino,Chicago,Medio,3,21.5,Sí,Sí,Sin dato,No,App,3462,Sin dato,,,,
5821629965,62,Masculino,Chicago,Muy Alto,5,43.75,No,Sí,Mariscos,Sí,Efectivo,11077,Mariscos y pescado,21.0,4.409523809523809,59.142857142857146,0.37930756843800323
5243253355,74,Masculino,Chicago,Bajo,3,7.3,Sí,Sí,Carnes,No,Efectivo,959,Carnes,32.0,4.3125,49.65625,0.45177260331445357
5737189443,69,Masculino,Chicago,Alto,5,56.5,No,Sí,Vegetariano,Sí,Tarjeta,7235,Vegetariano/Vegano,2.0,4.1,847.0,0.02648563557654467
1763707572,65,Masculino,Chicago,Muy Alto,5,83.37,No,Sí,Mariscos,Sí,Criptomoneda,9861,Mariscos y pescado,21.0,4.409523809523809,59.142857142857146,0.37930756843800323
6642266247,48,Femenino,Chicago,Bajo,0,0.0,Sí,No,Carnes,No,Efectivo,866,Carnes,32.0,4.3125,49.65625,0.45177260331445357
4299204248,21,Femenino,Chicago,Medio,4,7.94,No,Sí,Carnes,No,App,3159,Carnes,32.0,4.3125,49.65625,0.45177260331445357
7715782053,66,Femenino,Chicago,Bajo,1,5.01,No,Sí,Pescado,No,Tarjeta,997,Mariscos y pescado,21.0,4.409523809523809,59.142857142857146,0.37930756843800323
7671481212,54,Masculino,Chicago,Medio,3,17.575,No,Sí,Vegano,No,Tarjeta,2773,Vegetariano/Vegano,2.0,4.1,847.0,0.02648563557654467
6379538484,62,Femenino,Chicago,Alto,5,45.88,No,Sí,Vegano,Sí,Tarjeta,5243,Vegetariano/Vegano,2.0,4.1,847.0,0.02648563557654467
2010689368,75,Femenino,Chicago,Alto,5,54.1,Sí,No,Vegetariano,No,Tarjeta,4380,Vegetariano/Vegano,2.0,4.1,847.0,0.02648563557654467
6592613320,70,Femenino,Chicago,Alto,4,59.49,Sí,Sí,Carnes,No,Efectivo,4083,Carnes,32.0,4.3125,49.65625,0.45177260331445357
1807254039,45,Masculino,Chicago,Bajo,0,0.0,No,Sí,Mariscos,No,Efectivo,1159,Mariscos y pescado,21.0,4.409523809523809,59.142857142857146,0.37930756843800323
1662259333,50,Femenino,Chicago,Bajo,0,0.0,No,Sí,Carnes,No,App,1087,Carnes,32.0,4.3125,49.65625,0.45177260331445357
6711813678,60,Masculino,Chicago,Muy Alto,8,94.95,Sí,Sí,Sin dato,Sí,Efectivo,15356,Sin dato,,,,
3540356546,56,Masculino,Chicago,Muy Alto,7,54.67,Sí,Sí,Carnes,Sí,Tarjeta,12706,Carnes,32.0,4.3125,49.65625,0.45177260331445357
3107691941,58,Masculino,Chicago,Alto,4,28.9,No,No,Vegetariano,No,Tarjeta,4788,Vegetariano/Vegano,2.0,4.1,847.0,0.02648563557654467
7426707393,34,Femenino,Chicago,Medio,3,21.14,No,No,Sin dato,No,Tarjeta,2103,Sin dato,,,,
7876585029,56,Masculino,Chicago,Bajo,0,0.0,No,No,Vegetariano,No,Efectivo,868,Vegetariano/Vegano,2.0,4.1,847.0,0.02648563557654467
6242604762,71,Masculino,Chicago,Alto,4,15.97,Sí,Sí,Carnes,Sí,Efectivo,8532,Carnes,32.0,4.3125,49.65625,0.45177260331445357
7671999794,74,Masculino,Chicago,Muy Alto,7,95.93,No,No,Vegetariano,Sí,Efectivo,15927,Vegetariano/Vegano,2.0,4.1,847.0,0.02648563557654467
9798289219,80,Masculino,Chicago,Medio,5,25.68,No,No,Carnes,No,App,2296,Carnes,32.0,4.3125,49.65625,0.45177260331445357
9982501269,56,Masculino,Chicago,Muy Alto,10,48.93,No,Sí,Vegetariano,Sí,Tarjeta,13906,Vegetariano/Vegano,2.0,4.1,847.0,0.02648563557654467
9441483852,43,Masculino,Chicago,Muy Alto,6,85.04,No,Sí,Carnes,Sí,App,10299,Carnes,32.0,4.3125,49.65625,0.45177260331445357
1388024358,61,Femenino,Chicago,Medio,4,27.5,Sí,Sí,Sin dato,No,App,2502,Sin dato,,,,
1122712790,55,Masculino,Chicago,Muy Alto,5,28.2,No,No,Vegetariano,Sí,Criptomoneda,9783,Vegetariano/Vegano,2.0,4.1,847.0,0.02648563557654467
3978287288,52,Femenino,Chicago,Bajo,1,9.65,Sí,No,Carnes,No,Efectivo,1254,Carnes,32.0,4.3125,49.65625,0.45177260331445357
8607662849,26,Femenino,Chicago,Medio,4,17.6,Sí,Sí,Carnes,Sí,App,3441,Carnes,32.0,4.3125,49.65625,0.45177260331445357
6711729538,24,Masculino,Chicago,Alto,6,15.63,No,Sí,Carnes,Sí,Tarjeta,8385,Carnes,32.0,4.3125,49.65625,0.45177260331445357
3192004264,36,Masculino,Chicago,Bajo,2,6.33,No,No,Carnes,No,Tarjeta,1102,Carnes,32.0,4.3125,49.65625,0.45177260331445357
7040384625,69,Masculino,Chicago,Muy Alto,7,67.76,Sí,Sí,Carnes,Sí,App,14762,Carnes,32.0,4.3125,49.65625,0.45177260331445357
2884078385,46,Femenino,Chicago,Alto,5,51.97,Sí,Sí,Carnes,No,Efectivo,8214,Carnes,32.0,4.3125,49.65625,0.45177260331445357
8830461508,42,Masculino,Chicago,Alto,4,35.94,Sí,No,Vegetariano,Sí,Efectivo,4502,Vegetariano/Vegano,2.0,4.1,847.0,0.02648563557654467
9396340039,23,Femenino,Chicago,Alto,4,37.18,Sí,Sí,Sin dato,Sí,Efectivo,7553,Sin dato,,,,
5189586192,64,Femenino,Chicago,Medio,5,12.77,No,No,Otro,Sí,App,2335,Otro,191.0,4.39738219895288,3.094240837696335,7.250028200789622
7437780154,80,Femenino,Chicago,Alto,4,46.97,Sí,Sí,Carnes,Sí,App,3923,Carnes,32.0,4.3125,49.65625,0.45177260331445357
9415867828,56,Masculino,Chicago,Muy Alto,7,95.63,Sí,Sí,Vegetariano,Sí,Tarjeta,16973,Vegetariano/Vegano,2.0,4.1,847.0,0.02648563557654467
8340099132,35,Masculino,Chicago,Medio,3,7.89,No,No,Carnes,No,Tarjeta,3407,Carnes,32.0,4.3125,49.65625,0.45177260331445357
8332696194,43,Masculino,Chicago,Medio,3,16.11,No,Sí,Carnes,No,Tarjeta,3073,Carnes,32.0,4.3125,49.65625,0.45177260331445357
7894724809,24,Masculino,Chicago,Alto,4,6.98,No,Sí,Carnes,No,App,3762,Carnes,32.0,4.3125,49.65625,0.45177260331445357
1594312071,47,Masculino,Chicago,Muy Alto,6,15.86,Sí,No,Mariscos,Sí,App,15346,Mariscos y pescado,21.0,4.409523809523809,59.142857142857146,0.37930756843800323
9957643727,38,Femenino,Chicago,Medio,4,8.48,No,No,Mariscos,No,Efectivo,2213,Mariscos y pescado,21.0,4.409523809523809,59.142857142857146,0.37930756843800323
4406121844,57,Femenino,Chicago,Bajo,3,7.85,Sí,Sí,Vegano,No,Tarjeta,1195,Vegetariano/Vegano,2.0,4.1,847.0,0.02648563557654467
5928967807,39,Masculino,Chicago,Muy Alto,6,97.55,No,No,Pescado,Sí,App,13428,Mariscos y pescado,21.0,4.409523809523809,59.142857142857146,0.37930756843800323
1224150855,39,Femenino,Chicago,Medio,5,28.19,No,Sí,Carnes,No,App,2071,Carnes,32.0,4.3125,49.65625,0.45177260331445357
4824841317,50,Femenino,Chicago,Medio,4,20.52,No,No,Vegano,No,Efectivo,2924,Vegetariano/Vegano,2.0,4.1,847.0,0.02648563557654467
4929412506,24,Femenino,Chicago,Bajo,2,5.81,No,Sí,Vegano,No,Efectivo,1320,Vegetariano/Vegano,2.0,4.1,847.0,0.02648563557654467
6422260735,63,Femenino,Chicago,Medio,4,22.96,Sí,No,Vegetariano,No,Tarjeta,2296,Vegetariano/Vegano,2.0,4.1,847.0,0.02648563557654467
1299072274,24,Masculino,Chicago,Bajo,3,9.87,No,Sí,Carnes,No,App,833,Carnes,32.0,4.3125,49.65625,0.45177260331445357
9994275460,78,Masculino,Chicago,Bajo,0,0.0,No,No,Carnes,No,Efectivo,1397,Carnes,32.0,4.3125,49.65625,0.45177260331445357
4471692340,37,Femenino,Chicago,Alto,6,19.83,Sí,Sí,Vegetariano,Sí,Tarjeta,6637,Vegetariano/Vegano,2.0,4.1,847.0,0.02648563557654467
8856273191,33,Masculino,Chicago,Muy Alto,8,61.95,No,No,Pescado,Sí,Tarjeta,11269,Mariscos y pescado,21.0,4.409523809523809,59.142857142857146,0.37930756843800323
8902082046,37,Masculino,Chicago,Alto,4,30.06,Sí,No,Carnes,Sí,Efectivo,7465,Carnes,32.0,4.3125,49.65625,0.45177260331445357
1036351450,24,Masculino,Chicago,Muy Alto,5,97.52,Sí,Sí,Vegetariano,Sí,Efectivo,10431,Vegetariano/Vegano,2.0,4.1,847.0,0.02648563557654467
5704787996,32,Masculino,Chicago,Medio,4,10.81,Sí,Sí,Sin dato,No,Tarjeta,3293,Sin dato,,,,
5449848690,63,Masculino,Chicago,Medio,2,7.75,No,Sí,Carnes,No,App,2473,Carnes,32.0,4.3125,49.65625,0.45177260331445357
1408988968,52,Femenino,Chicago,Medio,3,12.12,No,Sí,Carnes,No,Tarjeta,1785,Carnes,32.0,4.3125,49.65625,0.45177260331445357
9063589102,39,Masculino,Chicago,Bajo,0,0.0,Sí,Sí,Carnes,No,Tarjeta,1588,Carnes,32.0,4.3125,49.65625,0.45177260331445357
1982217497,30,Masculino,Chicago,Medio,2,5.47,Sí,Sí,Pescado,No,Efectivo,3354,Mariscos y pescado,21.0,4.409523809523809,59.142857142857146,0.37930756843800323
2926870597,60,Femenino,Chicago,Medio,5,16.25,Sí,Sí,Vegetariano,No,Efectivo,1667,Vegetariano/Vegano,2.0,4.1,847.0,0.02648563557654467
3620498703,33,Masculino,Chicago,Bajo,2,5.59,No,No,Carnes,No,Tarjeta,883,Carnes,32.0,4.3125,49.65625,0.45177260331445357
4626245608,67,Masculino,Chicago,Bajo,0,0.0,Sí,Sí,Pescado,No,Efectivo,1092,Mariscos y pescado,21.0,4.409523809523809,59.142857142857146,0.37930756843800323
8245604266,21,Masculino,Chicago,Medio,4,10.25,No,No,Mariscos,No,Efectivo,1871,Mariscos y pescado,21.0,4.409523809523809,59.142857142857146,0.37930756843800323
8401467732,41,Femenino,Chicago,Medio,4,25.07,Sí,Sí,Carnes,No,App,3276,Carnes,32.0,4.3125,49.65625,0.45177260331445357
6929748660,23,Femenino,Chicago,Bajo,0,0.0,No,Sí,Vegetariano,No,Efectivo,1599,Vegetariano/Vegano,2.0,4.1,847.0,0.02648563557654467
6919490428,72,Femenino,Chicago,Alto,5,18.98,No,No,Mariscos,Sí,Tarjeta,4305,Mariscos y pescado,21.0,4.409523809523809,59.142857142857146,0.37930756843800323
7319616386,60,Masculino,Chicago,Alto,5,9.53,No,No,Otro,Sí,App,5877,Otro,191.0,4.39738219895288,3.094240837696335,7.250028200789622
9084449626,73,Masculino,Chicago,Muy Alto,7,24.15,Sí,No,Carnes,Sí,Efectivo,16907,Carnes,32.0,4.3125,49.65625,0.45177260331445357
4023132655,61,Masculino,Chicago,Bajo,3,6.46,No,No,Otro,No,App,1245,Otro,191.0,4.39738219895288,3.094240837696335,7.250028200789622
9703790129,60,Femenino,Chicago,Alto,6,30.54,Sí,No,Mariscos,Sí,App,6377,Mariscos y pescado,21.0,4.409523809523809,59.142857142857146,0.37930756843800323
3272557267,61,Femenino,Chicago,Medio,4,25.97,Sí,Sí,Carnes,No,Tarjeta,2523,Carnes,32.0,4.3125,49.65625,0.45177260331445357
3633493031,40,Masculino,Chicago,Alto,4,5.64,Sí,No,Vegetariano,Sí,Tarjeta,6779,Vegetariano/Vegano,2.0,4.1,847.0,0.02648563557654467
6385955489,23,Masculino,Chicago,Muy Alto,8,103.56,No,Sí,Carnes,Sí,App,9060,Carnes,32.0,4.3125,49.65625,0.45177260331445357
1279384728,78,Femenino,Chicago,Bajo,3,7.2,No,Sí,Otro,No,Efectivo,1514,Otro,191.0,4.39738219895288,3.094240837696335,7.250028200789622
7447472936,59,Masculino,Chicago,Medio,2,20.78,No,No,Vegano,Sí,Efectivo,2778,Vegetariano/Vegano,2.0,4.1,847.0,0.02648563557654467
4208968900,45,Femenino,Chicago,Bajo,1,8.32,Sí,Sí,Vegetariano,No,Tarjeta,1171,Vegetariano/Vegano,2.0,4.1,847.0,0.02648563557654467
6034775299,48,Femenino,Chicago,Medio,5,29.9,No,No,Otro,No,Efectivo,3377,Otro,191.0,4.39738219895288,3.094240837696335,7.250028200789622
8353842159,41,Femenino,Chicago,Medio,4,22.29,Sí,Sí,Carnes,No,Efectivo,2564,Carnes,32.0,4.3125,49.65625,0.45177260331445357
7891313799,55,Masculino,Chicago,Medio,3,27.42,No,No,Carnes,No,App,3432,Carnes,32.0,4.3125,49.65625,0.45177260331445357
5918906354,76,Femenino,Chicago,Bajo,3,9.3,Sí,No,Vegetariano,No,Tarjeta,1478,Vegetariano/Vegano,2.0,4.1,847.0,0.02648563557654467
7005004890,54,Masculino,Chicago,Medio,5,18.25,No,No,Vegetariano,No,Efectivo,2138,Vegetariano/Vegano,2.0,4.1,847.0,0.02648563557654467
1558739878,55,Femenino,Chicago,Medio,5,5.1,Sí,Sí,Carnes,No,App,1753,Carnes,32.0,4.3125,49.65625,0.45177260331445357
3878201524,47,Femenino,Chicago,Alto,4,57.93,Sí,Sí,Mariscos,Sí,App,5030,Mariscos y pescado,21.0,4.409523809523809,59.142857142857146,0.37930756843800323
7534242021,22,Masculino,Chicago,Alto,5,19.9,No,Sí,Pescado,No,App,7685,Mariscos y pescado,21.0,4.409523809523809,59.142857142857146,0.37930756843800323
8337488664,77,Masculino,Chicago,Muy Alto,6,59.67,No,No,Vegetariano,Sí,Efectivo,11347,Vegetariano/Vegano,2.0,4.1,847.0,0.02648563557654467
8048528042,52,Femenino,Chicago,Bajo,0,0.0,Sí,No,Vegano,No,App,1212,Vegetariano/Vegano,2.0,4.1,847.0,0.02648563557654467
8050808371,70,Femenino,Chicago,Alto,5,41.83,Sí,Sí,Vegano,Sí,App,6236,Vegetariano/Vegano,2.0,4.1,847.0,0.02648563557654467
9866648716,37,Masculino,Chicago,Bajo,3,7.54,Sí,No,Carnes,No,Efectivo,838,Carnes,32.0,4.3125,49.65625,0.45177260331445357
3955584359,38,Masculino,Chicago,Muy Alto,7,22.8,No,Sí,Otro,Sí,App,13280,Otro,191.0,4.39738219895288,3.094240837696335,7.250028200789622
9393609813,62,Masculino,Chicago,Bajo,1,9.1,No,Sí,Vegetariano,No,Tarjeta,1407,Vegetariano/Vegano,2.0,4.1,847.0,0.02648563557654467
8139112018,72,Masculino,Chicago,Medio,5,8.42,No,Sí,Vegetariano,No,Tarjeta,2587,Vegetariano/Vegano,2.0,4.1,847.0,0.02648563557654467
9862196347,23,Masculino,Chicago,Alto,4,47.5,Sí,Sí,Vegano,Sí,Tarjeta,6017,Vegetariano/Vegano,2.0,4.1,847.0,0.02648563557654467
1614599226,60,Femenino,Chicago,Medio,2,12.19,Sí,No,Vegetariano,Sí,Tarjeta,2543,Vegetariano/Vegano,2.0,4.1,847.0,0.02648563557654467
4422047639,57,Masculino,Chicago,Medio,3,8.71,Sí,Sí,Mariscos,No,Tarjeta,2978,Mariscos y pescado,21.0,4.409523809523809,59.142857142857146,0.37930756843800323
7665312780,57,Femenino,Chicago,Medio,5,25.8,Sí,Sí,Carnes,No,Tarjeta,2147,Carnes,32.0,4.3125,49.65625,0.45177260331445357
1747742020,69,Masculino,Chicago,Alto,6,54.31,Sí,Sí,Carnes,No,App,7584,Carnes,32.0,4.3125,49.65625,0.45177260331445357
4419806973,35,Masculino,Chicago,Alto,6,25.75,Sí,Sí,Mariscos,No,Efectivo,8375,Mariscos y pescado,21.0,4.409523809523809,59.142857142857146,0.37930756843800323
4502414628,47,Femenino,Chicago,Alto,6,21.4,Sí,Sí,Pescado,No,Efectivo,5677,Mariscos y pescado,21.0,4.409523809523809,59.142857142857146,0.37930756843800323
9113787660,27,Masculino,Chicago,Bajo,0,0.0,No,Sí,Pescado,No,Efectivo,1198,Mariscos y pescado,21.0,4.409523809523809,59.142857142857146,0.37930756843800323
6676615784,49,Masculino,Chicago,Bajo,3,7.68,No,Sí,Sin dato,No,App,878,Sin dato,,,,
6958816903,57,Femenino,Chicago,Medio,5,8.3,No,Sí,Sin dato,No,Tarjeta,2939,Sin dato,,,,
5197171779,70,Femenino,Chicago,Alto,5,13.96,No,Sí,Vegano,Sí,Efectivo,7790,Vegetariano/Vegano,2.0,4.1,847.0,0.02648563557654467
7356407384,80,Femenino,Chicago,Alto,4,58.13,Sí,No,Otro,Sí,Efectivo,7216,Otro,191.0,4.39738219895288,3.094240837696335,7.250028200789622
1626733282,55,Femenino,Chicago,Medio,4,9.51,Sí,Sí,Carnes,No,Tarjeta,2077,Carnes,32.0,4.3125,49.65625,0.45177260331445357
6392453535,35,Femenino,Chicago,Alto,6,9.84,Sí,Sí,Carnes,Sí,Efectivo,6539,Carnes,32.0,4.3125,49.65625,0.45177260331445357
7015798024,49,Masculino,Chicago,Muy Alto,5,27.34,Sí,No,Carnes,Sí,Tarjeta,9304,Carnes,32.0,4.3125,49.65625,0.45177260331445357
1044650596,55,Masculino,Chicago,Alto,6,58.06,No,Sí,Vegano,No,Tarjeta,6156,Vegetariano/Vegano,2.0,4.1,847.0,0.02648563557654467
7891963447,72,Femenino,Chicago,Medio,4,21.73,Sí,No,Mariscos,No,Tarjeta,3025,Mariscos y pescado,21.0,4.409523809523809,59.142857142857146,0.37930756843800323
2670817331,48,Masculino,Chicago,Muy Alto,7,44.0,Sí,No,Mariscos,Sí,Tarjeta,12040,Mariscos y pescado,21.0,4.409523809523809,59.142857142857146,0.37930756843800323
3151271937,70,Masculino,Chicago,Alto,6,54.21,Sí,No,Otro,Sí,App,8117,Otro,191.0,4.39738219895288,3.094240837696335,7.250028200789622
1867562781,77,Femenino,Chicago,Medio,4,13.56,Sí,No,Vegetariano,No,Efectivo,2074,Vegetariano/Vegano,2.0,4.1,847.0,0.02648563557654467
8169225249,49,Masculino,Chicago,Muy Alto,8,16.14,Sí,No,Vegano,Sí,App,14921,Vegetariano/Vegano,2.0,4.1,847.0,0.02648563557654467
5205879645,70,Femenino,Chicago,Alto,5,46.23,No,No,Vegano,Sí,App,5800,Vegetariano/Vegano,2.0,4.1,847.0,0.02648563557654467
3297681898,61,Masculino,Chicago,Medio,5,19.26,No,Sí,Otro,No,Efectivo,3281,Otro,191.0,4.39738219895288,3.094240837696335,7.250028200789622
3345666824,31,Masculino,Chicago,Bajo,3,9.73,Sí,Sí,Mariscos,No,Efectivo,810,Mariscos y pescado,21.0,4.409523809523809,59.142857142857146,0.37930756843800323
2762511121,51,Femenino,Chicago,Medio,5,27.64,No,Sí,Otro,No,Efectivo,1884,Otro,191.0,4.39738219895288,3.094240837696335,7.250028200789622
9749384328,43,Masculino,Chicago,Medio,2,7.74,No,No,Vegano,No,Efectivo,1836,Vegetariano/Vegano,2.0,4.1,847.0,0.02648563557654467
9078732141,54,Femenino,Chicago,Bajo,0,0.0,Sí,Sí,Carnes,No,Efectivo,1395,Carnes,32.0,4.3125,49.65625,0.45177260331445357
6551484064,30,Femenino,Chicago,Muy Alto,9,91.11,No,Sí,Otro,Sí,Efectivo,12432,Otro,191.0,4.39738219895288,3.094240837696335,7.250028200789622
8572703406,73,Femenino,Chicago,Alto,4,5.33,Sí,No,Otro,Sí,Tarjeta,7889,Otro,191.0,4.39738219895288,3.094240837696335,7.250028200789622
2425445531,62,Femenino,Chicago,Alto,5,58.69,No,No,Carnes,Sí,Tarjeta,8166,Carnes,32.0,4.3125,49.65625,0.45177260331445357
4323438329,26,Femenino,Chicago,Medio,5,8.55,Sí,Sí,Otro,No,Efectivo,3030,Otro,191.0,4.39738219895288,3.094240837696335,7.250028200789622
5896516222,60,Femenino,Chicago,Bajo,0,0.0,Sí,No,Sin dato,No,Tarjeta,959,Sin dato,,,,
3993428311,33,Masculino,Chicago,Alto,5,49.05,Sí,No,Mariscos,Sí,Efectivo,5183,Mariscos y pescado,21.0,4.409523809523809,59.142857142857146,0.37930756843800323
6107893726,40,Femenino,Chicago,Alto,5,25.21,No,Sí,Vegano,No,Tarjeta,6408,Vegetariano/Vegano,2.0,4.1,847.0,0.02648563557654467
1361167065,48,Masculino,Chicago,Alto,5,34.0,Sí,No,Pescado,Sí,App,7508,Mariscos y pescado,21.0,4.409523809523809,59.142857142857146,0.37930756843800323
9697354961,67,Femenino,Chicago,Medio,2,10.97,No,Sí,Carnes,No,Efectivo,3190,Carnes,32.0,4.3125,49.65625,0.45177260331445357
8924256519,40,Masculino,Chicago,Muy Alto,10,69.32,Sí,No,Pescado,Sí,Efectivo,12758,Mariscos y pescado,21.0,4.409523809523809,59.142857142857146,0.37930756843800323
5044110960,52,Masculino,Chicago,Bajo,0,0.0,Sí,No,Mariscos,No,App,1477,Mariscos y pescado,21.0,4.409523809523809,59.142857142857146,0.37930756843800323
8858807026,40,Masculino,Chicago,Medio,3,15.21,Sí,Sí,Pescado,No,Tarjeta,3327,Mariscos y pescado,21.0,4.409523809523809,59.142857142857146,0.37930756843800323
6588252632,34,Femenino,Chicago,Bajo,3,6.42,No,No,Carnes,No,Tarjeta,1589,Carnes,32.0,4.3125,49.65625,0.45177260331445357
7161404428,53,Femenino,Chicago,Bajo,0,0.0,No,Sí,Vegetariano,No,Tarjeta,1265,Vegetariano/Vegano,2.0,4.1,847.0,0.02648563557654467
4354557478,60,Masculino,Chicago,Medio,3,14.14,No,No,Otro,No,App,2479,Otro,191.0,4.39738219895288,3.094240837696335,7.250028200789622
6161112188,35,Masculino,Chicago,Alto,4,59.18,No,Sí,Mariscos,Sí,Criptomoneda,6125,Mariscos y pescado,21.0,4.409523809523809,59.142857142857146,0.37930756843800323
3596335142,44,Masculino,Chicago,Muy Alto,9,6.43,No,Sí,Vegetariano,Sí,Efectivo,9804,Vegetariano/Vegano,2.0,4.1,847.0,0.02648563557654467
1510289448,52,Femenino,Chicago,Muy Alto,8,88.99,No,Sí,Mariscos,Sí,Tarjeta,11616,Mariscos y pescado,21.0,4.409523809523809,59.142857142857146,0.37930756843800323
5385913137,71,Masculino,Chicago,Medio,5,5.2,No,No,Vegetariano,No,Tarjeta,2337,Vegetariano/Vegano,2.0,4.1,847.0,0.02648563557654467
7139154182,47,Femenino,Chicago,Bajo,2,9.05,No,Sí,Otro,No,Efectivo,1290,Otro,191.0,4.39738219895288,3.094240837696335,7.250028200789622
6734307882,41,Masculino,Chicago,Muy Alto,5,47.5,No,Sí,Vegetariano,Sí,App,11128,Vegetariano/Vegano,2.0,4.1,847.0,0.02648563557654467
6691245684,27,Masculino,Chicago,Muy Alto,6,16.57,Sí,Sí,Carnes,No,Efectivo,14936,Carnes,32.0,4.3125,49.65625,0.45177260331445357
5558819351,77,Masculino,Chicago,Alto,4,41.77,No,Sí,Carnes,No,Efectivo,4426,Carnes,32.0,4.3125,49.65625,0.45177260331445357
9835824674,56,Masculino,Chicago,Muy Alto,10,100.84,Sí,Sí,Pescado,Sí,Efectivo,14349,Mariscos y pescado,21.0,4.409523809523809,59.142857142857146,0.37930756843800323
9779326325,63,Femenino,Chicago,Alto,5,18.43,Sí,Sí,Sin dato,No,Tarjeta,7494,Sin dato,,,,
6298758112,77,Femenino,Chicago,Medio,4,24.32,No,No,Otro,Sí,Efectivo,3368,Otro,191.0,4.39738219895288,3.094240837696335,7.250028200789622
9097902298,59,Femenino,Chicago,Alto,5,46.28,No,Sí,Otro,Sí,App,3894,Otro,191.0,4.39738219895288,3.094240837696335,7.250028200789622
1067198189,34,Masculino,Chicago,Medio,5,22.77,Sí,No,Vegano,No,Tarjeta,2955,Vegetariano/Vegano,2.0,4.1,847.0,0.02648563557654467
1460163367,35,Masculino,Chicago,Medio,3,11.86,No,Sí,Vegetariano,No,Efectivo,3357,Vegetariano/Vegano,2.0,4.1,847.0,0.02648563557654467
1515297776,76,Masculino,Chicago,Medio,2,24.76,Sí,Sí,Pescado,No,App,3415,Mariscos y pescado,21.0,4.409523809523809,59.142857142857146,0.37930756843800323
1682757684,64,Masculino,Chicago,Medio,5,20.72,No,No,Carnes,No,Tarjeta,2285,Carnes,32.0,4.3125,49.65625,0.45177260331445357
3506238866,60,Femenino,Chicago,Alto,4,41.7,Sí,Sí,Mariscos,No,App,6185,Mariscos y pescado,21.0,4.409523809523809,59.142857142857146,0.37930756843800323
7916425506,76,Masculino,Chicago,Muy Alto,10,57.5,Sí,No,Carnes,Sí,Efectivo,14010,Carnes,32.0,4.3125,49.65625,0.45177260331445357
6017450483,27,Masculino,Chicago,Bajo,3,9.67,No,Sí,Vegetariano,No,App,1130,Vegetariano/Vegano,2.0,4.1,847.0,0.02648563557654467
6192554454,79,Femenino,Chicago,Muy Alto,7,28.29,No,No,Vegetariano,Sí,Efectivo,17232,Vegetariano/Vegano,2.0,4.1,847.0,0.02648563557654467
1435605571,59,Masculino,Chicago,Bajo,3,6.83,Sí,No,Carnes,No,App,1074,Carnes,32.0,4.3125,49.65625,0.45177260331445357
8978424374,71,Femenino,Chicago,Muy Alto,7,15.3,Sí,Sí,Carnes,No,Tarjeta,12816,Carnes,32.0,4.3125,49.65625,0.45177260331445357
9296067057,78,Femenino,Chicago,Alto,5,50.72,Sí,Sí,Vegetariano,Sí,Tarjeta,6977,Vegetariano/Vegano,2.0,4.1,847.0,0.02648563557654467
7066267665,33,Femenino,Chicago,Bajo,2,7.11,No,Sí,Vegetariano,No,App,1288,Vegetariano/Vegano,2.0,4.1,847.0,0.02648563557654467
8663429809,73,Masculino,Chicago,Muy Alto,10,55.04,No,No,Mariscos,Sí,Efectivo,17063,Mariscos y pescado,21.0,4.409523809523809,59.142857142857146,0.37930756843800323
4763928633,62,Femenino,Chicago,Medio,5,13.98,Sí,No,Vegetariano,No,Tarjeta,3282,Vegetariano/Vegano,2.0,4.1,847.0,0.02648563557654467
5995205693,78,Masculino,Chicago,Medio,3,5.09,No,No,Carnes,No,Tarjeta,3117,Carnes,32.0,4.3125,49.65625,0.45177260331445357
9003066139,41,Masculino,Chicago,Medio,2,25.41,No,No,Carnes,No,Tarjeta,1809,Carnes,32.0,4.3125,49.65625,0.45177260331445357
5398198658,40,Masculino,Chicago,Medio,3,26.75,No,No,Carnes,No,Criptomoneda,1635,Carnes,32.0,4.3125,49.65625,0.45177260331445357
9484128800,53,Masculino,Chicago,Bajo,2,8.95,Sí,Sí,Carnes,No,Efectivo,1191,Carnes,32.0,4.3125,49.65625,0.45177260331445357
4541329631,31,Masculino,Chicago,Muy Alto,8,85.55,No,Sí,Vegano,Sí,Efectivo,16048,Vegetariano/Vegano,2.0,4.1,847.0,0.02648563557654467
5614884023,55,Femenino,Chicago,Medio,3,21.41,No,Sí,Otro,Sí,Efectivo,1744,Otro,191.0,4.39738219895288,3.094240837696335,7.250028200789622
1160385771,80,Masculino,Chicago,Bajo,2,8.69,No,Sí,Otro,No,Tarjeta,1467,Otro,191.0,4.39738219895288,3.094240837696335,7.250028200789622
4641146413,45,Masculino,Chicago,Muy Alto,6,55.02,No,Sí,Carnes,Sí,Efectivo,14213,Carnes,32.0,4.3125,49.65625,0.45177260331445357
1552310411,52,Masculino,Chicago,Medio,3,29.36,Sí,Sí,Mariscos,Sí,Efectivo,2043,Mariscos y pescado,21.0,4.409523809523809,59.142857142857146,0.37930756843800323
4036163346,45,Masculino,Chicago,Bajo,1,5.07,Sí,Sí,Vegano,No,Efectivo,1575,Vegetariano/Vegano,2.0,4.1,847.0,0.02648563557654467
6792865332,57,Femenino,Chicago,Alto,5,55.85,Sí,No,Vegano,Sí,App,6658,Vegetariano/Vegano,2.0,4.1,847.0,0.02648563557654467
9239159277,23,Femenino,Chicago,Medio,4,24.89,Sí,Sí,Pescado,No,Tarjeta,2314,Mariscos y pescado,21.0,4.409523809523809,59.142857142857146,0.37930756843800323
6713675882,36,Femenino,Chicago,Muy Alto,6,87.92,Sí,Sí,Mariscos,Sí,Tarjeta,12437,Mariscos y pescado,21.0,4.409523809523809,59.142857142857146,0.37930756843800323
4153868951,42,Femenino,Chicago,Bajo,0,0.0,No,No,Carnes,No,Tarjeta,1581,Carnes,32.0,4.3125,49.65625,0.45177260331445357
2615680875,40,Femenino,Chicago,Bajo,2,9.27,No,No,Vegetariano,Sí,Efectivo,955,Vegetariano/Vegano,2.0,4.1,847.0,0.02648563557654467
8586413913,47,Masculino,Chicago,Alto,5,5.25,No,No,Vegano,Sí,Tarjeta,8158,Vegetariano/Vegano,2.0,4.1,847.0,0.02648563557654467
9246709525,79,Femenino,Chicago,Medio,5,10.04,Sí,No,Carnes,No,Efectivo,2142,Carnes,32.0,4.3125,49.65625,0.45177260331445357
1659663750,43,Masculino,Chicago,Medio,4,27.98,Sí,No,Pescado,No,Efectivo,2240,Mariscos y pescado,21.0,4.409523809523809,59.142857142857146,0.37930756843800323
3759658057,45,Femenino,Chicago,Medio,4,19.75,No,Sí,Carnes,No,Efectivo,3378,Carnes,32.0,4.3125,49.65625,0.45177260331445357
5358592089,23,Femenino,Chicago,Bajo,1,5.35,No,Sí,Carnes,No,Efectivo,1240,Carnes,32.0,4.3125,49.65625,0.45177260331445357
1642007038,54,Femenino,Chicago,Muy Alto,7,100.72,No,Sí,Mariscos,Sí,Efectivo,9177,Mariscos y pescado,21.0,4.409523809523809,59.142857142857146,0.37930756843800323
9075512531,62,Masculino,Chicago,Alto,5,59.66,Sí,Sí,Otro,Sí,Efectivo,3952,Otro,191.0,4.39738219895288,3.094240837696335,7.250028200789622
2910594463,47,Femenino,Chicago,Medio,4,24.8,Sí,No,Mariscos,Sí,Efectivo,1738,Mariscos y pescado,21.0,4.409523809523809,59.142857142857146,0.37930756843800323
3458675898,59,Femenino,Chicago,Muy Alto,9,81.11,No,No,Vegetariano,Sí,App,14033,Vegetariano/Vegano,2.0,4.1,847.0,0.02648563557654467
3853545939,43,Femenino,Chicago,Bajo,1,9.01,No,Sí,Mariscos,No,App,1152,Mariscos y pescado,21.0,4.409523809523809,59.142857142857146,0.37930756843800323
5615746104,28,Masculino,Chicago,Alto,6,28.48,Sí,Sí,Pescado,No,App,8338,Mariscos y pescado,21.0,4.409523809523809,59.142857142857146,0.37930756843800323
9644630266,55,Masculino,Chicago,Medio,4,19.56,Sí,Sí,Pescado,No,App,2466,Mariscos y pescado,21.0,4.409523809523809,59.142857142857146,0.37930756843800323
9841448679,71,Femenino,Chicago,Medio,5,14.35,No,No,Carnes,No,App,2621,Carnes,32.0,4.3125,49.65625,0.45177260331445357
5418737410,61,Masculino,Chicago,Muy Alto,6,46.73,Sí,No,Carnes,No,App,10243,Carnes,32.0,4.3125,49.65625,0.45177260331445357
3255736583,50,Femenino,Chicago,Alto,4,20.65,No,No,Pescado,Sí,Tarjeta,6760,Mariscos y pescado,21.0,4.409523809523809,59.142857142857146,0.37930756843800323
1802138863,36,Masculino,Chicago,Bajo,1,8.33,Sí,No,Mariscos,No,Tarjeta,931,Mariscos y pescado,21.0,4.409523809523809,59.142857142857146,0.37930756843800323
8304156673,37,Femenino,Chicago,Muy Alto,5,9.75,No,No,Carnes,Sí,Efectivo,9132,Carnes,32.0,4.3125,49.65625,0.45177260331445357
6649840375,35,Femenino,Chicago,Bajo,1,6.94,No,Sí,Carnes,No,Tarjeta,962,Carnes,32.0,4.3125,49.65625,0.45177260331445357
9614632998,50,Masculino,Chicago,Muy Alto,9,24.69,No,No,Vegano,Sí,Efectivo,15628,Vegetariano/Vegano,2.0,4.1,847.0,0.02648563557654467
8788381313,41,Femenino,Chicago,Medio,5,22.54,No,Sí,Carnes,No,Tarjeta,1707,Carnes,32.0,4.3125,49.65625,0.45177260331445357
6895523232,50,Femenino,Chicago,Medio,5,9.28,No,No,Mariscos,No,Tarjeta,2023,Mariscos y pescado,21.0,4.409523809523809,59.142857142857146,0.37930756843800323
3228515788,27,Masculino,Chicago,Medio,3,25.31,No,Sí,Vegano,No,Tarjeta,2084,Vegetariano/Vegano,2.0,4.1,847.0,0.02648563557654467
4219957041,41,Femenino,Chicago,Medio,5,29.51,Sí,No,Carnes,No,Efectivo,2360,Carnes,32.0,4.3125,49.65625,0.45177260331445357
4843436362,60,Femenino,Chicago,Alto,6,11.95,Sí,Sí,Otro,Sí,App,5203,Otro,191.0,4.39738219895288,3.094240837696335,7.250028200789622
1139082827,40,Femenino,Chicago,Medio,5,11.89,No,No,Sin dato,No,Efectivo,2468,Sin dato,,,,
9541218115,67,Femenino,Chicago,Alto,6,32.94,No,No,Pescado,No,App,5304,Mariscos y pescado,21.0,4.409523809523809,59.142857142857146,0.37930756843800323
5184564874,66,Masculino,Chicago,Medio,4,12.04,Sí,No,Vegano,No,Tarjeta,2154,Vegetariano/Vegano,2.0,4.1,847.0,0.02648563557654467
7858997343,50,Masculino,Chicago,Alto,4,49.8,No,Sí,Otro,No,Tarjeta,4746,Otro,191.0,4.39738219895288,3.094240837696335,7.250028200789622
1756345332,70,Femenino,Chicago,Bajo,1,8.81,No,Sí,Vegetariano,No,Criptomoneda,1365,Vegetariano/Vegano,2.0,4.1,847.0,0.02648563557654467
3068007538,36,Masculino,Chicago,Medio,3,29.0,No,No,Vegetariano,No,Tarjeta,2507,Vegetariano/Vegano,2.0,4.1,847.0,0.02648563557654467
8812425482,43,Masculino,Chicago,Bajo,3,8.56,No,No,Mariscos,No,Efectivo,1195,Mariscos y pescado,21.0,4.409523809523809,59.142857142857146,0.37930756843800323
6615791394,63,Femenino,Chicago,Alto,6,44.88,No,Sí,Carnes,Sí,Efectivo,5917,Carnes,32.0,4.3125,49.65625,0.45177260331445357
7292658995,54,Masculino,Chicago,Alto,6,47.6,Sí,Sí,Carnes,Sí,Tarjeta,5202,Carnes,32.0,4.3125,49.65625,0.45177260331445357
3260842187,27,Femenino,Chicago,Alto,4,17.46,No,Sí,Otro,Sí,Tarjeta,4464,Otro,191.0,4.39738219895288,3.094240837696335,7.250028200789622
6165396229,48,Femenino,Chicago,Muy Alto,5,96.46,Sí,Sí,Vegano,Sí,App,17076,Vegetariano/Vegano,2.0,4.1,847.0,0.02648563557654467
4953200174,79,Masculino,Chicago,Alto,6,5.27,Sí,No,Otro,No,Efectivo,6029,Otro,191.0,4.39738219895288,3.094240837696335,7.250028200789622
8063854340,24,Masculino,Chicago,Medio,4,15.38,Sí,Sí,Vegetariano,No,App,1967,Vegetariano/Vegano,2.0,4.1,847.0,0.02648563557654467
2846085277,42,Femenino,Chicago,Medio,5,17.575,Sí,Sí,Vegetariano,No,Efectivo,3410,Vegetariano/Vegano,2.0,4.1,847.0,0.02648563557654467
5067288681,77,Femenino,Chicago,Medio,5,20.38,No,Sí,Mariscos,No,App,2285,Mariscos y pescado,21.0,4.409523809523809,59.142857142857146,0.37930756843800323
5434046660,64,Masculino,Chicago,Alto,6,14.14,No,No,Vegano,No,Tarjeta,4311,Vegetariano/Vegano,2.0,4.1,847.0,0.02648563557654467
4522669381,55,Femenino,Chicago,Muy Alto,8,47.67,Sí,Sí,Vegetariano,Sí,Tarjeta,10294,Vegetariano/Vegano,2.0,4.1,847.0,0.02648563557654467
6530318753,32,Masculino,Chicago,Medio,3,26.14,Sí,No,Vegano,No,Efectivo,3242,Vegetariano/Vegano,2.0,4.1,847.0,0.02648563557654467
2773545435,77,Femenino,Chicago,Muy Alto,8,96.63,Sí,No,Vegetariano,Sí,App,10690,Vegetariano/Vegano,2.0,4.1,847.0,0.02648563557654467
9516893896,45,Masculino,Chicago,Medio,2,17.79,Sí,No,Pescado,No,Efectivo,1701,Mariscos y pescado,21.0,4.409523809523809,59.142857142857146,0.37930756843800323
8472590428,78,Masculino,Chicago,Alto,5,11.6,No,Sí,Pescado,Sí,Efectivo,3789,Mariscos y pescado,21.0,4.409523809523809,59.142857142857146,0.37930756843800323
2777816561,32,Femenino,Chicago,Alto,6,31.8,Sí,No,Mariscos,Sí,Tarjeta,3959,Mariscos y pescado,21.0,4.409523809523809,59.142857142857146,0.37930756843800323
6520895998,53,Masculino,Chicago,Bajo,2,8.59,Sí,No,Vegetariano,No,Efectivo,1077,Vegetariano/Vegano,2.0,4.1,847.0,0.02648563557654467
8266252438,52,Masculino,Chicago,Medio,5,25.34,Sí,Sí,Vegetariano,No,Efectivo,1636,Vegetariano/Vegano,2.0,4.1,847.0,0.02648563557654467
9725510256,66,Masculino,Chicago,Bajo,1,8.54,Sí,Sí,Carnes,No,Tarjeta,891,Carnes,32.0,4.3125,49.65625,0.45177260331445357
5366583537,72,Femenino,Chicago,Bajo,0,0.0,No,No,Vegetariano,No,Tarjeta,816,Vegetariano/Vegano,2.0,4.1,847.0,0.02648563557654467
7610754145,22,Masculino,Chicago,Medio,5,25.76,No,Sí,Pescado,No,Tarjeta,3466,Mariscos y pescado,21.0,4.409523809523809,59.142857142857146,0.37930756843800323
5887542842,30,Femenino,Chicago,Alto,4,30.93,Sí,Sí,Vegetariano,Sí,Tarjeta,8603,Vegetariano/Vegano,2.0,4.1,847.0,0.02648563557654467
1683671517,55,Femenino,Chicago,Medio,4,17.75,Sí,No,Carnes,No,Efectivo,3322,Carnes,32.0,4.3125,49.65625,0.45177260331445357
2167970229,54,Masculino,Chicago,Bajo,2,7.01,No,No,Carnes,No,App,823,Carnes,32.0,4.3125,49.65625,0.45177260331445357
4727306207,48,Femenino,Chicago,Bajo,2,7.57,No,Sí,Mariscos,No,App,1489,Mariscos y pescado,21.0,4.409523809523809,59.142857142857146,0.37930756843800323
8832777853,43,Masculino,Chicago,Alto,6,44.29,Sí,No,Sin dato,Sí,App,5216,Sin dato,,,,
5328375703,58,Femenino,Chicago,Alto,4,21.75,Sí,Sí,Vegetariano,Sí,Efectivo,4087,Vegetariano/Vegano,2.0,4.1,847.0,0.02648563557654467
6383227541,44,Femenino,Chicago,Muy Alto,7,64.46,No,No,Vegetariano,Sí,Efectivo,12083,Vegetariano/Vegano,2.0,4.1,847.0,0.02648563557654467
7911982700,28,Femenino,Chicago,Muy Alto,10,22.1,Sí,Sí,Carnes,Sí,Tarjeta,9928,Carnes,32.0,4.3125,49.65625,0.45177260331445357
3678781029,45,Femenino,Chicago,Muy Alto,7,67.29,Sí,Sí,Otro,Sí,Tarjeta,15175,Otro,191.0,4.39738219895288,3.094240837696335,7.250028200789622
9603781899,26,Femenino,Chicago,Bajo,2,6.22,No,Sí,Mariscos,No,Efectivo,1260,Mariscos y pescado,21.0,4.409523809523809,59.142857142857146,0.37930756843800323
4590760161,27,Femenino,Chicago,Bajo,0,0.0,No,Sí,Carnes,No,Efectivo,1270,Carnes,32.0,4.3125,49.65625,0.45177260331445357
6521917317,44,Femenino,Chicago,Bajo,1,9.49,Sí,Sí,Carnes,No,Efectivo,1380,Carnes,32.0,4.3125,49.65625,0.45177260331445357
2335984617,69,Femenino,Chicago,Muy Alto,9,22.44,Sí,Sí,Pescado,Sí,App,13742,Mariscos y pescado,21.0,4.409523809523809,59.142857142857146,0.37930756843800323
1014477641,18,Masculino,Chicago,Medio,4,6.47,No,Sí,Carnes,No,Tarjeta,2797,Carnes,32.0,4.3125,49.65625,0.45177260331445357
8653848836,27,Femenino,Chicago,Bajo,3,5.89,No,Sí,Pescado,No,Efectivo,865,Mariscos y pescado,21.0,4.409523809523809,59.142857142857146,0.37930756843800323
3945654437,36,Femenino,Chicago,Bajo,1,9.79,No,No,Carnes,No,Efectivo,1460,Carnes,32.0,4.3125,49.65625,0.45177260331445357
7846365089,61,Femenino,Chicago,Medio,4,27.74,No,Sí,Carnes,No,Efectivo,3270,Carnes,32.0,4.3125,49.65625,0.45177260331445357
3991528284,61,Masculino,Chicago,Bajo,3,8.98,Sí,No,Carnes,No,Tarjeta,1168,Carnes,32.0,4.3125,49.65625,0.45177260331445357
6842398927,24,Femenino,Chicago,Medio,3,7.21,No,Sí,Sin dato,No,Tarjeta,2444,Sin dato,,,,
7342664185,54,Masculino,Chicago,Alto,5,49.45,Sí,No,Otro,No,Efectivo,4391,Otro,191.0,4.39738219895288,3.094240837696335,7.250028200789622
4614933836,19,Masculino,Chicago,Alto,5,56.31,No,No,Vegetariano,Sí,Efectivo,4128,Vegetariano/Vegano,2.0,4.1,847.0,0.02648563557654467
8023085096,51,Masculino,Chicago,Alto,6,34.87,No,No,Vegano,Sí,Tarjeta,5638,Vegetariano/Vegano,2.0,4.1,847.0,0.02648563557654467
4343752340,21,Femenino,Chicago,Medio,4,17.82,No,Sí,Vegano,No,App,3134,Vegetariano/Vegano,2.0,4.1,847.0,0.02648563557654467
4621295016,22,Masculino,Chicago,Bajo,2,9.22,Sí,Sí,Carnes,No,App,1384,Carnes,32.0,4.3125,49.65625,0.45177260331445357
4689642822,35,Masculino,Chicago,Muy Alto,6,13.49,No,Sí,Vegetariano,Sí,Efectivo,16732,Vegetariano/Vegano,2.0,4.1,847.0,0.02648563557654467
9914204506,71,Femenino,Chicago,Medio,2,10.5,No,No,Otro,No,Tarjeta,2716,Otro,191.0,4.39738219895288,3.094240837696335,7.250028200789622
4312964517,68,Masculino,Chicago,Alto,6,30.09,Sí,Sí,Vegetariano,Sí,Tarjeta,4234,Vegetariano/Vegano,2.0,4.1,847.0,0.02648563557654467
3896092559,28,Femenino,Chicago,Medio,4,18.46,Sí,No,Vegetariano,Sí,App,2160,Vegetariano/Vegano,2.0,4.1,847.0,0.02648563557654467
7108362060,54,Masculino,Chicago,Bajo,0,0.0,Sí,Sí,Vegetariano,No,Efectivo,876,Vegetariano/Vegano,2.0,4.1,847.0,0.02648563557654467
5160575046,78,Masculino,Chicago,Muy Alto,9,37.94,Sí,Sí,Pescado,Sí,Efectivo,16603,Mariscos y pescado,21.0,4.409523809523809,59.142857142857146,0.37930756843800323
9948433113,18,Femenino,Chicago,Bajo,3,8.83,Sí,Sí,Carnes,No,Efectivo,1177,Carnes,32.0,4.3125,49.65625,0.45177260331445357
7937039588,68,Femenino,Chicago,Medio,3,17.87,Sí,Sí,Pescado,No,Criptomoneda,2546,Mariscos y pescado,21.0,4.409523809523809,59.142857142857146,0.37930756843800323
3516975722,54,Femenino,Chicago,Medio,3,27.06,Sí,No,Vegano,No,App,2739,Vegetariano/Vegano,2.0,4.1,847.0,0.02648563557654467
2905584866,78,Femenino,Chicago,Medio,5,26.98,No,No,Vegano,No,Tarjeta,2903,Vegetariano/Vegano,2.0,4.1,847.0,0.02648563557654467
1720578321,77,Masculino,Chicago,Alto,5,25.6,No,Sí,Carnes,Sí,Efectivo,4137,Carnes,32.0,4.3125,49.65625,0.45177260331445357
9335510635,54,Femenino,Chicago,Medio,5,24.57,No,No,Pescado,No,Tarjeta,2503,Mariscos y pescado,21.0,4.409523809523809,59.142857142857146,0.37930756843800323
7129815667,21,Femenino,Chicago,Medio,4,25.72,No,No,Vegetariano,No,Criptomoneda,1847,Vegetariano/Vegano,2.0,4.1,847.0,0.02648563557654467
1031480001,68,Femenino,Chicago,Alto,4,11.3,Sí,Sí,Sin dato,Sí,Efectivo,8242,Sin dato,,,,
6208039416,69,Femenino,Chicago,Muy Alto,6,53.11,Sí,Sí,Vegetariano,Sí,App,11327,Vegetariano/Vegano,2.0,4.1,847.0,0.02648563557654467
7487889664,24,Masculino,Chicago,Medio,3,25.64,No,No,Carnes,No,Tarjeta,3096,Carnes,32.0,4.3125,49.65625,0.45177260331445357
9674633671,20,Masculino,Chicago,Muy Alto,6,47.1,No,Sí,Mariscos,Sí,Tarjeta,12098,Mariscos y pescado,21.0,4.409523809523809,59.142857142857146,0.37930756843800323
1775424747,67,Femenino,Chicago,Alto,4,7.76,No,Sí,Vegetariano,No,Efectivo,5408,Vegetariano/Vegano,2.0,4.1,847.0,0.02648563557654467
7472102368,52,Femenino,Chicago,Bajo,2,8.01,Sí,Sí,Pescado,No,Tarjeta,1458,Mariscos y pescado,21.0,4.409523809523809,59.142857142857146,0.37930756843800323
1297517576,66,Femenino,Chicago,Medio,4,25.47,Sí,Sí,Otro,No,Efectivo,2963,Otro,191.0,4.39738219895288,3.094240837696335,7.250028200789622
8130780835,33,Masculino,Chicago,Medio,5,27.54,Sí,Sí,Vegano,No,App,1748,Vegetariano/Vegano,2.0,4.1,847.0,0.02648563557654467
1055183168,62,Femenino,Chicago,Alto,6,8.03,No,Sí,Mariscos,No,Tarjeta,4044,Mariscos y pescado,21.0,4.409523809523809,59.142857142857146,0.37930756843800323
2640019499,78,Masculino,Chicago,Bajo,2,9.51,Sí,No,Otro,No,Efectivo,1075,Otro,191.0,4.39738219895288,3.094240837696335,7.250028200789622
5501528110,70,Femenino,Chicago,Alto,4,9.29,No,Sí,Vegetariano,No,App,7443,Vegetariano/Vegano,2.0,4.1,847.0,0.02648563557654467
5629257824,32,Femenino,Chicago,Alto,4,43.21,No,Sí,Carnes,Sí,Tarjeta,6441,Carnes,32.0,4.3125,49.65625,0.45177260331445357
3877911915,67,Masculino,Chicago,Medio,3,21.61,No,No,Sin dato,No,Tarjeta,2862,Sin dato,,,,
1444142885,62,Femenino,Chicago,Bajo,0,0.0,No,Sí,Vegetariano,No,Efectivo,1546,Vegetariano/Vegano,2.0,4.1,847.0,0.02648563557654467
4399321649,25,Masculino,Chicago,Muy Alto,7,77.42,Sí,Sí,Carnes,Sí,Criptomoneda,10851,Carnes,32.0,4.3125,49.65625,0.45177260331445357
9609562782,22,Femenino,Chicago,Muy Alto,10,68.53,No,Sí,Mariscos,Sí,Efectivo,12462,Mariscos y pescado,21.0,4.409523809523809,59.142857142857146,0.37930756843800323
5292015249,60,Masculino,Chicago,Bajo,2,5.22,Sí,Sí,Sin dato,No,Efectivo,871,Sin dato,,,,
4691872755,59,Masculino,Chicago,Medio,4,18.64,Sí,No,Vegetariano,No,Tarjeta,2120,Vegetariano/Vegano,2.0,4.1,847.0,0.02648563557654467
5482740815,35,Femenino,Chicago,Alto,5,45.54,No,Sí,Carnes,Sí,Tarjeta,5908,Carnes,32.0,4.3125,49.65625,0.45177260331445357
9737874336,61,Masculino,Chicago,Medio,4,25.63,Sí,Sí,Carnes,No,Tarjeta,2039,Carnes,32.0,4.3125,49.65625,0.45177260331445357
2496246268,22,Masculino,Chicago,Muy Alto,7,72.37,No,Sí,Vegetariano,Sí,Efectivo,11906,Vegetariano/Vegano,2.0,4.1,847.0,0.02648563557654467
4266280363,25,Masculino,Chicago,Bajo,3,8.51,No,Sí,Vegetariano,No,Tarjeta,1178,Vegetariano/Vegano,2.0,4.1,847.0,0.02648563557654467
9724305658,71,Femenino,Chicago,Alto,4,16.1,Sí,No,Pescado,No,Efectivo,4520,Mariscos y pescado,21.0,4.409523809523809,59.142857142857146,0.37930756843800323
2242377075,19,Masculino,Chicago,Alto,4,52.81,No,Sí,Vegano,Sí,Tarjeta,5391,Vegetariano/Vegano,2.0,4.1,847.0,0.02648563557654467
5721935443,24,Femenino,Chicago,Alto,5,26.45,No,Sí,Vegetariano,Sí,Tarjeta,4921,Vegetariano/Vegano,2.0,4.1,847.0,0.02648563557654467
5342553958,28,Femenino,Chicago,Bajo,1,7.97,Sí,No,Otro,No,App,1246,Otro,191.0,4.39738219895288,3.094240837696335,7.250028200789622
7175520429,68,Masculino,Chicago,Medio,3,14.61,Sí,Sí,Pescado,No,Efectivo,1894,Mariscos y pescado,21.0,4.409523809523809,59.142857142857146,0.37930756843800323
9850942926,59,Masculino,Chicago,Muy Alto,6,68.17,No,Sí,Pescado,Sí,Efectivo,13927,Mariscos y pescado,21.0,4.409523809523809,59.142857142857146,0.37930756843800323
2349641712,50,Femenino,Chicago,Medio,2,15.54,No,Sí,Vegetariano,Sí,Tarjeta,2426,Vegetariano/Vegano,2.0,4.1,847.0,0.02648563557654467
1498017051,50,Femenino,Chicago,Alto,4,25.69,Sí,No,Vegetariano,No,Tarjeta,4104,Vegetariano/Vegano,2.0,4.1,847.0,0.02648563557654467
3961583650,32,Masculino,Chicago,Muy Alto,10,34.82,No,Sí,Carnes,No,Efectivo,14770,Carnes,32.0,4.3125,49.65625,0.45177260331445357
7784606817,54,Femenino,Chicago,Alto,5,16.76,Sí,No,Carnes,Sí,Tarjeta,3934,Carnes,32.0,4.3125,49.65625,0.45177260331445357
3895535559,47,Masculino,Chicago,Bajo,1,5.59,Sí,No,Pescado,No,Efectivo,1112,Mariscos y pescado,21.0,4.409523809523809,59.142857142857146,0.37930756843800323
6154414601,80,Femenino,Chicago,Bajo,2,5.06,No,No,Otro,No,Tarjeta,1022,Otro,191.0,4.39738219895288,3.094240837696335,7.250028200789622
2774884818,63,Femenino,Chicago,Alto,6,12.5,No,Sí,Vegetariano,Sí,Tarjeta,4569,Vegetariano/Vegano,2.0,4.1,847.0,0.02648563557654467
6786235370,71,Femenino,Chicago,Alto,4,42.84,No,No,Carnes,Sí,Efectivo,7119,Carnes,32.0,4.3125,49.65625,0.45177260331445357
6654275321,71,Masculino,Chicago,Medio,5,25.46,Sí,No,Carnes,No,App,2735,Carnes,32.0,4.3125,49.65625,0.45177260331445357
3555040867,44,Femenino,Chicago,Alto,6,48.38,No,No,Mariscos,Sí,Efectivo,4212,Mariscos y pescado,21.0,4.409523809523809,59.142857142857146,0.37930756843800323
5725309003,80,Masculino,Chicago,Alto,5,15.0,No,Sí,Mariscos,No,Tarjeta,4019,Mariscos y pescado,21.0,4.409523809523809,59.142857142857146,0.37930756843800323
5982987738,27,Masculino,Chicago,Medio,4,19.55,No,Sí,Mariscos,Sí,App,1941,Mariscos y pescado,21.0,4.409523809523809,59.142857142857146,0.37930756843800323
2177712008,56,Masculino,Chicago,Medio,2,16.08,Sí,Sí,Carnes,No,Efectivo,2520,Carnes,32.0,4.3125,49.65625,0.45177260331445357
5956804471,45,Femenino,Chicago,Medio,3,26.7,Sí,No,Otro,No,App,1731,Otro,191.0,4.39738219895288,3.094240837696335,7.250028200789622
2466684707,22,Masculino,Chicago,Medio,2,16.83,No,Sí,Vegetariano,No,Efectivo,3445,Vegetariano/Vegano,2.0,4.1,847.0,0.02648563557654467
4085186537,77,Femenino,Chicago,Muy Alto,7,53.84,Sí,Sí,Pescado,Sí,App,13960,Mariscos y pescado,21.0,4.409523809523809,59.142857142857146,0.37930756843800323
9726862845,52,Femenino,Chicago,Muy Alto,7,24.7,Sí,No,Mariscos,Sí,Efectivo,13818,Mariscos y pescado,21.0,4.409523809523809,59.142857142857146,0.37930756843800323
4688530312,59,Masculino,Chicago,Medio,5,25.16,No,Sí,Vegetariano,No,Tarjeta,1614,Vegetariano/Vegano,2.0,4.1,847.0,0.02648563557654467
2493630644,64,Femenino,Chicago,Medio,5,17.84,No,Sí,Mariscos,No,Efectivo,2543,Mariscos y pescado,21.0,4.409523809523809,59.142857142857146,0.37930756843800323
7158510019,19,Masculino,Chicago,Medio,2,14.83,Sí,No,Pescado,No,Efectivo,2357,Mariscos y pescado,21.0,4.409523809523809,59.142857142857146,0.37930756843800323
3608683528,44,Femenino,Chicago,Bajo,2,6.88,No,No,Carnes,No,App,1475,Carnes,32.0,4.3125,49.65625,0.45177260331445357
3515205852,62,Masculino,Chicago,Bajo,1,7.4,Sí,Sí,Mariscos,No,Tarjeta,1596,Mariscos y pescado,21.0,4.409523809523809,59.142857142857146,0.37930756843800323
1753911995,28,Masculino,Chicago,Alto,6,6.65,No,Sí,Vegetariano,Sí,Efectivo,5995,Vegetariano/Vegano,2.0,4.1,847.0,0.02648563557654467
2597574443,55,Masculino,Chicago,Muy Alto,5,17.94,Sí,Sí,Vegano,Sí,Efectivo,17827,Vegetariano/Vegano,2.0,4.1,847.0,0.02648563557654467
1997216402,62,Masculino,Chicago,Alto,4,37.77,Sí,Sí,Vegetariano,Sí,Tarjeta,3853,Vegetariano/Vegano,2.0,4.1,847.0,0.02648563557654467
3623960525,49,Femenino,Chicago,Alto,5,22.77,No,No,Vegetariano,Sí,Efectivo,7009,Vegetariano/Vegano,2.0,4.1,847.0,0.02648563557654467
2537971916,38,Femenino,Chicago,Medio,5,29.14,Sí,No,Carnes,Sí,Efectivo,3406,Carnes,32.0,4.3125,49.65625,0.45177260331445357
1729436734,31,Masculino,Chicago,Medio,4,17.16,Sí,Sí,Sin dato,No,App,3441,Sin dato,,,,
8284957430,54,Femenino,Chicago,Muy Alto,5,93.41,No,No,Vegano,Sí,Tarjeta,12746,Vegetariano/Vegano,2.0,4.1,847.0,0.02648563557654467
3586099384,35,Femenino,Chicago,Alto,5,11.28,No,No,Vegano,Sí,Tarjeta,8145,Vegetariano/Vegano,2.0,4.1,847.0,0.02648563557654467
3185386258,72,Femenino,Chicago,Alto,5,16.56,Sí,Sí,Carnes,Sí,Efectivo,6969,Carnes,32.0,4.3125,49.65625,0.45177260331445357
8779941999,33,Femenino,Chicago,Muy Alto,8,66.01,Sí,Sí,Carnes,Sí,Tarjeta,11352,Carnes,32.0,4.3125,49.65625,0.45177260331445357
1768980818,26,Femenino,Chicago,Alto,4,28.13,Sí,Sí,Vegetariano,No,App,8643,Vegetariano/Vegano,2.0,4.1,847.0,0.02648563557654467
4191172361,78,Masculino,Chicago,Alto,5,41.49,No,Sí,Carnes,No,Criptomoneda,5956,Carnes,32.0,4.3125,49.65625,0.45177260331445357
2367255718,44,Masculino,Chicago,Alto,4,55.24,No,Sí,Vegetariano,No,Tarjeta,5755,Vegetariano/Vegano,2.0,4.1,847.0,0.02648563557654467
4677125037,71,Femenino,Chicago,Medio,4,21.71,No,Sí,Carnes,No,Tarjeta,2284,Carnes,32.0,4.3125,49.65625,0.45177260331445357
7274104071,58,Masculino,Chicago,Bajo,3,7.73,Sí,Sí,Carnes,No,Tarjeta,1038,Carnes,32.0,4.3125,49.65625,0.45177260331445357
7208858080,45,Femenino,Chicago,Bajo,0,0.0,Sí,No,Otro,No,App,1381,Otro,191.0,4.39738219895288,3.094240837696335,7.250028200789622
2998662466,46,Femenino,Chicago,Medio,4,18.11,No,Sí,Carnes,No,Tarjeta,2370,Carnes,32.0,4.3125,49.65625,0.45177260331445357
1164438536,59,Masculino,Chicago,Alto,5,55.2,Sí,Sí,Otro,No,Tarjeta,4807,Otro,191.0,4.39738219895288,3.094240837696335,7.250028200789622
8716478411,74,Masculino,Chicago,Muy Alto,7,34.63,Sí,Sí,Otro,Sí,Efectivo,17057,Otro,191.0,4.39738219895288,3.094240837696335,7.250028200789622
8412044740,35,Femenino,Chicago,Muy Alto,6,6.86,Sí,No,Carnes,Sí,Efectivo,17998,Carnes,32.0,4.3125,49.65625,0.45177260331445357
7229869819,33,Masculino,Chicago,Alto,4,54.55,Sí,Sí,Mariscos,Sí,App,8592,Mariscos y pescado,21.0,4.409523809523809,59.142857142857146,0.37930756843800323
6458983423,35,Femenino,Chicago,Medio,5,25.48,No,Sí,Vegano,No,Efectivo,2711,Vegetariano/Vegano,2.0,4.1,847.0,0.02648563557654467
1547762075,24,Femenino,Chicago,Bajo,0,0.0,Sí,Sí,Carnes,No,Efectivo,1162,Carnes,32.0,4.3125,49.65625,0.45177260331445357
1599885633,77,Femenino,Chicago,Medio,4,5.23,No,No,Vegano,No,App,2430,Vegetariano/Vegano,2.0,4.1,847.0,0.02648563557654467
9119796208,42,Femenino,Chicago,Alto,4,51.18,No,Sí,Pescado,Sí,Tarjeta,4830,Mariscos y pescado,21.0,4.409523809523809,59.142857142857146,0.37930756843800323
3856190108,58,Femenino,Chicago,Alto,5,36.89,Sí,No,Carnes,Sí,Criptomoneda,7784,Carnes,32.0,4.3125,49.65625,0.45177260331445357
3131117034,23,Masculino,Chicago,Muy Alto,5,27.9,No,No,Otro,Sí,Efectivo,12181,Otro,191.0,4.39738219895288,3.094240837696335,7.250028200789622
1111691218,54,Masculino,Chicago,Medio,2,8.73,Sí,Sí,Mariscos,Sí,Efectivo,3245,Mariscos y pescado,21.0,4.409523809523809,59.142857142857146,0.37930756843800323
1052580947,48,Femenino,Chicago,Alto,5,34.07,Sí,Sí,Pescado,Sí,Efectivo,7199,Mariscos y pescado,21.0,4.409523809523809,59.142857142857146,0.37930756843800323
3583310753,48,Femenino,Chicago,Alto,4,33.25,Sí,No,Sin dato,Sí,Efectivo,6821,Sin dato,,,,
8048810275,42,Masculino,Chicago,Alto,4,14.76,No,No,Carnes,No,Efectivo,6141,Carnes,32.0,4.3125,49.65625,0.45177260331445357
2393727379,59,Femenino,Chicago,Muy Alto,9,36.88,No,No,Vegetariano,Sí,App,11269,Vegetariano/Vegano,2.0,4.1,847.0,0.02648563557654467
2904308418,57,Masculino,Chicago,Bajo,2,6.06,Sí,Sí,Carnes,No,App,823,Carnes,32.0,4.3125,49.65625,0.45177260331445357
8934559505,35,Femenino,Chicago,Medio,4,15.4,No,No,Pescado,No,Efectivo,3085,Mariscos y pescado,21.0,4.409523809523809,59.142857142857146,0.37930756843800323
8549324944,24,Masculino,Chicago,Bajo,2,6.4,No,Sí,Pescado,No,Tarjeta,1570,Mariscos y pescado,21.0,4.409523809523809,59.142857142857146,0.37930756843800323
6293627385,64,Femenino,Chicago,Medio,5,9.37,Sí,Sí,Pescado,Sí,Efectivo,3473,Mariscos y pescado,21.0,4.409523809523809,59.142857142857146,0.37930756843800323
4544344265,36,Masculino,Chicago,Alto,6,45.16,No,No,Vegano,No,Efectivo,3995,Vegetariano/Vegano,2.0,4.1,847.0,0.02648563557654467
6783367332,28,Masculino,Chicago,Medio,5,28.57,Sí,Sí,Vegano,No,App,3467,Vegetariano/Vegano,2.0,4.1,847.0,0.02648563557654467
7299420031,23,Masculino,Chicago,Alto,5,49.46,Sí,Sí,Carnes,No,Efectivo,5064,Carnes,32.0,4.3125,49.65625,0.45177260331445357
7563042060,26,Masculino,Chicago,Medio,2,10.15,No,Sí,Otro,No,Efectivo,2763,Otro,191.0,4.39738219895288,3.094240837696335,7.250028200789622
9657075293,79,Masculino,Chicago,Alto,4,34.78,Sí,No,Otro,Sí,Tarjeta,6207,Otro,191.0,4.39738219895288,3.094240837696335,7.250028200789622
1610712339,71,Masculino,Chicago,Muy Alto,7,57.33,Sí,Sí,Vegano,No,Efectivo,13029,Vegetariano/Vegano,2.0,4.1,847.0,0.02648563557654467
7113967766,19,Femenino,Chicago,Medio,3,8.45,Sí,Sí,Carnes,No,Tarjeta,2734,Carnes,32.0,4.3125,49.65625,0.45177260331445357
3804234284,34,Femenino,Chicago,Medio,3,22.43,No,No,Carnes,No,App,3076,Carnes,32.0,4.3125,49.65625,0.45177260331445357
3242374038,30,Femenino,Chicago,Alto,4,5.06,Sí,Sí,Pescado,No,Tarjeta,8456,Mariscos y pescado,21.0,4.409523809523809,59.142857142857146,0.37930756843800323
3693254688,58,Femenino,Chicago,Medio,5,20.39,No,Sí,Vegetariano,Sí,Tarjeta,2617,Vegetariano/Vegano,2.0,4.1,847.0,0.02648563557654467
2064521454,66,Femenino,Chicago,Alto,5,59.86,Sí,Sí,Carnes,No,Tarjeta,8159,Carnes,32.0,4.3125,49.65625,0.45177260331445357
8550388932,66,Femenino,Chicago,Bajo,2,9.78,Sí,Sí,Vegetariano,No,App,970,Vegetariano/Vegano,2.0,4.1,847.0,0.02648563557654467
2257246129,44,Masculino,Chicago,Alto,6,12.01,No,Sí,Vegetariano,Sí,Efectivo,7602,Vegetariano/Vegano,2.0,4.1,847.0,0.02648563557654467
6297234154,62,Femenino,Chicago,Muy Alto,6,15.88,No,No,Carnes,Sí,Efectivo,16892,Carnes,32.0,4.3125,49.65625,0.45177260331445357
1667481322,54,Femenino,Chicago,Muy Alto,9,55.99,Sí,No,Vegano,Sí,Efectivo,10701,Vegetariano/Vegano,2.0,4.1,847.0,0.02648563557654467
6412639751,66,Masculino,Chicago,Medio,3,16.19,Sí,Sí,Carnes,No,Tarjeta,2577,Carnes,32.0,4.3125,49.65625,0.45177260331445357
5336547548,38,Femenino,Chicago,Alto,4,58.15,No,Sí,Vegetariano,No,Tarjeta,4863,Vegetariano/Vegano,2.0,4.1,847.0,0.02648563557654467
7204819268,65,Masculino,Chicago,Medio,2,23.82,Sí,No,Carnes,Sí,Efectivo,2548,Carnes,32.0,4.3125,49.65625,0.45177260331445357
9482838229,39,Femenino,Chicago,Alto,6,19.09,Sí,No,Mariscos,Sí,Efectivo,4666,Mariscos y pescado,21.0,4.409523809523809,59.142857142857146,0.37930756843800323
3105367971,34,Femenino,Chicago,Muy Alto,7,99.79,Sí,No,Carnes,Sí,Efectivo,16700,Carnes,32.0,4.3125,49.65625,0.45177260331445357
8687792244,79,Femenino,Chicago,Medio,5,25.27,No,Sí,Carnes,Sí,App,2173,Carnes,32.0,4.3125,49.65625,0.45177260331445357
1641766950,59,Femenino,Chicago,Medio,2,26.61,Sí,Sí,Vegano,No,App,1644,Vegetariano/Vegano,2.0,4.1,847.0,0.02648563557654467
2982979741,28,Femenino,Chicago,Alto,5,34.06,Sí,Sí,Carnes,Sí,Efectivo,4444,Carnes,32.0,4.3125,49.65625,0.45177260331445357
7829772942,72,Masculino,Chicago,Medio,4,27.65,Sí,Sí,Vegano,Sí,App,2908,Vegetariano/Vegano,2.0,4.1,847.0,0.02648563557654467
8376388529,51,Femenino,Chicago,Alto,4,25.98,No,Sí,Vegetariano,Sí,Tarjeta,6967,Vegetariano/Vegano,2.0,4.1,847.0,0.02648563557654467
4827276168,49,Masculino,Chicago,Alto,4,36.02,Sí,Sí,Vegano,No,Efectivo,7582,Vegetariano/Vegano,2.0,4.1,847.0,0.02648563557654467
3577537135,63,Femenino,Chicago,Medio,4,9.03,No,Sí,Vegetariano,No,Efectivo,1900,Vegetariano/Vegano,2.0,4.1,847.0,0.02648563557654467
2075951553,49,Femenino,Chicago,Medio,2,24.73,No,Sí,Carnes,No,Efectivo,2333,Carnes,32.0,4.3125,49.65625,0.45177260331445357
4274674309,72,Femenino,Chicago,Alto,6,12.52,No,Sí,Carnes,Sí,Tarjeta,4644,Carnes,32.0,4.3125,49.65625,0.45177260331445357
6241327333,57,Masculino,Chicago,Medio,3,20.86,Sí,No,Otro,No,Efectivo,2974,Otro,191.0,4.39738219895288,3.094240837696335,7.250028200789622
1774350839,19,Femenino,Chicago,Bajo,3,9.39,Sí,Sí,Vegetariano,No,App,1156,Vegetariano/Vegano,2.0,4.1,847.0,0.02648563557654467
6260969219,40,Masculino,Chicago,Medio,4,5.33,No,No,Otro,No,Tarjeta,2247,Otro,191.0,4.39738219895288,3.094240837696335,7.250028200789622
8831789409,49,Masculino,Chicago,Medio,2,7.32,Sí,Sí,Sin dato,No,Efectivo,3388,Sin dato,,,,
3515554824,78,Femenino,Chicago,Medio,4,19.89,No,Sí,Mariscos,No,App,2321,Mariscos y pescado,21.0,4.409523809523809,59.142857142857146,0.37930756843800323
1539973046,48,Masculino,Chicago,Bajo,2,7.48,No,Sí,Otro,No,Efectivo,1021,Otro,191.0,4.39738219895288,3.094240837696335,7.250028200789622
9630667064,58,Femenino,Chicago,Alto,5,14.1,Sí,Sí,Vegetariano,No,App,5749,Vegetariano/Vegano,2.0,4.1,847.0,0.02648563557654467
3791027186,32,Masculino,Chicago,Alto,5,45.64,No,Sí,Carnes,No,App,4337,Carnes,32.0,4.3125,49.65625,0.45177260331445357
3445528716,66,Femenino,Chicago,Medio,3,11.63,No,Sí,Carnes,No,Efectivo,1828,Carnes,32.0,4.3125,49.65625,0.45177260331445357
2921725848,57,Masculino,Chicago,Alto,5,27.7,No,No,Otro,Sí,Efectivo,5921,Otro,191.0,4.39738219895288,3.094240837696335,7.250028200789622
6826100512,20,Masculino,Chicago,Alto,6,32.24,No,Sí,Sin dato,Sí,Efectivo,5654,Sin dato,,,,
7802288958,26,Masculino,Chicago,Bajo,0,0.0,Sí,Sí,Mariscos,No,Efectivo,1042,Mariscos y pescado,21.0,4.409523809523809,59.142857142857146,0.37930756843800323
6556335281,76,Femenino,Chicago,Muy Alto,7,47.6,No,No,Vegetariano,Sí,Tarjeta,17392,Vegetariano/Vegano,2.0,4.1,847.0,0.02648563557654467
2507978229,27,Femenino,Chicago,Alto,5,17.44,No,Sí,Carnes,Sí,Efectivo,6872,Carnes,32.0,4.3125,49.65625,0.45177260331445357
4314880447,53,Femenino,Chicago,Muy Alto,6,46.44,No,Sí,Vegano,Sí,Tarjeta,15698,Vegetariano/Vegano,2.0,4.1,847.0,0.02648563557654467
2197826153,33,Femenino,Chicago,Bajo,3,6.73,Sí,Sí,Sin dato,No,Efectivo,1211,Sin dato,,,,
2150869943,31,Femenino,Chicago,Muy Alto,6,52.39,No,Sí,Vegano,Sí,Tarjeta,13144,Vegetariano/Vegano,2.0,4.1,847.0,0.02648563557654467
1357826917,65,Femenino,Chicago,Medio,3,18.99,Sí,Sí,Vegetariano,Sí,App,3333,Vegetariano/Vegano,2.0,4.1,847.0,0.02648563557654467
5385564387,33,Masculino,Chicago,Bajo,2,6.57,No,Sí,Mariscos,No,Efectivo,1499,Mariscos y pescado,21.0,4.409523809523809,59.142857142857146,0.37930756843800323
1980034265,34,Masculino,Chicago,Alto,6,26.03,No,No,Vegetariano,Sí,Tarjeta,8533,Vegetariano/Vegano,2.0,4.1,847.0,0.02648563557654467
3578049499,55,Masculino,Chicago,Bajo,0,0.0,No,Sí,Vegetariano,No,App,1537,Vegetariano/Vegano,2.0,4.1,847.0,0.02648563557654467
2239339607,43,Femenino,Chicago,Bajo,2,5.93,No,Sí,Vegetariano,No,Tarjeta,1167,Vegetariano/Vegano,2.0,4.1,847.0,0.02648563557654467
2132402531,49,Masculino,Chicago,Medio,5,13.6,Sí,Sí,Vegetariano,No,Tarjeta,1803,Vegetariano/Vegano,2.0,4.1,847.0,0.02648563557654467
2660370935,71,Femenino,Chicago,Alto,6,14.32,No,Sí,Mariscos,Sí,Tarjeta,8685,Mariscos y pescado,21.0,4.409523809523809,59.142857142857146,0.37930756843800323
3631121893,41,Masculino,Chicago,Muy Alto,8,48.99,No,No,Carnes,Sí,Tarjeta,17858,Carnes,32.0,4.3125,49.65625,0.45177260331445357
7835089112,41,Masculino,Chicago,Medio,2,8.4,Sí,No,Vegetariano,No,App,3058,Vegetariano/Vegano,2.0,4.1,847.0,0.02648563557654467
2923119772,55,Masculino,Chicago,Medio,5,14.68,Sí,Sí,Carnes,Sí,Efectivo,3468,Carnes,32.0,4.3125,49.65625,0.45177260331445357
5274901251,40,Femenino,Chicago,Muy Alto,7,101.02,Sí,No,Vegetariano,Sí,Tarjeta,17040,Vegetariano/Vegano,2.0,4.1,847.0,0.02648563557654467
3609326041,56,Femenino,Chicago,Medio,4,8.31,No,No,Carnes,No,Tarjeta,2193,Carnes,32.0,4.3125,49.65625,0.45177260331445357
9715198114,63,Masculino,Chicago,Alto,6,47.04,Sí,Sí,Pescado,Sí,Efectivo,5346,Mariscos y pescado,21.0,4.409523809523809,59.142857142857146,0.37930756843800323
1399546384,30,Masculino,Chicago,Medio,4,6.65,No,Sí,Pescado,No,App,2112,Mariscos y pescado,21.0,4.409523809523809,59.142857142857146,0.37930756843800323
3755226769,50,Femenino,Chicago,Bajo,2,7.34,Sí,No,Carnes,No,Tarjeta,1095,Carnes,32.0,4.3125,49.65625,0.45177260331445357
5535719338,41,Masculino,Chicago,Muy Alto,9,50.08,Sí,No,Carnes,Sí,Efectivo,9326,Carnes,32.0,4.3125,49.65625,0.45177260331445357
1839955747,39,Femenino,Chicago,Alto,5,6.47,No,Sí,Vegetariano,No,Efectivo,5036,Vegetariano/Vegano,2.0,4.1,847.0,0.02648563557654467
5797146117,34,Masculino,Chicago,Medio,4,7.96,Sí,No,Vegetariano,No,Efectivo,3184,Vegetariano/Vegano,2.0,4.1,847.0,0.02648563557654467
8173099534,54,Femenino,Chicago,Medio,5,26.61,Sí,No,Mariscos,No,Tarjeta,3423,Mariscos y pescado,21.0,4.409523809523809,59.142857142857146,0.37930756843800323
7537130187,45,Femenino,Chicago,Medio,4,14.66,No,No,Carnes,No,Efectivo,3314,Carnes,32.0,4.3125,49.65625,0.45177260331445357
3505166183,35,Femenino,Chicago,Bajo,1,7.69,No,Sí,Carnes,No,Efectivo,1472,Carnes,32.0,4.3125,49.65625,0.45177260331445357
6981094465,34,Femenino,Chicago,Alto,6,23.57,No,Sí,Carnes,Sí,App,6736,Carnes,32.0,4.3125,49.65625,0.45177260331445357
6927279595,56,Masculino,Chicago,Muy Alto,9,34.2,Sí,Sí,Pescado,Sí,Tarjeta,11867,Mariscos y pescado,21.0,4.409523809523809,59.142857142857146,0.37930756843800323
1441048728,65,Masculino,Chicago,Medio,3,19.26,Sí,Sí,Otro,No,Efectivo,2674,Otro,191.0,4.39738219895288,3.094240837696335,7.250028200789622
6581198987,63,Masculino,Chicago,Medio,2,27.53,Sí,No,Carnes,No,Tarjeta,2614,Carnes,32.0,4.3125,49.65625,0.45177260331445357
1267312050,27,Masculino,Chicago,Muy Alto,6,37.79,Sí,Sí,Mariscos,Sí,Tarjeta,15021,Mariscos y pescado,21.0,4.409523809523809,59.142857142857146,0.37930756843800323
5297869651,46,Femenino,Chicago,Bajo,0,0.0,Sí,No,Sin dato,No,Tarjeta,947,Sin dato,,,,
3951087403,49,Masculino,Chicago,Bajo,3,7.95,No,Sí,Vegano,No,App,1130,Vegetariano/Vegano,2.0,4.1,847.0,0.02648563557654467
6381757026,27,Masculino,Chicago,Bajo,1,5.52,No,No,Otro,No,Efectivo,1220,Otro,191.0,4.39738219895288,3.094240837696335,7.250028200789622
4928726409,29,Femenino,Chicago,Medio,2,26.91,No,Sí,Mariscos,No,Efectivo,2956,Mariscos y pescado,21.0,4.409523809523809,59.142857142857146,0.37930756843800323
6570981737,47,Femenino,Chicago,Muy Alto,5,62.15,Sí,No,Vegetariano,Sí,Efectivo,16697,Vegetariano/Vegano,2.0,4.1,847.0,0.02648563557654467
9461708554,54,Masculino,Chicago,Muy Alto,6,56.32,No,No,Carnes,Sí,Efectivo,16272,Carnes,32.0,4.3125,49.65625,0.45177260331445357
8062791807,66,Femenino,Chicago,Bajo,2,5.46,Sí,Sí,Otro,No,Tarjeta,1207,Otro,191.0,4.39738219895288,3.094240837696335,7.250028200789622
8993860620,41,Masculino,Chicago,Alto,4,33.73,Sí,Sí,Pescado,No,App,4003,Mariscos y pescado,21.0,4.409523809523809,59.142857142857146,0.37930756843800323
5039038239,22,Femenino,Chicago,Medio,3,25.75,No,Sí,Vegetariano,No,App,2914,Vegetariano/Vegano,2.0,4.1,847.0,0.02648563557654467
9125975646,27,Masculino,Chicago,Alto,6,28.15,Sí,Sí,Vegano,Sí,App,5874,Vegetariano/Vegano,2.0,4.1,847.0,0.02648563557654467
2870403050,76,Femenino,Chicago,Medio,2,15.09,No,No,Carnes,No,Tarjeta,2986,Carnes,32.0,4.3125,49.65625,0.45177260331445357
7565362577,49,Masculino,Chicago,Medio,4,25.51,No,No,Otro,No,Efectivo,1823,Otro,191.0,4.39738219895288,3.094240837696335,7.250028200789622
4527619641,42,Masculino,Chicago,Medio,4,5.85,Sí,Sí,Carnes,No,Tarjeta,3024,Carnes,32.0,4.3125,49.65625,0.45177260331445357
7126966750,24,Masculino,Chicago,Medio,3,12.03,Sí,Sí,Carnes,No,Criptomoneda,2646,Carnes,32.0,4.3125,49.65625,0.45177260331445357
8513391357,54,Femenino,Chicago,Medio,3,20.21,No,No,Carnes,No,Tarjeta,1678,Carnes,32.0,4.3125,49.65625,0.45177260331445357
9348252752,47,Femenino,Chicago,Alto,4,7.32,No,No,Vegetariano,Sí,Efectivo,7879,Vegetariano/Vegano,2.0,4.1,847.0,0.02648563557654467
1630243755,56,Masculino,Chicago,Medio,5,13.42,No,Sí,Otro,No,Tarjeta,3319,Otro,191.0,4.39738219895288,3.094240837696335,7.250028200789622
2796767276,75,Femenino,Chicago,Alto,5,57.72,No,Sí,Pescado,Sí,App,3968,Mariscos y pescado,21.0,4.409523809523809,59.142857142857146,0.37930756843800323
7689653425,47,Masculino,Chicago,Alto,4,50.67,No,Sí,Mariscos,Sí,App,3792,Mariscos y pescado,21.0,4.409523809523809,59.142857142857146,0.37930756843800323
7395715470,47,Femenino,Chicago,Alto,4,19.89,No,Sí,Sin dato,Sí,Efectivo,3965,Sin dato,,,,
9561936242,31,Femenino,Chicago,Medio,5,29.05,No,Sí,Mariscos,No,App,2820,Mariscos y pescado,21.0,4.409523809523809,59.142857142857146,0.37930756843800323
2885370603,39,Masculino,Chicago,Alto,5,11.26,Sí,No,Sin dato,Sí,App,5351,Sin dato,,,,
4258211282,19,Masculino,Chicago,Muy Alto,8,98.53,No,Sí,Mariscos,Sí,Tarjeta,14494,Mariscos y pescado,21.0,4.409523809523809,59.142857142857146,0.37930756843800323
8285000265,48,Masculino,Chicago,Alto,6,32.955,Sí,No,Vegetariano,Sí,Tarjeta,3676,Vegetariano/Vegano,2.0,4.1,847.0,0.02648563557654467
5057237212,75,Masculino,Chicago,Medio,4,23.83,No,Sí,Otro,No,Tarjeta,2902,Otro,191.0,4.39738219895288,3.094240837696335,7.250028200789622
6130802891,65,Masculino,Chicago,Alto,6,5.4,No,Sí,Pescado,Sí,App,5343,Mariscos y pescado,21.0,4.409523809523809,59.142857142857146,0.37930756843800323
8963764550,34,Masculino,Chicago,Muy Alto,7,97.55,Sí,Sí,Otro,Sí,App,12960,Otro,191.0,4.39738219895288,3.094240837696335,7.250028200789622
2613385303,63,Masculino,Chicago,Bajo,3,5.81,Sí,No,Vegetariano,No,Tarjeta,1166,Vegetariano/Vegano,2.0,4.1,847.0,0.02648563557654467
7633210085,44,Masculino,Chicago,Medio,5,27.01,No,Sí,Mariscos,Sí,Tarjeta,2186,Mariscos y pescado,21.0,4.409523809523809,59.142857142857146,0.37930756843800323
5629152600,37,Femenino,Chicago,Alto,5,10.3,Sí,No,Vegano,No,App,3722,Vegetariano/Vegano,2.0,4.1,847.0,0.02648563557654467
3691907159,47,Femenino,Chicago,Alto,5,11.38,Sí,No,Vegetariano,No,Tarjeta,6990,Vegetariano/Vegano,2.0,4.1,847.0,0.02648563557654467
8194515431,21,Femenino,Chicago,Bajo,3,5.32,No,No,Carnes,No,Tarjeta,1246,Carnes,32.0,4.3125,49.65625,0.45177260331445357
1600406558,61,Masculino,Chicago,Medio,4,14.57,Sí,No,Carnes,No,Efectivo,2472,Carnes,32.0,4.3125,49.65625,0.45177260331445357
6354103244,79,Femenino,Chicago,Medio,2,26.62,Sí,Sí,Pescado,No,App,2070,Mariscos y pescado,21.0,4.409523809523809,59.142857142857146,0.37930756843800323
2477768153,40,Femenino,Chicago,Muy Alto,7,49.0,Sí,No,Mariscos,Sí,App,15183,Mariscos y pescado,21.0,4.409523809523809,59.142857142857146,0.37930756843800323
5666668985,44,Masculino,Chicago,Muy Alto,7,11.81,No,No,Carnes,Sí,Tarjeta,16825,Carnes,32.0,4.3125,49.65625,0.45177260331445357
2678685838,19,Femenino,Chicago,Medio,2,25.88,No,Sí,Carnes,No,Efectivo,2545,Carnes,32.0,4.3125,49.65625,0.45177260331445357
8598524050,32,Femenino,Chicago,Medio,5,21.08,No,Sí,Pescado,No,Efectivo,3054,Mariscos y pescado,21.0,4.409523809523809,59.142857142857146,0.37930756843800323
9295007661,24,Masculino,Chicago,Medio,3,10.2,Sí,Sí,Sin dato,No,Efectivo,2576,Sin dato,,,,
9720163152,41,Femenino,Chicago,Alto,5,47.79,No,Sí,Vegetariano,Sí,Tarjeta,3509,Vegetariano/Vegano,2.0,4.1,847.0,0.02648563557654467
8031779095,37,Femenino,Chicago,Medio,3,9.58,No,Sí,Vegano,No,Tarjeta,2531,Vegetariano/Vegano,2.0,4.1,847.0,0.02648563557654467
6698204494,47,Femenino,Chicago,Muy Alto,7,51.89,No,No,Pescado,Sí,Efectivo,12626,Mariscos y pescado,21.0,4.409523809523809,59.142857142857146,0.37930756843800323
5323593724,80,Femenino,Chicago,Muy Alto,10,97.73,No,No,Mariscos,Sí,Efectivo,9427,Mariscos y pescado,21.0,4.409523809523809,59.142857142857146,0.37930756843800323
7601519165,50,Femenino,Chicago,Bajo,2,7.84,No,Sí,Pescado,No,Tarjeta,804,Mariscos y pescado,21.0,4.409523809523809,59.142857142857146,0.37930756843800323
5558971767,38,Masculino,Chicago,Bajo,0,0.0,No,No,Otro,No,App,1373,Otro,191.0,4.39738219895288,3.094240837696335,7.250028200789622
8945894167,24,Masculino,Chicago,Medio,2,25.26,No,Sí,Vegano,No,App,3041,Vegetariano/Vegano,2.0,4.1,847.0,0.02648563557654467
6879780418,34,Masculino,Chicago,Medio,4,20.12,Sí,No,Carnes,Sí,App,2294,Carnes,32.0,4.3125,49.65625,0.45177260331445357
2891485862,64,Femenino,Chicago,Medio,3,22.8,Sí,Sí,Vegetariano,No,Efectivo,2897,Vegetariano/Vegano,2.0,4.1,847.0,0.02648563557654467
6200536621,34,Femenino,Chicago,Medio,2,11.91,Sí,Sí,Vegano,Sí,Efectivo,2477,Vegetariano/Vegano,2.0,4.1,847.0,0.02648563557654467
5639395969,68,Masculino,Chicago,Bajo,0,0.0,Sí,Sí,Pescado,No,Efectivo,1597,Mariscos y pescado,21.0,4.409523809523809,59.142857142857146,0.37930756843800323
2939053184,44,Femenino,Chicago,Bajo,2,5.36,Sí,Sí,Carnes,No,App,1288,Carnes,32.0,4.3125,49.65625,0.45177260331445357
7258917304,29,Masculino,Chicago,Alto,4,10.61,Sí,Sí,Carnes,Sí,Efectivo,7921,Carnes,32.0,4.3125,49.65625,0.45177260331445357
5693990003,62,Masculino,Chicago,Muy Alto,9,87.62,Sí,Sí,Vegetariano,Sí,Efectivo,15563,Vegetariano/Vegano,2.0,4.1,847.0,0.02648563557654467
6886292931,45,Masculino,Chicago,Alto,6,55.52,No,Sí,Carnes,Sí,Efectivo,7331,Carnes,32.0,4.3125,49.65625,0.45177260331445357
3452015472,23,Masculino,Chicago,Muy Alto,10,26.62,No,Sí,Carnes,Sí,Efectivo,10958,Carnes,32.0,4.3125,49.65625,0.45177260331445357
7547784647,52,Masculino,Chicago,Bajo,0,0.0,Sí,Sí,Vegano,No,Tarjeta,1082,Vegetariano/Vegano,2.0,4.1,847.0,0.02648563557654467
3179450816,37,Femenino,Chicago,Medio,4,17.92,No,No,Carnes,No,Efectivo,3022,Carnes,32.0,4.3125,49.65625,0.45177260331445357
8341210227,50,Femenino,Chicago,Muy Alto,8,37.58,Sí,No,Carnes,Sí,Tarjeta,17673,Carnes,32.0,4.3125,49.65625,0.45177260331445357
9380859857,68,Femenino,Chicago,Medio,5,28.51,No,Sí,Vegetariano,No,App,2276,Vegetariano/Vegano,2.0,4.1,847.0,0.02648563557654467
6135709934,34,Masculino,Chicago,Medio,2,9.9,No,No,Otro,No,Tarjeta,2091,Otro,191.0,4.39738219895288,3.094240837696335,7.250028200789622
8192642678,22,Masculino,Chicago,Muy Alto,6,94.46,Sí,Sí,Mariscos,Sí,Efectivo,10241,Mariscos y pescado,21.0,4.409523809523809,59.142857142857146,0.37930756843800323
4103653761,51,Femenino,Chicago,Medio,3,19.57,No,No,Vegetariano,No,App,2058,Vegetariano/Vegano,2.0,4.1,847.0,0.02648563557654467
6546608398,67,Masculino,Chicago,Medio,2,15.37,No,Sí,Vegetariano,No,Efectivo,1856,Vegetariano/Vegano,2.0,4.1,847.0,0.02648563557654467
5076173494,19,Masculino,Chicago,Alto,6,12.91,No,Sí,Vegano,Sí,App,6083,Vegetariano/Vegano,2.0,4.1,847.0,0.02648563557654467
7203964247,30,Masculino,Chicago,Bajo,0,0.0,Sí,Sí,Vegetariano,No,Efectivo,1345,Vegetariano/Vegano,2.0,4.1,847.0,0.02648563557654467
5984293531,37,Masculino,Chicago,Medio,5,12.9,Sí,No,Sin dato,No,App,1910,Sin dato,,,,
6673825968,39,Masculino,Chicago,Alto,4,47.07,No,Sí,Vegano,Sí,App,4192,Vegetariano/Vegano,2.0,4.1,847.0,0.02648563557654467
7033153366,73,Masculino,Chicago,Alto,4,49.21,No,Sí,Mariscos,Sí,Efectivo,7348,Mariscos y pescado,21.0,4.409523809523809,59.142857142857146,0.37930756843800323
4895855358,56,Femenino,Chicago,Muy Alto,10,44.75,No,Sí,Vegetariano,Sí,Tarjeta,11945,Vegetariano/Vegano,2.0,4.1,847.0,0.02648563557654467
7112170507,42,Masculino,Chicago,Alto,4,32.8,Sí,No,Sin dato,No,App,6535,Sin dato,,,,
5641648217,18,Femenino,Chicago,Bajo,3,7.52,Sí,Sí,Carnes,No,Tarjeta,1258,Carnes,32.0,4.3125,49.65625,0.45177260331445357
6659127769,35,Masculino,Chicago,Medio,4,10.23,No,Sí,Mariscos,No,Tarjeta,1616,Mariscos y pescado,21.0,4.409523809523809,59.142857142857146,0.37930756843800323
5756727052,43,Masculino,Chicago,Alto,6,29.86,Sí,Sí,Mariscos,Sí,Tarjeta,7169,Mariscos y pescado,21.0,4.409523809523809,59.142857142857146,0.37930756843800323
5428855031,35,Femenino,Chicago,Medio,3,9.97,No,No,Carnes,Sí,Efectivo,2632,Carnes,32.0,4.3125,49.65625,0.45177260331445357
6886609703,37,Masculino,Chicago,Medio,4,28.93,No,Sí,Mariscos,No,Tarjeta,2857,Mariscos y pescado,21.0,4.409523809523809,59.142857142857146,0.37930756843800323
2875723257,58,Masculino,Chicago,Alto,5,6.49,No,Sí,Mariscos,Sí,App,8369,Mariscos y pescado,21.0,4.409523809523809,59.142857142857146,0.37930756843800323
2153273805,28,Masculino,Chicago,Bajo,3,8.3,No,Sí,Vegetariano,No,Efectivo,1276,Vegetariano/Vegano,2.0,4.1,847.0,0.02648563557654467
1638384385,43,Masculino,Chicago,Bajo,2,8.82,No,Sí,Otro,No,Efectivo,1175,Otro,191.0,4.39738219895288,3.094240837696335,7.250028200789622
4691002694,43,Masculino,Chicago,Medio,5,9.17,Sí,No,Pescado,No,Tarjeta,2457,Mariscos y pescado,21.0,4.409523809523809,59.142857142857146,0.37930756843800323
6354673685,39,Femenino,Chicago,Bajo,1,5.47,No,No,Mariscos,No,Tarjeta,1084,Mariscos y pescado,21.0,4.409523809523809,59.142857142857146,0.37930756843800323
6949909066,48,Masculino,Chicago,Bajo,3,6.03,Sí,No,Carnes,No,Tarjeta,1254,Carnes,32.0,4.3125,49.65625,0.45177260331445357
3476426797,25,Masculino,Chicago,Medio,3,7.37,Sí,Sí,Carnes,No,App,3218,Carnes,32.0,4.3125,49.65625,0.45177260331445357
7450094573,56,Femenino,Chicago,Alto,5,16.73,No,Sí,Vegetariano,No,Tarjeta,4089,Vegetariano/Vegano,2.0,4.1,847.0,0.02648563557654467
7098849168,52,Femenino,Chicago,Medio,5,20.91,Sí,No,Carnes,No,App,2313,Carnes,32.0,4.3125,49.65625,0.45177260331445357
2550251083,53,Femenino,Chicago,Muy Alto,7,43.43,No,Sí,Carnes,Sí,Criptomoneda,12878,Carnes,32.0,4.3125,49.65625,0.45177260331445357
7403540599,71,Masculino,Chicago,Bajo,3,8.46,Sí,No,Carnes,No,Efectivo,1252,Carnes,32.0,4.3125,49.65625,0.45177260331445357
1273339890,54,Femenino,Chicago,Medio,4,13.31,Sí,No,Carnes,Sí,Efectivo,1992,Carnes,32.0,4.3125,49.65625,0.45177260331445357
2382352682,71,Femenino,Chicago,Alto,4,18.62,No,No,Vegetariano,No,Tarjeta,4342,Vegetariano/Vegano,2.0,4.1,847.0,0.02648563557654467
3740779511,55,Femenino,Chicago,Medio,3,8.06,No,No,Vegano,No,Tarjeta,2369,Vegetariano/Vegano,2.0,4.1,847.0,0.02648563557654467
4855591282,25,Masculino,Chicago,Bajo,0,0.0,Sí,Sí,Carnes,No,Tarjeta,1503,Carnes,32.0,4.3125,49.65625,0.45177260331445357
3360152814,48,Femenino,Chicago,Medio,3,29.76,No,Sí,Vegetariano,No,Efectivo,3083,Vegetariano/Vegano,2.0,4.1,847.0,0.02648563557654467
4492602049,67,Masculino,Chicago,Medio,5,7.67,No,Sí,Mariscos,Sí,App,2739,Mariscos y pescado,21.0,4.409523809523809,59.142857142857146,0.37930756843800323
9309279227,50,Masculino,Chicago,Bajo,3,6.94,Sí,Sí,Carnes,No,Tarjeta,1101,Carnes,32.0,4.3125,49.65625,0.45177260331445357
9807334446,28,Masculino,Chicago,Bajo,1,8.04,Sí,Sí,Carnes,No,App,1003,Carnes,32.0,4.3125,49.65625,0.45177260331445357
4698889914,79,Masculino,Chicago,Bajo,1,9.38,No,Sí,Vegetariano,No,Criptomoneda,1379,Vegetariano/Vegano,2.0,4.1,847.0,0.02648563557654467
6297328564,46,Masculino,Chicago,Medio,5,20.29,No,No,Pescado,No,App,2086,Mariscos y pescado,21.0,4.409523809523809,59.142857142857146,0.37930756843800323
6583604299,50,Masculino,Chicago,Medio,5,22.53,Sí,Sí,Vegano,No,Tarjeta,3072,Vegetariano/Vegano,2.0,4.1,847.0,0.02648563557654467
9661986370,26,Femenino,Chicago,Muy Alto,7,55.16,Sí,Sí,Sin dato,Sí,Tarjeta,10773,Sin dato,,,,
2659312571,65,Masculino,Chicago,Medio,4,18.24,Sí,Sí,Vegetariano,No,App,2374,Vegetariano/Vegano,2.0,4.1,847.0,0.02648563557654467
4626852472,33,Femenino,Chicago,Alto,6,12.89,No,No,Mariscos,Sí,Tarjeta,4151,Mariscos y pescado,21.0,4.409523809523809,59.142857142857146,0.37930756843800323
1071808601,43,Masculino,Chicago,Medio,4,16.08,No,No,Vegetariano,No,Efectivo,2496,Vegetariano/Vegano,2.0,4.1,847.0,0.02648563557654467
1884095374,21,Masculino,Chicago,Medio,5,29.87,Sí,No,Vegetariano,No,Tarjeta,2470,Vegetariano/Vegano,2.0,4.1,847.0,0.02648563557654467
5579497553,37,Femenino,Chicago,Bajo,3,6.32,No,Sí,Vegetariano,No,App,1189,Vegetariano/Vegano,2.0,4.1,847.0,0.02648563557654467
6329323383,37,Masculino,Chicago,Bajo,3,8.34,No,No,Vegetariano,No,Tarjeta,884,Vegetariano/Vegano,2.0,4.1,847.0,0.02648563557654467
9861449701,67,Masculino,Chicago,Medio,3,27.72,Sí,Sí,Vegetariano,No,App,2352,Vegetariano/Vegano,2.0,4.1,847.0,0.02648563557654467
9658463073,56,Femenino,Chicago,Alto,5,37.82,No,No,Carnes,Sí,Efectivo,5765,Carnes,32.0,4.3125,49.65625,0.45177260331445357
6843483605,45,Masculino,Chicago,Medio,5,29.54,No,Sí,Vegano,No,Efectivo,2884,Vegetariano/Vegano,2.0,4.1,847.0,0.02648563557654467
1373402817,75,Masculino,Chicago,Medio,2,20.61,Sí,No,Otro,No,App,1781,Otro,191.0,4.39738219895288,3.094240837696335,7.250028200789622
2796763439,63,Masculino,Chicago,Bajo,3,8.11,Sí,Sí,Vegano,No,Tarjeta,1292,Vegetariano/Vegano,2.0,4.1,847.0,0.02648563557654467
1513011414,29,Femenino,Chicago,Muy Alto,8,91.35,Sí,No,Mariscos,Sí,App,10267,Mariscos y pescado,21.0,4.409523809523809,59.142857142857146,0.37930756843800323
5212448342,50,Femenino,Chicago,Medio,5,21.06,Sí,Sí,Mariscos,No,Efectivo,2115,Mariscos y pescado,21.0,4.409523809523809,59.142857142857146,0.37930756843800323
3900874598,28,Femenino,Chicago,Alto,4,58.24,No,Sí,Vegetariano,Sí,App,6613,Vegetariano/Vegano,2.0,4.1,847.0,0.02648563557654467
1832516419,45,Femenino,Chicago,Muy Alto,5,87.91,Sí,No,Vegetariano,Sí,Efectivo,16857,Vegetariano/Vegano,2.0,4.1,847.0,0.02648563557654467
1686146177,27,Femenino,Chicago,Medio,5,10.57,Sí,Sí,Vegano,No,Efectivo,1946,Vegetariano/Vegano,2.0,4.1,847.0,0.02648563557654467
4096932037,54,Masculino,Chicago,Bajo,3,7.67,No,Sí,Otro,No,Efectivo,1010,Otro,191.0,4.39738219895288,3.094240837696335,7.250028200789622
9209455179,63,Masculino,Chicago,Medio,5,11.24,No,Sí,Vegetariano,Sí,Efectivo,2730,Vegetariano/Vegano,2.0,4.1,847.0,0.02648563557654467
8420218744,74,Masculino,Chicago,Alto,4,9.06,Sí,No,Vegano,Sí,Tarjeta,4540,Vegetariano/Vegano,2.0,4.1,847.0,0.02648563557654467
1005999460,39,Femenino,Chicago,Alto,5,50.17,No,Sí,Vegano,No,App,4638,Vegetariano/Vegano,2.0,4.1,847.0,0.02648563557654467
3537040461,75,Masculino,Chicago,Medio,2,21.23,No,Sí,Carnes,No,App,2045,Carnes,32.0,4.3125,49.65625,0.45177260331445357
4723218268,69,Masculino,Chicago,Alto,6,47.54,Sí,Sí,Otro,Sí,Tarjeta,8419,Otro,191.0,4.39738219895288,3.094240837696335,7.250028200789622
2374515132,32,Masculino,Chicago,Muy Alto,6,88.09,Sí,No,Mariscos,Sí,Criptomoneda,15529,Mariscos y pescado,21.0,4.409523809523809,59.142857142857146,0.37930756843800323
4232514826,46,Masculino,Chicago,Bajo,3,7.07,Sí,Sí,Vegetariano,No,Efectivo,1220,Vegetariano/Vegano,2.0,4.1,847.0,0.02648563557654467
8038816287,19,Femenino,Chicago,Alto,6,36.26,No,Sí,Vegetariano,Sí,Efectivo,8138,Vegetariano/Vegano,2.0,4.1,847.0,0.02648563557654467
9037064785,52,Masculino,Chicago,Medio,3,15.08,No,Sí,Vegetariano,Sí,Tarjeta,3308,Vegetariano/Vegano,2.0,4.1,847.0,0.02648563557654467
8064892493,45,Masculino,Chicago,Alto,4,43.71,No,No,Carnes,Sí,Criptomoneda,6662,Carnes,32.0,4.3125,49.65625,0.45177260331445357
7067829214,72,Masculino,Chicago,Alto,4,59.38,No,Sí,Pescado,Sí,Efectivo,8449,Mariscos y pescado,21.0,4.409523809523809,59.142857142857146,0.37930756843800323
9106922164,46,Masculino,Chicago,Medio,5,28.45,No,Sí,Sin dato,No,Efectivo,1688,Sin dato,,,,
1908867660,36,Masculino,Chicago,Medio,5,14.21,Sí,No,Vegano,No,Efectivo,3238,Vegetariano/Vegano,2.0,4.1,847.0,0.02648563557654467
1632080196,32,Femenino,Chicago,Muy Alto,5,70.86,Sí,No,Carnes,Sí,Efectivo,15998,Carnes,32.0,4.3125,49.65625,0.45177260331445357
4794295807,64,Femenino,Chicago,Alto,5,10.13,No,Sí,Vegetariano,Sí,App,4408,Vegetariano/Vegano,2.0,4.1,847.0,0.02648563557654467
7238188172,58,Masculino,Chicago,Alto,5,56.92,Sí,Sí,Pescado,Sí,Tarjeta,8216,Mariscos y pescado,21.0,4.409523809523809,59.142857142857146,0.37930756843800323
9555645444,52,Femenino,Chicago,Medio,5,6.62,Sí,No,Pescado,No,Efectivo,2127,Mariscos y pescado,21.0,4.409523809523809,59.142857142857146,0.37930756843800323
1249469264,53,Masculino,Chicago,Alto,6,57.95,No,No,Mariscos,No,Tarjeta,8515,Mariscos y pescado,21.0,4.409523809523809,59.142857142857146,0.37930756843800323
4046647159,35,Masculino,Chicago,Bajo,2,6.0,Sí,Sí,Pescado,No,Tarjeta,992,Mariscos y pescado,21.0,4.409523809523809,59.142857142857146,0.37930756843800323
1065317986,58,Masculino,Chicago,Bajo,1,5.01,Sí,No,Mariscos,No,Efectivo,1183,Mariscos y pescado,21.0,4.409523809523809,59.142857142857146,0.37930756843800323
5357436824,38,Masculino,Chicago,Bajo,3,7.01,No,No,Carnes,No,Efectivo,996,Carnes,32.0,4.3125,49.65625,0.45177260331445357
7444823375,75,Masculino,Chicago,Alto,4,40.4,Sí,Sí,Sin dato,Sí,Tarjeta,7636,Sin dato,,,,
8972064951,73,Femenino,Chicago,Alto,6,56.09,Sí,Sí,Mariscos,Sí,Efectivo,5196,Mariscos y pescado,21.0,4.409523809523809,59.142857142857146,0.37930756843800323
7534087794,70,Masculino,Chicago,Bajo,0,0.0,Sí,Sí,Vegetariano,No,Efectivo,823,Vegetariano/Vegano,2.0,4.1,847.0,0.02648563557654467
9224187354,35,Masculino,Chicago,Bajo,0,0.0,No,No,Vegetariano,No,Efectivo,1374,Vegetariano/Vegano,2.0,4.1,847.0,0.02648563557654467
5155325177,64,Femenino,Chicago,Bajo,0,0.0,No,Sí,Vegano,No,App,1544,Vegetariano/Vegano,2.0,4.1,847.0,0.02648563557654467
1642756977,29,Femenino,Chicago,Muy Alto,6,30.03,No,Sí,Vegano,Sí,Tarjeta,12674,Vegetariano/Vegano,2.0,4.1,847.0,0.02648563557654467
7904847902,43,Femenino,Chicago,Bajo,3,6.17,No,No,Carnes,No,Efectivo,1550,Carnes,32.0,4.3125,49.65625,0.45177260331445357
1629176876,29,Masculino,Chicago,Alto,5,28.23,No,Sí,Pescado,Sí,Tarjeta,5956,Mariscos y pescado,21.0,4.409523809523809,59.142857142857146,0.37930756843800323
4689605624,65,Masculino,Chicago,Medio,4,7.11,Sí,Sí,Carnes,Sí,Efectivo,2583,Carnes,32.0,4.3125,49.65625,0.45177260331445357
1599182988,36,Femenino,Chicago,Alto,6,37.06,Sí,No,Vegetariano,No,Efectivo,3516,Vegetariano/Vegano,2.0,4.1,847.0,0.02648563557654467
8758666830,78,Femenino,Chicago,Muy Alto,5,37.69,No,No,Vegetariano,No,Tarjeta,16745,Vegetariano/Vegano,2.0,4.1,847.0,0.02648563557654467
8405254370,77,Femenino,Chicago,Alto,6,53.12,Sí,No,Carnes,Sí,Tarjeta,3557,Carnes,32.0,4.3125,49.65625,0.45177260331445357
2583296780,50,Masculino,Chicago,Bajo,0,0.0,Sí,Sí,Carnes,No,Tarjeta,1583,Carnes,32.0,4.3125,49.65625,0.45177260331445357
1032431508,65,Masculino,Chicago,Medio,2,23.8,Sí,No,Mariscos,No,Tarjeta,3156,Mariscos y pescado,21.0,4.409523809523809,59.142857142857146,0.37930756843800323
5398299195,65,Femenino,Chicago,Alto,4,57.53,Sí,No,Carnes,Sí,App,4904,Carnes,32.0,4.3125,49.65625,0.45177260331445357
3896165215,31,Masculino,Chicago,Muy Alto,9,34.43,Sí,Sí,Carnes,No,Tarjeta,11901,Carnes,32.0,4.3125,49.65625,0.45177260331445357
7799268020,44,Masculino,Chicago,Muy Alto,7,57.97,Sí,Sí,Otro,Sí,Efectivo,11944,Otro,191.0,4.39738219895288,3.094240837696335,7.250028200789622
4479752115,28,Femenino,Chicago,Alto,6,10.04,Sí,Sí,Mariscos,No,App,7039,Mariscos y pescado,21.0,4.409523809523809,59.142857142857146,0.37930756843800323
8387664437,51,Masculino,Chicago,Muy Alto,7,50.46,No,No,Vegetariano,Sí,App,14990,Vegetariano/Vegano,2.0,4.1,847.0,0.02648563557654467
2935933722,45,Masculino,Chicago,Muy Alto,10,68.52,No,No,Vegano,Sí,Efectivo,17473,Vegetariano/Vegano,2.0,4.1,847.0,0.02648563557654467
6314792428,45,Masculino,Chicago,Alto,5,25.53,Sí,Sí,Otro,Sí,Efectivo,3605,Otro,191.0,4.39738219895288,3.094240837696335,7.250028200789622
7700427495,26,Masculino,Chicago,Medio,4,17.575,Sí,Sí,Pescado,No,App,2547,Mariscos y pescado,21.0,4.409523809523809,59.142857142857146,0.37930756843800323
2059843940,27,Femenino,Chicago,Alto,5,14.49,No,Sí,Pescado,Sí,App,8798,Mariscos y pescado,21.0,4.409523809523809,59.142857142857146,0.37930756843800323
2406772445,68,Femenino,Chicago,Muy Alto,7,73.6,No,No,Vegetariano,Sí,Efectivo,9229,Vegetariano/Vegano,2.0,4.1,847.0,0.02648563557654467
2059195303,40,Femenino,Chicago,Alto,6,50.38,No,Sí,Vegetariano,Sí,App,4442,Vegetariano/Vegano,2.0,4.1,847.0,0.02648563557654467
7831049288,77,Masculino,Chicago,Muy Alto,6,49.44,Sí,No,Vegano,Sí,Efectivo,11193,Vegetariano/Vegano,2.0,4.1,847.0,0.02648563557654467
4175084884,36,Femenino,Chicago,Alto,4,19.45,Sí,No,Sin dato,Sí,Efectivo,7189,Sin dato,,,,
6260070169,67,Femenino,Chicago,Medio,2,5.96,No,No,Pescado,No,Tarjeta,2419,Mariscos y pescado,21.0,4.409523809523809,59.142857142857146,0.37930756843800323
9930976126,28,Femenino,Chicago,Bajo,1,6.06,No,Sí,Vegano,No,Efectivo,1122,Vegetariano/Vegano,2.0,4.1,847.0,0.02648563557654467
8012278776,42,Masculino,Chicago,Medio,4,17.62,No,Sí,Carnes,No,Efectivo,2285,Carnes,32.0,4.3125,49.65625,0.45177260331445357
2621844795,29,Masculino,Chicago,Muy Alto,6,98.14,Sí,No,Carnes,Sí,Efectivo,15591,Carnes,32.0,4.3125,49.65625,0.45177260331445357
9816845002,46,Femenino,Chicago,Alto,6,34.78,No,Sí,Vegetariano,Sí,App,8636,Vegetariano/Vegano,2.0,4.1,847.0,0.02648563557654467
6118390397,25,Masculino,Chicago,Medio,5,27.09,No,Sí,Vegetariano,No,Tarjeta,1979,Vegetariano/Vegano,2.0,4.1,847.0,0.02648563557654467
5914925367,24,Femenino,Chicago,Medio,2,11.96,Sí,Sí,Carnes,No,Efectivo,1788,Carnes,32.0,4.3125,49.65625,0.45177260331445357
8001346068,29,Masculino,Chicago,Alto,5,11.48,No,Sí,Otro,Sí,Tarjeta,8815,Otro,191.0,4.39738219895288,3.094240837696335,7.250028200789622
5345436228,80,Masculino,Chicago,Alto,4,37.75,No,Sí,Carnes,Sí,Tarjeta,7524,Carnes,32.0,4.3125,49.65625,0.45177260331445357
5462774644,63,Masculino,Chicago,Bajo,2,5.02,Sí,Sí,Carnes,No,Efectivo,1444,Carnes,32.0,4.3125,49.65625,0.45177260331445357
8199591770,27,Femenino,Chicago,Bajo,3,6.31,Sí,Sí,Otro,No,Tarjeta,1093,Otro,191.0,4.39738219895288,3.094240837696335,7.250028200789622
9940686553,26,Masculino,Chicago,Bajo,3,8.24,Sí,Sí,Carnes,No,Tarjeta,1126,Carnes,32.0,4.3125,49.65625,0.45177260331445357
6895274942,50,Femenino,Chicago,Alto,4,27.5,No,Sí,Vegetariano,No,Efectivo,7038,Vegetariano/Vegano,2.0,4.1,847.0,0.02648563557654467
9438980153,79,Femenino,Chicago,Alto,4,44.76,No,Sí,Carnes,Sí,Efectivo,7709,Carnes,32.0,4.3125,49.65625,0.45177260331445357
1926468472,46,Femenino,Chicago,Alto,5,13.3,Sí,No,Mariscos,Sí,Efectivo,4279,Mariscos y pescado,21.0,4.409523809523809,59.142857142857146,0.37930756843800323
9578561596,35,Masculino,Chicago,Alto,4,12.4,Sí,No,Vegetariano,No,App,5520,Vegetariano/Vegano,2.0,4.1,847.0,0.02648563557654467
8140031764,59,Femenino,Chicago,Alto,6,31.07,No,Sí,Otro,No,Tarjeta,4817,Otro,191.0,4.39738219895288,3.094240837696335,7.250028200789622
4134278256,43,Femenino,Chicago,Medio,2,8.49,No,Sí,Carnes,Sí,Efectivo,2471,Carnes,32.0,4.3125,49.65625,0.45177260331445357
6387276661,56,Masculino,Chicago,Alto,6,8.32,No,Sí,Carnes,Sí,Efectivo,7700,Carnes,32.0,4.3125,49.65625,0.45177260331445357
6335864941,24,Femenino,Chicago,Alto,4,17.37,Sí,Sí,Vegetariano,Sí,App,7637,Vegetariano/Vegano,2.0,4.1,847.0,0.02648563557654467
1126627217,49,Masculino,Chicago,Muy Alto,10,54.23,Sí,No,Carnes,Sí,Efectivo,9943,Carnes,32.0,4.3125,49.65625,0.45177260331445357
6508136828,69,Femenino,Chicago,Medio,2,13.84,Sí,Sí,Otro,No,Tarjeta,2051,Otro,191.0,4.39738219895288,3.094240837696335,7.250028200789622
7733502888,24,Masculino,Chicago,Medio,4,19.35,No,Sí,Carnes,No,Efectivo,3023,Carnes,32.0,4.3125,49.65625,0.45177260331445357
9584270385,32,Femenino,Chicago,Bajo,2,5.92,Sí,No,Mariscos,No,Tarjeta,801,Mariscos y pescado,21.0,4.409523809523809,59.142857142857146,0.37930756843800323
1177142167,79,Femenino,Chicago,Medio,3,7.62,No,Sí,Otro,No,Tarjeta,2645,Otro,191.0,4.39738219895288,3.094240837696335,7.250028200789622
3985330922,44,Femenino,Chicago,Medio,5,15.52,No,Sí,Vegetariano,No,App,2702,Vegetariano/Vegano,2.0,4.1,847.0,0.02648563557654467
6670416501,69,Femenino,Chicago,Alto,4,39.36,No,Sí,Sin dato,Sí,Efectivo,5440,Sin dato,,,,
5663364256,44,Masculino,Chicago,Alto,4,32.74,Sí,No,Carnes,Sí,Tarjeta,6153,Carnes,32.0,4.3125,49.65625,0.45177260331445357
5607762160,32,Femenino,Chicago,Medio,4,28.68,Sí,No,Carnes,No,App,3084,Carnes,32.0,4.3125,49.65625,0.45177260331445357
9631911838,38,Masculino,Chicago,Medio,3,7.74,No,No,Carnes,Sí,Tarjeta,1727,Carnes,32.0,4.3125,49.65625,0.45177260331445357
6172025088,51,Masculino,Chicago,Alto,6,5.18,No,No,Mariscos,Sí,Tarjeta,7394,Mariscos y pescado,21.0,4.409523809523809,59.142857142857146,0.37930756843800323
8805663591,37,Masculino,Chicago,Alto,5,16.78,Sí,Sí,Otro,Sí,Efectivo,4094,Otro,191.0,4.39738219895288,3.094240837696335,7.250028200789622
5693308941,32,Femenino,Chicago,Bajo,0,0.0,Sí,No,Otro,No,Efectivo,973,Otro,191.0,4.39738219895288,3.094240837696335,7.250028200789622
3486742264,72,Masculino,Chicago,Bajo,2,8.22,No,Sí,Otro,No,App,1563,Otro,191.0,4.39738219895288,3.094240837696335,7.250028200789622
5088174560,27,Masculino,Chicago,Alto,6,31.45,No,Sí,Otro,Sí,App,4265,Otro,191.0,4.39738219895288,3.094240837696335,7.250028200789622
1849586427,44,Masculino,Chicago,Alto,5,18.61,No,No,Otro,Sí,Efectivo,4644,Otro,191.0,4.39738219895288,3.094240837696335,7.250028200789622
1134752235,76,Masculino,Chicago,Medio,5,28.51,Sí,No,Vegano,No,Efectivo,3144,Vegetariano/Vegano,2.0,4.1,847.0,0.02648563557654467
5682227896,58,Femenino,Chicago,Medio,5,27.52,Sí,Sí,Vegetariano,No,Efectivo,3395,Vegetariano/Vegano,2.0,4.1,847.0,0.02648563557654467
4728120111,58,Femenino,Chicago,Bajo,0,0.0,Sí,Sí,Otro,No,Tarjeta,1054,Otro,191.0,4.39738219895288,3.094240837696335,7.250028200789622
8749801054,30,Femenino,Chicago,Alto,5,33.87,Sí,Sí,Carnes,Sí,App,4668,Carnes,32.0,4.3125,49.65625,0.45177260331445357
5511008504,57,Masculino,Chicago,Medio,4,21.63,Sí,Sí,Vegetariano,No,Efectivo,3265,Vegetariano/Vegano,2.0,4.1,847.0,0.02648563557654467
4217549793,43,Femenino,Chicago,Muy Alto,7,85.5,No,No,Vegano,Sí,Tarjeta,13779,Vegetariano/Vegano,2.0,4.1,847.0,0.02648563557654467
3514980816,28,Masculino,Chicago,Alto,4,23.44,Sí,Sí,Otro,Sí,App,7978,Otro,191.0,4.39738219895288,3.094240837696335,7.250028200789622
4387523934,18,Femenino,Chicago,Medio,3,9.78,No,Sí,Vegetariano,No,Efectivo,3167,Vegetariano/Vegano,2.0,4.1,847.0,0.02648563557654467
5224053969,63,Femenino,Chicago,Medio,2,28.13,Sí,Sí,Otro,No,App,2883,Otro,191.0,4.39738219895288,3.094240837696335,7.250028200789622
5957285972,45,Femenino,Chicago,Alto,6,47.45,Sí,Sí,Carnes,Sí,Tarjeta,4930,Carnes,32.0,4.3125,49.65625,0.45177260331445357
7832220535,57,Masculino,Chicago,Medio,3,18.49,No,Sí,Vegetariano,No,Tarjeta,2247,Vegetariano/Vegano,2.0,4.1,847.0,0.02648563557654467
9680447616,74,Masculino,Chicago,Alto,5,32.52,Sí,No,Vegano,Sí,Tarjeta,5611,Vegetariano/Vegano,2.0,4.1,847.0,0.02648563557654467
8821456242,21,Femenino,Chicago,Bajo,0,0.0,No,Sí,Vegetariano,No,Efectivo,910,Vegetariano/Vegano,2.0,4.1,847.0,0.02648563557654467
6733641358,73,Masculino,Chicago,Alto,4,15.3,No,No,Carnes,No,App,7237,Carnes,32.0,4.3125,49.65625,0.45177260331445357
3504022374,26,Femenino,Chicago,Alto,5,26.01,Sí,Sí,Carnes,Sí,Efectivo,7293,Carnes,32.0,4.3125,49.65625,0.45177260331445357
6734602842,59,Masculino,Chicago,Muy Alto,6,8.88,Sí,No,Carnes,Sí,Tarjeta,13264,Carnes,32.0,4.3125,49.65625,0.45177260331445357
8442341367,21,Masculino,Chicago,Medio,4,16.48,Sí,Sí,Sin dato,No,App,2585,Sin dato,,,,
7224573015,74,Femenino,Chicago,Alto,6,25.58,No,Sí,Pescado,Sí,Efectivo,8660,Mariscos y pescado,21.0,4.409523809523809,59.142857142857146,0.37930756843800323
1430073711,65,Femenino,Chicago,Alto,5,56.66,No,Sí,Otro,No,Efectivo,3865,Otro,191.0,4.39738219895288,3.094240837696335,7.250028200789622
6382698198,73,Masculino,Chicago,Alto,5,32.955,No,No,Otro,No,Efectivo,5699,Otro,191.0,4.39738219895288,3.094240837696335,7.250028200789622
1696225566,26,Femenino,Chicago,Medio,2,8.13,No,Sí,Carnes,No,App,2437,Carnes,32.0,4.3125,49.65625,0.45177260331445357
4260587490,60,Femenino,Chicago,Medio,5,17.49,No,Sí,Vegano,No,Efectivo,3195,Vegetariano/Vegano,2.0,4.1,847.0,0.02648563557654467
6130446648,57,Femenino,Chicago,Muy Alto,6,41.58,Sí,Sí,Carnes,Sí,App,12165,Carnes,32.0,4.3125,49.65625,0.45177260331445357
2988055189,65,Femenino,Chicago,Medio,5,17.89,No,Sí,Vegano,No,Tarjeta,2693,Vegetariano/Vegano,2.0,4.1,847.0,0.02648563557654467
8863138232,37,Femenino,Chicago,Medio,4,27.72,Sí,Sí,Vegetariano,No,Tarjeta,2427,Vegetariano/Vegano,2.0,4.1,847.0,0.02648563557654467
4199304390,48,Masculino,Chicago,Medio,4,24.68,Sí,No,Vegetariano,No,Tarjeta,2561,Vegetariano/Vegano,2.0,4.1,847.0,0.02648563557654467
2308496151,50,Femenino,Chicago,Alto,5,50.41,Sí,No,Otro,Sí,Tarjeta,5957,Otro,191.0,4.39738219895288,3.094240837696335,7.250028200789622
4518110561,28,Femenino,Chicago,Muy Alto,6,12.59,No,Sí,Mariscos,Sí,Tarjeta,15042,Mariscos y pescado,21.0,4.409523809523809,59.142857142857146,0.37930756843800323
6550051689,31,Masculino,Chicago,Muy Alto,10,45.01,Sí,Sí,Pescado,Sí,Efectivo,17599,Mariscos y pescado,21.0,4.409523809523809,59.142857142857146,0.37930756843800323
4266296360,69,Masculino,Chicago,Medio,5,5.77,No,No,Carnes,No,Tarjeta,1951,Carnes,32.0,4.3125,49.65625,0.45177260331445357
1804437737,37,Femenino,Chicago,Alto,4,17.6,No,No,Vegetariano,Sí,Efectivo,8549,Vegetariano/Vegano,2.0,4.1,847.0,0.02648563557654467
2516185223,27,Masculino,Chicago,Alto,6,8.18,Sí,Sí,Carnes,Sí,App,4475,Carnes,32.0,4.3125,49.65625,0.45177260331445357
9592390865,19,Masculino,Chicago,Alto,4,52.46,No,Sí,Vegano,Sí,Efectivo,8208,Vegetariano/Vegano,2.0,4.1,847.0,0.02648563557654467
1580918448,21,Masculino,Chicago,Medio,4,13.58,Sí,Sí,Carnes,No,Efectivo,2737,Carnes,32.0,4.3125,49.65625,0.45177260331445357
5780323491,20,Masculino,Chicago,Muy Alto,5,51.28,Sí,Sí,Carnes,Sí,Efectivo,11605,Carnes,32.0,4.3125,49.65625,0.45177260331445357
8720248706,34,Femenino,Chicago,Muy Alto,8,54.55,Sí,No,Vegetariano,Sí,Efectivo,16598,Vegetariano/Vegano,2.0,4.1,847.0,0.02648563557654467
1088974176,19,Femenino,Chicago,Medio,4,22.99,Sí,Sí,Otro,No,App,1751,Otro,191.0,4.39738219895288,3.094240837696335,7.250028200789622
1892734101,27,Femenino,Chicago,Bajo,0,0.0,No,Sí,Carnes,No,Efectivo,1588,Carnes,32.0,4.3125,49.65625,0.45177260331445357
7747581391,34,Femenino,Chicago,Muy Alto,8,94.66,Sí,Sí,Vegetariano,Sí,Efectivo,9226,Vegetariano/Vegano,2.0,4.1,847.0,0.02648563557654467
8640995367,38,Masculino,Chicago,Alto,5,59.75,Sí,Sí,Carnes,Sí,Efectivo,4611,Carnes,32.0,4.3125,49.65625,0.45177260331445357
4398220330,39,Masculino,Chicago,Bajo,3,6.26,No,No,Carnes,No,Efectivo,1480,Carnes,32.0,4.3125,49.65625,0.45177260331445357
1898018927,26,Femenino,Chicago,Medio,4,24.78,No,Sí,Carnes,No,Tarjeta,1741,Carnes,32.0,4.3125,49.65625,0.45177260331445357
2423707898,58,Femenino,Chicago,Medio,4,9.79,Sí,Sí,Vegano,No,Efectivo,2664,Vegetariano/Vegano,2.0,4.1,847.0,0.02648563557654467
3876961999,68,Femenino,Chicago,Medio,2,17.575,No,Sí,Carnes,No,App,3492,Carnes,32.0,4.3125,49.65625,0.45177260331445357
1525913802,68,Femenino,Chicago,Medio,2,29.79,Sí,Sí,Vegano,No,Tarjeta,3009,Vegetariano/Vegano,2.0,4.1,847.0,0.02648563557654467
9937428164,35,Femenino,Chicago,Muy Alto,6,56.21,Sí,Sí,Vegetariano,Sí,App,9208,Vegetariano/Vegano,2.0,4.1,847.0,0.02648563557654467
3311256997,61,Masculino,Chicago,Muy Alto,5,69.4,Sí,Sí,Vegano,Sí,Tarjeta,16371,Vegetariano/Vegano,2.0,4.1,847.0,0.02648563557654467
7637761996,30,Masculino,Chicago,Muy Alto,9,15.08,Sí,Sí,Mariscos,Sí,App,15533,Mariscos y pescado,21.0,4.409523809523809,59.142857142857146,0.37930756843800323
4422030495,67,Femenino,Chicago,Alto,5,29.91,Sí,No,Vegetariano,Sí,App,6512,Vegetariano/Vegano,2.0,4.1,847.0,0.02648563557654467
4717950116,31,Masculino,Chicago,Alto,5,57.32,Sí,Sí,Pescado,Sí,Efectivo,4240,Mariscos y pescado,21.0,4.409523809523809,59.142857142857146,0.37930756843800323
4852067552,65,Femenino,Chicago,Muy Alto,10,84.95,Sí,Sí,Carnes,Sí,Tarjeta,12122,Carnes,32.0,4.3125,49.65625,0.45177260331445357
1447593460,69,Femenino,Chicago,Medio,5,17.36,No,Sí,Carnes,No,App,2269,Carnes,32.0,4.3125,49.65625,0.45177260331445357
8383804905,66,Masculino,Chicago,Medio,3,16.33,No,Sí,Sin dato,No,Efectivo,2521,Sin dato,,,,
9644057445,56,Masculino,Chicago,Bajo,0,0.0,Sí,No,Carnes,No,App,1595,Carnes,32.0,4.3125,49.65625,0.45177260331445357
8970566223,61,Masculino,Chicago,Alto,4,7.02,No,Sí,Pescado,Sí,App,4323,Mariscos y pescado,21.0,4.409523809523809,59.142857142857146,0.37930756843800323
6200584953,33,Femenino,Chicago,Medio,4,27.84,No,Sí,Otro,No,Efectivo,2099,Otro,191.0,4.39738219895288,3.094240837696335,7.250028200789622
3296067730,66,Masculino,Chicago,Medio,4,6.91,No,Sí,Mariscos,No,Tarjeta,3088,Mariscos y pescado,21.0,4.409523809523809,59.142857142857146,0.37930756843800323
3592473405,39,Masculino,Chicago,Medio,2,11.48,No,No,Otro,No,Tarjeta,2251,Otro,191.0,4.39738219895288,3.094240837696335,7.250028200789622
6655370534,70,Femenino,Chicago,Medio,4,23.8,Sí,Sí,Mariscos,No,Tarjeta,3326,Mariscos y pescado,21.0,4.409523809523809,59.142857142857146,0.37930756843800323
7254273444,34,Masculino,Chicago,Bajo,0,0.0,Sí,No,Vegetariano,No,Efectivo,987,Vegetariano/Vegano,2.0,4.1,847.0,0.02648563557654467
6366681877,45,Masculino,Chicago,Medio,2,29.69,Sí,No,Vegano,No,Tarjeta,1880,Vegetariano/Vegano,2.0,4.1,847.0,0.02648563557654467
5855535478,71,Masculino,Chicago,Alto,4,6.7,No,Sí,Vegano,No,Tarjeta,5032,Vegetariano/Vegano,2.0,4.1,847.0,0.02648563557654467
1431463252,46,Femenino,Chicago,Alto,4,44.92,Sí,Sí,Vegano,Sí,App,4374,Vegetariano/Vegano,2.0,4.1,847.0,0.02648563557654467
2287148777,36,Femenino,Chicago,Alto,6,49.19,No,No,Carnes,No,App,4133,Carnes,32.0,4.3125,49.65625,0.45177260331445357
2320620839,23,Masculino,Chicago,Alto,4,56.87,Sí,No,Carnes,Sí,App,4556,Carnes,32.0,4.3125,49.65625,0.45177260331445357
1780550106,23,Femenino,Chicago,Medio,4,16.69,Sí,Sí,Vegetariano,Sí,Efectivo,2053,Vegetariano/Vegano,2.0,4.1,847.0,0.02648563557654467
3360311082,76,Masculino,Chicago,Medio,2,22.2,Sí,Sí,Carnes,Sí,Tarjeta,2445,Carnes,32.0,4.3125,49.65625,0.45177260331445357
7846389041,69,Femenino,Chicago,Bajo,2,7.6,Sí,No,Mariscos,No,Efectivo,916,Mariscos y pescado,21.0,4.409523809523809,59.142857142857146,0.37930756843800323
7012810237,21,Masculino,Chicago,Medio,5,27.94,No,Sí,Pescado,No,Efectivo,1819,Mariscos y pescado,21.0,4.409523809523809,59.142857142857146,0.37930756843800323
1822744149,55,Femenino,Chicago,Bajo,3,8.8,Sí,No,Pescado,No,Efectivo,1265,Mariscos y pescado,21.0,4.409523809523809,59.142857142857146,0.37930756843800323
9631196897,69,Femenino,Chicago,Alto,5,34.57,Sí,Sí,Carnes,Sí,Efectivo,4857,Carnes,32.0,4.3125,49.65625,0.45177260331445357
8106114428,70,Masculino,Chicago,Muy Alto,7,13.43,No,No,Carnes,Sí,App,15110,Carnes,32.0,4.3125,49.65625,0.45177260331445357
2062090190,36,Femenino,Chicago,Alto,5,22.35,Sí,No,Otro,Sí,Efectivo,7145,Otro,191.0,4.39738219895288,3.094240837696335,7.250028200789622
7832783702,57,Femenino,Chicago,Muy Alto,8,92.92,No,Sí,Carnes,Sí,Tarjeta,14124,Carnes,32.0,4.3125,49.65625,0.45177260331445357
6804394126,57,Masculino,Chicago,Bajo,2,9.01,Sí,Sí,Pescado,No,Efectivo,1378,Mariscos y pescado,21.0,4.409523809523809,59.142857142857146,0.37930756843800323
3312409986,69,Femenino,Chicago,Alto,4,6.57,No,Sí,Vegetariano,Sí,Efectivo,8953,Vegetariano/Vegano,2.0,4.1,847.0,0.02648563557654467
1544918010,49,Masculino,Chicago,Bajo,2,7.86,No,No,Vegano,No,Efectivo,1194,Vegetariano/Vegano,2.0,4.1,847.0,0.02648563557654467
3190453309,58,Masculino,Chicago,Medio,5,17.43,Sí,Sí,Mariscos,No,App,2511,Mariscos y pescado,21.0,4.409523809523809,59.142857142857146,0.37930756843800323
4053577650,26,Femenino,Chicago,Muy Alto,7,15.41,Sí,Sí,Mariscos,Sí,Tarjeta,14967,Mariscos y pescado,21.0,4.409523809523809,59.142857142857146,0.37930756843800323
7011290245,21,Masculino,Chicago,Muy Alto,9,18.98,No,Sí,Carnes,Sí,Tarjeta,13709,Carnes,32.0,4.3125,49.65625,0.45177260331445357
7756873738,51,Masculino,Chicago,Medio,3,22.38,No,No,Pescado,No,Tarjeta,1924,Mariscos y pescado,21.0,4.409523809523809,59.142857142857146,0.37930756843800323
7742566988,23,Masculino,Chicago,Alto,5,17.81,Sí,Sí,Carnes,Sí,Efectivo,8204,Carnes,32.0,4.3125,49.65625,0.45177260331445357
3431577796,78,Femenino,Chicago,Alto,6,54.38,No,No,Vegetariano,Sí,Tarjeta,6830,Vegetariano/Vegano,2.0,4.1,847.0,0.02648563557654467
9018373868,44,Masculino,Chicago,Alto,6,33.56,No,No,Carnes,Sí,App,8157,Carnes,32.0,4.3125,49.65625,0.45177260331445357
8934097788,48,Masculino,Chicago,Alto,6,20.18,No,Sí,Vegetariano,Sí,Tarjeta,5324,Vegetariano/Vegano,2.0,4.1,847.0,0.02648563557654467
6336171726,68,Masculino,Chicago,Alto,6,5.99,No,Sí,Otro,Sí,Tarjeta,4257,Otro,191.0,4.39738219895288,3.094240837696335,7.250028200789622
5996896017,60,Masculino,Chicago,Alto,6,48.99,Sí,Sí,Carnes,Sí,Tarjeta,5493,Carnes,32.0,4.3125,49.65625,0.45177260331445357
9347090313,52,Masculino,Chicago,Bajo,0,0.0,Sí,Sí,Vegetariano,No,Efectivo,1542,Vegetariano/Vegano,2.0,4.1,847.0,0.02648563557654467
6993116529,54,Femenino,Chicago,Bajo,0,0.0,No,No,Pescado,No,App,1390,Mariscos y pescado,21.0,4.409523809523809,59.142857142857146,0.37930756843800323
4890452920,55,Femenino,Chicago,Medio,4,6.55,No,No,Carnes,Sí,Tarjeta,3394,Carnes,32.0,4.3125,49.65625,0.45177260331445357
5585773087,73,Masculino,Chicago,Muy Alto,6,52.11,No,No,Vegetariano,Sí,Tarjeta,9738,Vegetariano/Vegano,2.0,4.1,847.0,0.02648563557654467
3275970986,31,Femenino,Chicago,Alto,5,24.1,No,Sí,Vegetariano,Sí,Tarjeta,5944,Vegetariano/Vegano,2.0,4.1,847.0,0.02648563557654467
3544904142,79,Femenino,Chicago,Muy Alto,10,95.18,No,No,Pescado,Sí,Efectivo,16642,Mariscos y pescado,21.0,4.409523809523809,59.142857142857146,0.37930756843800323
8772725548,58,Femenino,Chicago,Medio,2,6.69,Sí,No,Otro,No,Tarjeta,1939,Otro,191.0,4.39738219895288,3.094240837696335,7.250028200789622
1100806839,50,Masculino,Chicago,Medio,4,25.66,Sí,No,Vegetariano,Sí,Efectivo,2288,Vegetariano/Vegano,2.0,4.1,847.0,0.02648563557654467
5743664560,25,Femenino,Chicago,Bajo,0,0.0,Sí,Sí,Otro,No,Efectivo,942,Otro,191.0,4.39738219895288,3.094240837696335,7.250028200789622
4231729466,79,Femenino,Chicago,Medio,3,22.83,Sí,No,Vegetariano,No,App,2353,Vegetariano/Vegano,2.0,4.1,847.0,0.02648563557654467
9563941194,76,Femenino,Chicago,Medio,3,29.05,No,Sí,Pescado,No,Efectivo,3278,Mariscos y pescado,21.0,4.409523809523809,59.142857142857146,0.37930756843800323
6328685524,61,Masculino,Chicago,Medio,4,17.17,Sí,Sí,Vegetariano,No,App,1736,Vegetariano/Vegano,2.0,4.1,847.0,0.02648563557654467
9786854538,21,Femenino,Chicago,Medio,2,13.11,Sí,Sí,Carnes,No,Tarjeta,2473,Carnes,32.0,4.3125,49.65625,0.45177260331445357
3378164325,40,Femenino,Chicago,Alto,4,39.65,No,No,Vegano,No,App,4548,Vegetariano/Vegano,2.0,4.1,847.0,0.02648563557654467
2315443813,64,Masculino,Chicago,Muy Alto,10,69.46,No,Sí,Pescado,Sí,Efectivo,11898,Mariscos y pescado,21.0,4.409523809523809,59.142857142857146,0.37930756843800323
8721282352,59,Masculino,Chicago,Muy Alto,9,22.13,No,Sí,Mariscos,Sí,Efectivo,10904,Mariscos y pescado,21.0,4.409523809523809,59.142857142857146,0.37930756843800323
6401148618,27,Masculino,Chicago,Muy Alto,10,55.49,No,Sí,Mariscos,Sí,Efectivo,10344,Mariscos y pescado,21.0,4.409523809523809,59.142857142857146,0.37930756843800323
8060868430,80,Femenino,Chicago,Bajo,2,5.78,No,Sí,Vegetariano,No,Efectivo,1443,Vegetariano/Vegano,2.0,4.1,847.0,0.02648563557654467
9829847939,66,Masculino,Chicago,Alto,6,33.08,Sí,Sí,Vegano,Sí,Tarjeta,7131,Vegetariano/Vegano,2.0,4.1,847.0,0.02648563557654467
5502605209,67,Masculino,Chicago,Bajo,1,7.66,No,Sí,Mariscos,No,Efectivo,972,Mariscos y pescado,21.0,4.409523809523809,59.142857142857146,0.37930756843800323
5120004493,79,Masculino,Chicago,Alto,4,50.13,Sí,No,Carnes,Sí,Tarjeta,7226,Carnes,32.0,4.3125,49.65625,0.45177260331445357
3795665163,29,Femenino,Chicago,Bajo,1,6.28,No,Sí,Sin dato,No,Efectivo,1356,Sin dato,,,,
3370254777,26,Masculino,Chicago,Alto,5,18.15,No,Sí,Carnes,No,Efectivo,6123,Carnes,32.0,4.3125,49.65625,0.45177260331445357
9149101406,65,Femenino,Chicago,Alto,4,20.7,No,Sí,Pescado,No,Tarjeta,8922,Mariscos y pescado,21.0,4.409523809523809,59.142857142857146,0.37930756843800323
9329853360,44,Femenino,Chicago,Bajo,3,7.97,No,Sí,Carnes,No,App,1038,Carnes,32.0,4.3125,49.65625,0.45177260331445357
8257888483,80,Masculino,Chicago,Alto,6,49.08,Sí,No,Carnes,Sí,App,8106,Carnes,32.0,4.3125,49.65625,0.45177260331445357
5227394524,42,Femenino,Chicago,Medio,3,6.24,Sí,Sí,Carnes,No,Efectivo,2071,Carnes,32.0,4.3125,49.65625,0.45177260331445357
1438188292,39,Masculino,Chicago,Medio,4,10.63,Sí,No,Otro,Sí,Tarjeta,3371,Otro,191.0,4.39738219895288,3.094240837696335,7.250028200789622
4208271113,80,Femenino,Chicago,Medio,5,23.47,Sí,No,Otro,Sí,Tarjeta,2348,Otro,191.0,4.39738219895288,3.094240837696335,7.250028200789622
6075936959,28,Femenino,Chicago,Medio,5,18.57,Sí,Sí,Carnes,No,Efectivo,1784,Carnes,32.0,4.3125,49.65625,0.45177260331445357
2039205693,41,Masculino,Chicago,Alto,5,59.66,No,Sí,Carnes,No,Tarjeta,7237,Carnes,32.0,4.3125,49.65625,0.45177260331445357
9395868030,77,Femenino,Chicago,Alto,5,5.46,Sí,No,Pescado,No,App,7339,Mariscos y pescado,21.0,4.409523809523809,59.142857142857146,0.37930756843800323
8150736635,33,Femenino,Chicago,Medio,2,12.12,No,Sí,Carnes,No,Efectivo,2650,Carnes,32.0,4.3125,49.65625,0.45177260331445357
5266615424,23,Masculino,Chicago,Bajo,3,8.54,No,Sí,Vegetariano,No,Efectivo,992,Vegetariano/Vegano,2.0,4.1,847.0,0.02648563557654467
2451973261,66,Femenino,Chicago,Medio,3,13.62,Sí,Sí,Mariscos,No,Efectivo,2281,Mariscos y pescado,21.0,4.409523809523809,59.142857142857146,0.37930756843800323
9799058406,63,Femenino,Chicago,Bajo,3,8.24,Sí,No,Carnes,No,App,955,Carnes,32.0,4.3125,49.65625,0.45177260331445357
7597996327,32,Masculino,Chicago,Medio,5,8.41,No,No,Vegano,Sí,App,1731,Vegetariano/Vegano,2.0,4.1,847.0,0.02648563557654467
6072744616,78,Masculino,Chicago,Muy Alto,6,29.45,Sí,Sí,Otro,Sí,Efectivo,9437,Otro,191.0,4.39738219895288,3.094240837696335,7.250028200789622
4226726995,80,Masculino,Chicago,Muy Alto,8,51.31,No,No,Vegetariano,Sí,Tarjeta,10715,Vegetariano/Vegano,2.0,4.1,847.0,0.02648563557654467
5504166108,50,Masculino,Chicago,Bajo,0,0.0,No,No,Vegetariano,No,Tarjeta,1330,Vegetariano/Vegano,2.0,4.1,847.0,0.02648563557654467
9456298874,24,Femenino,Chicago,Medio,3,20.13,Sí,Sí,Vegetariano,No,App,3345,Vegetariano/Vegano,2.0,4.1,847.0,0.02648563557654467
4797369215,71,Masculino,Chicago,Bajo,3,7.85,No,Sí,Vegetariano,No,Efectivo,1418,Vegetariano/Vegano,2.0,4.1,847.0,0.02648563557654467
4147226180,26,Femenino,Chicago,Medio,4,6.43,No,Sí,Vegetariano,No,App,2223,Vegetariano/Vegano,2.0,4.1,847.0,0.02648563557654467
5416675136,27,Femenino,Chicago,Muy Alto,10,88.94,Sí,Sí,Carnes,Sí,Efectivo,16647,Carnes,32.0,4.3125,49.65625,0.45177260331445357
9212760447,35,Femenino,Chicago,Medio,4,13.13,Sí,No,Vegano,No,Tarjeta,2321,Vegetariano/Vegano,2.0,4.1,847.0,0.02648563557654467
2072355594,24,Femenino,Chicago,Bajo,2,7.8,No,Sí,Carnes,No,Tarjeta,1165,Carnes,32.0,4.3125,49.65625,0.45177260331445357
1240869441,46,Femenino,Chicago,Alto,6,10.05,Sí,Sí,Mariscos,Sí,Efectivo,4597,Mariscos y pescado,21.0,4.409523809523809,59.142857142857146,0.37930756843800323
6241769011,26,Femenino,Chicago,Alto,6,17.38,Sí,Sí,Carnes,Sí,App,6982,Carnes,32.0,4.3125,49.65625,0.45177260331445357
4929273352,77,Masculino,Chicago,Medio,4,27.69,Sí,Sí,Pescado,No,Tarjeta,3073,Mariscos y pescado,21.0,4.409523809523809,59.142857142857146,0.37930756843800323
4895014344,28,Femenino,Chicago,Alto,6,6.33,No,Sí,Pescado,Sí,Tarjeta,7861,Mariscos y pescado,21.0,4.409523809523809,59.142857142857146,0.37930756843800323
7020665149,71,Masculino,Chicago,Bajo,0,0.0,No,No,Vegetariano,No,App,1124,Vegetariano/Vegano,2.0,4.1,847.0,0.02648563557654467
1354923180,21,Femenino,Chicago,Muy Alto,7,63.32,No,Sí,Vegetariano,Sí,Efectivo,13438,Vegetariano/Vegano,2.0,4.1,847.0,0.02648563557654467
8795212264,20,Femenino,Chicago,Alto,6,37.95,No,Sí,Carnes,Sí,Criptomoneda,7554,Carnes,32.0,4.3125,49.65625,0.45177260331445357
5846418002,50,Masculino,Chicago,Muy Alto,7,16.77,No,Sí,Vegano,Sí,App,14080,Vegetariano/Vegano,2.0,4.1,847.0,0.02648563557654467
8667408204,66,Masculino,Chicago,Muy Alto,9,78.41,No,Sí,Vegetariano,Sí,Efectivo,12879,Vegetariano/Vegano,2.0,4.1,847.0,0.02648563557654467
2175261501,20,Masculino,Chicago,Bajo,2,9.49,No,Sí,Carnes,No,App,1533,Carnes,32.0,4.3125,49.65625,0.45177260331445357
7008051512,80,Masculino,Chicago,Bajo,1,8.89,No,Sí,Vegano,No,Criptomoneda,1027,Vegetariano/Vegano,2.0,4.1,847.0,0.02648563557654467
7887484248,77,Femenino,Chicago,Alto,6,37.8,No,Sí,Mariscos,Sí,App,3990,Mariscos y pescado,21.0,4.409523809523809,59.142857142857146,0.37930756843800323
5052505985,19,Masculino,Chicago,Medio,5,26.74,No,Sí,Carnes,No,Tarjeta,2804,Carnes,32.0,4.3125,49.65625,0.45177260331445357
7848400752,53,Masculino,Chicago,Medio,3,20.94,Sí,Sí,Vegano,No,App,1857,Vegetariano/Vegano,2.0,4.1,847.0,0.02648563557654467
2516888774,57,Masculino,Chicago,Bajo,2,6.11,No,No,Otro,No,Efectivo,1136,Otro,191.0,4.39738219895288,3.094240837696335,7.250028200789622
3722464231,53,Masculino,Chicago,Medio,5,19.2,Sí,No,Sin dato,Sí,Efectivo,3249,Sin dato,,,,
7752061110,69,Masculino,Chicago,Alto,5,47.93,No,Sí,Pescado,No,Efectivo,3717,Mariscos y pescado,21.0,4.409523809523809,59.142857142857146,0.37930756843800323
3149533961,57,Masculino,Chicago,Medio,5,9.23,Sí,Sí,Pescado,Sí,App,1651,Mariscos y pescado,21.0,4.409523809523809,59.142857142857146,0.37930756843800323
9202727330,23,Femenino,Chicago,Medio,5,7.42,Sí,Sí,Vegetariano,No,Tarjeta,1723,Vegetariano/Vegano,2.0,4.1,847.0,0.02648563557654467
3630108237,22,Femenino,Chicago,Bajo,2,5.6,Sí,Sí,Pescado,No,Efectivo,1068,Mariscos y pescado,21.0,4.409523809523809,59.142857142857146,0.37930756843800323
9829875790,77,Masculino,Chicago,Bajo,0,0.0,No,Sí,Sin dato,No,Efectivo,1597,Sin dato,,,,
1186047172,57,Femenino,Chicago,Muy Alto,6,50.27,Sí,Sí,Mariscos,Sí,Tarjeta,15538,Mariscos y pescado,21.0,4.409523809523809,59.142857142857146,0.37930756843800323
9849200794,27,Masculino,Chicago,Alto,6,34.3,Sí,Sí,Carnes,No,App,5633,Carnes,32.0,4.3125,49.65625,0.45177260331445357
5239521090,54,Masculino,Chicago,Medio,5,27.05,Sí,Sí,Otro,No,Efectivo,2731,Otro,191.0,4.39738219895288,3.094240837696335,7.250028200789622
6667043253,46,Femenino,Chicago,Muy Alto,6,45.45,No,Sí,Otro,Sí,Efectivo,10678,Otro,191.0,4.39738219895288,3.094240837696335,7.250028200789622
3294092753,67,Femenino,Chicago,Alto,5,30.62,No,Sí,Carnes,Sí,Efectivo,7380,Carnes,32.0,4.3125,49.65625,0.45177260331445357
1124585925,21,Femenino,Chicago,Alto,6,15.83,Sí,Sí,Sin dato,No,App,6796,Sin dato,,,,
5437884022,36,Femenino,Chicago,Alto,6,47.01,Sí,No,Carnes,No,App,6783,Carnes,32.0,4.3125,49.65625,0.45177260331445357
4567181201,49,Masculino,Chicago,Medio,3,21.9,No,No,Carnes,No,App,3238,Carnes,32.0,4.3125,49.65625,0.45177260331445357
8812707617,44,Masculino,Chicago,Muy Alto,9,98.21,Sí,No,Carnes,Sí,Tarjeta,16846,Carnes,32.0,4.3125,49.65625,0.45177260331445357
9906056172,29,Masculino,Chicago,Alto,5,24.38,No,Sí,Otro,Sí,Efectivo,6156,Otro,191.0,4.39738219895288,3.094240837696335,7.250028200789622
4892266709,76,Masculino,Chicago,Alto,5,39.08,Sí,Sí,Sin dato,Sí,Tarjeta,6806,Sin dato,,,,
1331353128,46,Masculino,Chicago,Medio,2,25.25,No,Sí,Carnes,No,Tarjeta,2894,Carnes,32.0,4.3125,49.65625,0.45177260331445357
8121172339,76,Femenino,Chicago,Medio,4,10.99,Sí,Sí,Carnes,No,Tarjeta,3060,Carnes,32.0,4.3125,49.65625,0.45177260331445357
8354930110,79,Masculino,Chicago,Alto,6,22.08,No,No,Sin dato,No,Tarjeta,8657,Sin dato,,,,
7941110142,48,Femenino,Chicago,Medio,5,28.41,Sí,No,Carnes,No,Efectivo,3275,Carnes,32.0,4.3125,49.65625,0.45177260331445357
5473361113,44,Femenino,Chicago,Alto,4,32.955,No,No,Carnes,Sí,Tarjeta,6075,Carnes,32.0,4.3125,49.65625,0.45177260331445357
3505283053,65,Masculino,Chicago,Medio,5,19.47,Sí,No,Sin dato,No,App,2200,Sin dato,,,,
2566951819,18,Masculino,Chicago,Alto,5,26.12,No,Sí,Otro,Sí,Efectivo,4316,Otro,191.0,4.39738219895288,3.094240837696335,7.250028200789622
3984000145,21,Femenino,Chicago,Alto,5,52.17,No,Sí,Vegetariano,Sí,App,5158,Vegetariano/Vegano,2.0,4.1,847.0,0.02648563557654467
6076881514,80,Femenino,Chicago,Medio,3,13.68,No,Sí,Carnes,Sí,Tarjeta,1933,Carnes,32.0,4.3125,49.65625,0.45177260331445357
6366418987,79,Femenino,Chicago,Bajo,3,8.13,No,No,Vegano,No,Efectivo,865,Vegetariano/Vegano,2.0,4.1,847.0,0.02648563557654467
6800170765,20,Femenino,Chicago,Bajo,0,0.0,No,Sí,Vegetariano,No,Tarjeta,1515,Vegetariano/Vegano,2.0,4.1,847.0,0.02648563557654467
2416760621,62,Femenino,Chicago,Alto,6,56.52,Sí,No,Carnes,Sí,Efectivo,5068,Carnes,32.0,4.3125,49.65625,0.45177260331445357
8382494022,47,Femenino,Chicago,Medio,4,19.42,No,No,Carnes,No,Tarjeta,2089,Carnes,32.0,4.3125,49.65625,0.45177260331445357
6242173772,75,Masculino,Chicago,Medio,5,18.4,Sí,No,Sin dato,No,Efectivo,3271,Sin dato,,,,
6926093910,53,Masculino,Chicago,Medio,3,18.15,No,Sí,Mariscos,No,App,3430,Mariscos y pescado,21.0,4.409523809523809,59.142857142857146,0.37930756843800323
4738939076,24,Masculino,Chicago,Medio,4,29.23,Sí,Sí,Carnes,Sí,Tarjeta,2703,Carnes,32.0,4.3125,49.65625,0.45177260331445357
9308340719,75,Masculino,Chicago,Alto,6,18.02,No,No,Mariscos,Sí,App,4852,Mariscos y pescado,21.0,4.409523809523809,59.142857142857146,0.37930756843800323
3707166618,45,Femenino,Chicago,Alto,4,33.33,Sí,No,Vegano,Sí,Efectivo,4811,Vegetariano/Vegano,2.0,4.1,847.0,0.02648563557654467
1682808359,42,Masculino,Chicago,Muy Alto,7,35.06,Sí,Sí,Mariscos,Sí,Tarjeta,9994,Mariscos y pescado,21.0,4.409523809523809,59.142857142857146,0.37930756843800323
7763189846,46,Femenino,Chicago,Alto,5,20.51,No,No,Vegetariano,Sí,Efectivo,7235,Vegetariano/Vegano,2.0,4.1,847.0,0.02648563557654467
1555775441,21,Masculino,Chicago,Medio,4,27.16,Sí,Sí,Carnes,No,Efectivo,2794,Carnes,32.0,4.3125,49.65625,0.45177260331445357
2085624355,35,Femenino,Chicago,Bajo,1,7.14,No,No,Carnes,No,Tarjeta,1218,Carnes,32.0,4.3125,49.65625,0.45177260331445357
6461217711,34,Femenino,Chicago,Muy Alto,7,13.72,No,No,Carnes,Sí,Tarjeta,17540,Carnes,32.0,4.3125,49.65625,0.45177260331445357
8740820392,32,Femenino,Chicago,Medio,4,22.79,No,No,Vegano,Sí,Tarjeta,1660,Vegetariano/Vegano,2.0,4.1,847.0,0.02648563557654467
2458198451,65,Femenino,Chicago,Medio,3,29.22,No,Sí,Vegano,No,Efectivo,2539,Vegetariano/Vegano,2.0,4.1,847.0,0.02648563557654467
2538135522,28,Masculino,Chicago,Muy Alto,9,52.12,No,No,Carnes,No,Efectivo,13947,Carnes,32.0,4.3125,49.65625,0.45177260331445357
2349406919,22,Masculino,Chicago,Alto,4,22.73,Sí,Sí,Otro,Sí,Tarjeta,8789,Otro,191.0,4.39738219895288,3.094240837696335,7.250028200789622
4457712674,80,Masculino,Chicago,Alto,4,47.95,No,No,Otro,No,App,8308,Otro,191.0,4.39738219895288,3.094240837696335,7.250028200789622
3986894360,74,Masculino,Chicago,Medio,4,17.7,No,No,Carnes,No,Tarjeta,3296,Carnes,32.0,4.3125,49.65625,0.45177260331445357
8982075101,62,Femenino,Chicago,Medio,2,25.37,No,Sí,Pescado,No,Tarjeta,3358,Mariscos y pescado,21.0,4.409523809523809,59.142857142857146,0.37930756843800323
8047348633,58,Femenino,Chicago,Muy Alto,9,104.86,No,No,Pescado,Sí,App,12254,Mariscos y pescado,21.0,4.409523809523809,59.142857142857146,0.37930756843800323
5267587298,26,Masculino,Chicago,Bajo,3,5.73,Sí,Sí,Vegano,No,App,1167,Vegetariano/Vegano,2.0,4.1,847.0,0.02648563557654467
8276752272,37,Masculino,Chicago,Alto,4,32.41,Sí,Sí,Vegano,Sí,Tarjeta,8181,Vegetariano/Vegano,2.0,4.1,847.0,0.02648563557654467
5888040120,56,Femenino,Chicago,Alto,5,49.72,No,Sí,Otro,Sí,Criptomoneda,6636,Otro,191.0,4.39738219895288,3.094240837696335,7.250028200789622
1672652651,39,Masculino,Chicago,Medio,3,9.27,Sí,Sí,Carnes,Sí,Efectivo,2728,Carnes,32.0,4.3125,49.65625,0.45177260331445357
4985734426,64,Masculino,Chicago,Medio,4,21.03,Sí,Sí,Mariscos,No,App,1918,Mariscos y pescado,21.0,4.409523809523809,59.142857142857146,0.37930756843800323
9221310342,49,Masculino,Chicago,Muy Alto,7,76.72,Sí,Sí,Otro,Sí,App,17381,Otro,191.0,4.39738219895288,3.094240837696335,7.250028200789622
5901981439,79,Femenino,Chicago,Alto,6,33.44,No,No,Pescado,Sí,Tarjeta,4923,Mariscos y pescado,21.0,4.409523809523809,59.142857142857146,0.37930756843800323
1734939667,65,Femenino,Chicago,Bajo,0,0.0,No,Sí,Carnes,No,Efectivo,809,Carnes,32.0,4.3125,49.65625,0.45177260331445357
7747720341,47,Femenino,Chicago,Medio,5,28.48,Sí,No,Carnes,Sí,Efectivo,2103,Carnes,32.0,4.3125,49.65625,0.45177260331445357
3076218078,44,Masculino,Chicago,Medio,4,15.05,Sí,Sí,Vegetariano,No,Efectivo,2268,Vegetariano/Vegano,2.0,4.1,847.0,0.02648563557654467
8702481015,66,Femenino,Chicago,Bajo,2,5.97,No,No,Vegetariano,No,Tarjeta,806,Vegetariano/Vegano,2.0,4.1,847.0,0.02648563557654467
8006362913,48,Femenino,Chicago,Muy Alto,10,14.35,No,No,Carnes,Sí,App,13865,Carnes,32.0,4.3125,49.65625,0.45177260331445357
3658963313,30,Masculino,Chicago,Medio,5,5.27,No,Sí,Vegetariano,No,App,3008,Vegetariano/Vegano,2.0,4.1,847.0,0.02648563557654467
1457515727,54,Femenino,Chicago,Alto,5,40.31,No,No,Vegano,Sí,Tarjeta,4085,Vegetariano/Vegano,2.0,4.1,847.0,0.02648563557654467
4976407920,69,Femenino,Chicago,Muy Alto,5,29.9,No,No,Vegano,Sí,Efectivo,14366,Vegetariano/Vegano,2.0,4.1,847.0,0.02648563557654467
9637677009,33,Femenino,Chicago,Alto,6,30.35,Sí,No,Vegetariano,Sí,Tarjeta,5428,Vegetariano/Vegano,2.0,4.1,847.0,0.02648563557654467
4236149857,22,Masculino,Chicago,Muy Alto,6,74.79,No,Sí,Carnes,Sí,Efectivo,16129,Carnes,32.0,4.3125,49.65625,0.45177260331445357
2736603852,42,Femenino,Chicago,Bajo,3,7.21,No,No,Pescado,No,Efectivo,1447,Mariscos y pescado,21.0,4.409523809523809,59.142857142857146,0.37930756843800323
9355830578,28,Masculino,Chicago,Medio,4,23.76,No,Sí,Sin dato,No,Efectivo,3077,Sin dato,,,,
2610237679,50,Femenino,Chicago,Muy Alto,7,41.37,No,No,Vegano,Sí,Tarjeta,15219,Vegetariano/Vegano,2.0,4.1,847.0,0.02648563557654467
1459081248,61,Femenino,Chicago,Bajo,2,7.16,No,Sí,Vegetariano,No,Tarjeta,1384,Vegetariano/Vegano,2.0,4.1,847.0,0.02648563557654467
8708159741,57,Femenino,Chicago,Medio,2,24.67,Sí,Sí,Carnes,No,Tarjeta,3133,Carnes,32.0,4.3125,49.65625,0.45177260331445357
1602701908,34,Femenino,Chicago,Alto,6,18.46,No,Sí,Vegetariano,No,Efectivo,8532,Vegetariano/Vegano,2.0,4.1,847.0,0.02648563557654467
5794335854,77,Femenino,Chicago,Medio,5,13.02,Sí,Sí,Otro,No,App,2687,Otro,191.0,4.39738219895288,3.094240837696335,7.250028200789622
1691763999,20,Masculino,Chicago,Alto,4,27.84,No,Sí,Carnes,Sí,Criptomoneda,6084,Carnes,32.0,4.3125,49.65625,0.45177260331445357
3252816770,21,Masculino,Chicago,Medio,5,10.98,Sí,Sí,Pescado,No,Efectivo,2204,Mariscos y pescado,21.0,4.409523809523809,59.142857142857146,0.37930756843800323
7444519046,40,Femenino,Chicago,Alto,4,6.06,No,Sí,Carnes,Sí,App,4239,Carnes,32.0,4.3125,49.65625,0.45177260331445357
2020789741,79,Masculino,Chicago,Medio,2,16.18,Sí,Sí,Pescado,No,App,2361,Mariscos y pescado,21.0,4.409523809523809,59.142857142857146,0.37930756843800323
6704212255,73,Masculino,Chicago,Alto,4,32.19,Sí,No,Mariscos,No,Tarjeta,4530,Mariscos y pescado,21.0,4.409523809523809,59.142857142857146,0.37930756843800323
1189050701,22,Femenino,Chicago,Medio,3,14.27,Sí,Sí,Vegano,No,Efectivo,1879,Vegetariano/Vegano,2.0,4.1,847.0,0.02648563557654467
9560674336,32,Masculino,Chicago,Medio,2,16.0,No,Sí,Otro,No,App,2464,Otro,191.0,4.39738219895288,3.094240837696335,7.250028200789622
6392694593,41,Masculino,Chicago,Bajo,1,5.34,Sí,Sí,Otro,No,App,1090,Otro,191.0,4.39738219895288,3.094240837696335,7.250028200789622
9259573484,50,Femenino,Chicago,Bajo,1,5.18,No,Sí,Pescado,No,Criptomoneda,1084,Mariscos y pescado,21.0,4.409523809523809,59.142857142857146,0.37930756843800323
1485574228,18,Masculino,Chicago,Alto,4,42.54,Sí,Sí,Carnes,Sí,Tarjeta,4733,Carnes,32.0,4.3125,49.65625,0.45177260331445357
3344324927,56,Masculino,Chicago,Alto,6,26.73,Sí,No,Vegano,Sí,Tarjeta,4472,Vegetariano/Vegano,2.0,4.1,847.0,0.02648563557654467
8179977004,79,Femenino,Chicago,Bajo,2,5.73,No,No,Carnes,No,Tarjeta,904,Carnes,32.0,4.3125,49.65625,0.45177260331445357
2880416297,70,Masculino,Chicago,Muy Alto,8,78.62,No,No,Vegetariano,Sí,Efectivo,15841,Vegetariano/Vegano,2.0,4.1,847.0,0.02648563557654467
8346909445,68,Femenino,Chicago,Alto,4,8.91,No,Sí,Vegetariano,No,Efectivo,3615,Vegetariano/Vegano,2.0,4.1,847.0,0.02648563557654467
9111943073,63,Femenino,Chicago,Alto,5,57.32,No,No,Vegetariano,No,Tarjeta,8077,Vegetariano/Vegano,2.0,4.1,847.0,0.02648563557654467
5650178544,33,Femenino,Chicago,Medio,4,22.34,No,Sí,Vegetariano,No,Efectivo,2917,Vegetariano/Vegano,2.0,4.1,847.0,0.02648563557654467
3120146518,41,Masculino,Chicago,Medio,2,24.75,No,No,Vegetariano,No,App,2134,Vegetariano/Vegano,2.0,4.1,847.0,0.02648563557654467
9601279346,53,Femenino,Chicago,Medio,2,16.36,No,No,Carnes,No,Tarjeta,3392,Carnes,32.0,4.3125,49.65625,0.45177260331445357
1335745390,55,Masculino,Chicago,Bajo,2,5.71,No,Sí,Vegetariano,No,Tarjeta,1104,Vegetariano/Vegano,2.0,4.1,847.0,0.02648563557654467
9893541353,49,Masculino,Chicago,Medio,5,19.58,Sí,No,Sin dato,No,Efectivo,2863,Sin dato,,,,
5711972095,33,Femenino,Chicago,Alto,4,52.9,Sí,Sí,Vegetariano,Sí,Tarjeta,3570,Vegetariano/Vegano,2.0,4.1,847.0,0.02648563557654467
1133859579,73,Femenino,Chicago,Alto,4,13.47,No,Sí,Vegano,Sí,Tarjeta,3729,Vegetariano/Vegano,2.0,4.1,847.0,0.02648563557654467
8013179539,75,Femenino,Chicago,Muy Alto,5,16.73,Sí,Sí,Vegetariano,Sí,App,12688,Vegetariano/Vegano,2.0,4.1,847.0,0.02648563557654467
7284807437,47,Masculino,Chicago,Medio,3,20.01,Sí,No,Vegetariano,No,Efectivo,2892,Vegetariano/Vegano,2.0,4.1,847.0,0.02648563557654467
4435329248,34,Femenino,Chicago,Muy Alto,7,92.12,Sí,Sí,Carnes,Sí,Tarjeta,15111,Carnes,32.0,4.3125,49.65625,0.45177260331445357
8818673092,73,Masculino,Chicago,Muy Alto,7,59.45,No,No,Vegano,Sí,Tarjeta,12106,Vegetariano/Vegano,2.0,4.1,847.0,0.02648563557654467
6854031895,77,Femenino,Chicago,Muy Alto,6,84.38,Sí,Sí,Mariscos,Sí,Efectivo,10028,Mariscos y pescado,21.0,4.409523809523809,59.142857142857146,0.37930756843800323
2383641852,25,Masculino,Chicago,Muy Alto,9,17.6,Sí,Sí,Vegetariano,Sí,App,12327,Vegetariano/Vegano,2.0,4.1,847.0,0.02648563557654467
4264426874,50,Masculino,Chicago,Bajo,2,5.67,Sí,No,Vegetariano,No,App,1479,Vegetariano/Vegano,2.0,4.1,847.0,0.02648563557654467
6303075864,50,Femenino,Chicago,Bajo,3,8.34,Sí,No,Vegano,No,Efectivo,1062,Vegetariano/Vegano,2.0,4.1,847.0,0.02648563557654467
2132724321,69,Femenino,Chicago,Alto,5,38.7,No,No,Mariscos,No,Efectivo,8144,Mariscos y pescado,21.0,4.409523809523809,59.142857142857146,0.37930756843800323
8074954798,30,Femenino,Chicago,Medio,3,6.5,Sí,Sí,Otro,No,Efectivo,2646,Otro,191.0,4.39738219895288,3.094240837696335,7.250028200789622
3353423112,25,Masculino,Chicago,Muy Alto,5,40.63,No,Sí,Mariscos,Sí,App,14907,Mariscos y pescado,21.0,4.409523809523809,59.142857142857146,0.37930756843800323
7074050517,24,Masculino,Chicago,Medio,3,18.92,Sí,No,Vegano,No,Tarjeta,2376,Vegetariano/Vegano,2.0,4.1,847.0,0.02648563557654467
7524309731,51,Femenino,Chicago,Alto,4,12.99,Sí,Sí,Otro,No,Efectivo,8740,Otro,191.0,4.39738219895288,3.094240837696335,7.250028200789622
1881709149,68,Femenino,Chicago,Bajo,0,0.0,No,Sí,Sin dato,No,Efectivo,1345,Sin dato,,,,
6855643596,19,Masculino,Chicago,Medio,4,24.01,Sí,Sí,Carnes,No,Tarjeta,3356,Carnes,32.0,4.3125,49.65625,0.45177260331445357
7121853301,28,Femenino,Chicago,Alto,4,59.35,Sí,No,Vegano,Sí,Efectivo,4896,Vegetariano/Vegano,2.0,4.1,847.0,0.02648563557654467
8241440480,48,Femenino,Chicago,Alto,6,23.38,No,No,Vegano,No,Efectivo,4049,Vegetariano/Vegano,2.0,4.1,847.0,0.02648563557654467
7536878838,24,Femenino,Chicago,Bajo,2,7.96,Sí,Sí,Carnes,No,App,932,Carnes,32.0,4.3125,49.65625,0.45177260331445357
6485419723,33,Femenino,Chicago,Muy Alto,7,95.16,No,No,Otro,Sí,Tarjeta,13344,Otro,191.0,4.39738219895288,3.094240837696335,7.250028200789622
1357561213,71,Masculino,Chicago,Alto,4,52.12,No,Sí,Pescado,No,Tarjeta,3628,Mariscos y pescado,21.0,4.409523809523809,59.142857142857146,0.37930756843800323
4573048663,71,Masculino,Chicago,Alto,4,32.01,No,No,Vegetariano,No,Efectivo,7802,Vegetariano/Vegano,2.0,4.1,847.0,0.02648563557654467
5005923788,48,Femenino,Chicago,Medio,4,14.43,No,No,Vegetariano,No,Efectivo,2347,Vegetariano/Vegano,2.0,4.1,847.0,0.02648563557654467
5101521037,75,Femenino,Chicago,Medio,2,21.63,No,No,Mariscos,No,Efectivo,2738,Mariscos y pescado,21.0,4.409523809523809,59.142857142857146,0.37930756843800323
9439941043,67,Masculino,Chicago,Medio,5,10.6,No,No,Sin dato,No,Efectivo,2075,Sin dato,,,,
8060926433,71,Masculino,Chicago,Bajo,3,9.86,Sí,Sí,Otro,No,Efectivo,1327,Otro,191.0,4.39738219895288,3.094240837696335,7.250028200789622
2067491658,44,Masculino,Chicago,Bajo,3,8.83,Sí,Sí,Carnes,No,App,1050,Carnes,32.0,4.3125,49.65625,0.45177260331445357
1157929965,32,Masculino,Chicago,Medio,2,28.27,Sí,Sí,Carnes,No,Efectivo,3065,Carnes,32.0,4.3125,49.65625,0.45177260331445357
3789119411,71,Masculino,Chicago,Medio,3,6.71,No,Sí,Otro,No,Efectivo,2969,Otro,191.0,4.39738219895288,3.094240837696335,7.250028200789622
3653594796,74,Masculino,Chicago,Bajo,0,0.0,Sí,No,Carnes,No,App,1545,Carnes,32.0,4.3125,49.65625,0.45177260331445357
3033046681,29,Femenino,Chicago,Medio,2,9.24,No,Sí,Carnes,No,App,2895,Carnes,32.0,4.3125,49.65625,0.45177260331445357
5145260536,47,Masculino,Chicago,Medio,4,5.59,Sí,No,Carnes,No,App,2640,Carnes,32.0,4.3125,49.65625,0.45177260331445357
6038780151,45,Masculino,Chicago,Bajo,1,8.34,Sí,No,Vegano,No,App,1031,Vegetariano/Vegano,2.0,4.1,847.0,0.02648563557654467
3206731507,71,Femenino,Chicago,Bajo,1,9.6,No,Sí,Vegetariano,No,App,876,Vegetariano/Vegano,2.0,4.1,847.0,0.02648563557654467
4362655061,74,Masculino,Chicago,Muy Alto,9,84.45,Sí,No,Mariscos,Sí,Efectivo,15268,Mariscos y pescado,21.0,4.409523809523809,59.142857142857146,0.37930756843800323
3286645237,80,Femenino,Chicago,Alto,5,14.88,No,Sí,Otro,Sí,App,4463,Otro,191.0,4.39738219895288,3.094240837696335,7.250028200789622
9695949463,74,Masculino,Chicago,Muy Alto,7,91.32,Sí,No,Vegetariano,Sí,Efectivo,17819,Vegetariano/Vegano,2.0,4.1,847.0,0.02648563557654467
4911804606,75,Masculino,Chicago,Medio,5,25.21,Sí,Sí,Mariscos,No,Efectivo,2100,Mariscos y pescado,21.0,4.409523809523809,59.142857142857146,0.37930756843800323
4990187462,35,Femenino,Chicago,Alto,4,59.19,No,Sí,Vegetariano,Sí,Efectivo,8551,Vegetariano/Vegano,2.0,4.1,847.0,0.02648563557654467
3768606596,48,Masculino,Chicago,Alto,6,25.16,No,Sí,Vegetariano,Sí,Tarjeta,7473,Vegetariano/Vegano,2.0,4.1,847.0,0.02648563557654467
5061737765,74,Femenino,Chicago,Bajo,2,5.56,Sí,No,Sin dato,No,Tarjeta,1563,Sin dato,,,,
7952718586,54,Femenino,Chicago,Alto,4,6.23,Sí,Sí,Carnes,No,App,7890,Carnes,32.0,4.3125,49.65625,0.45177260331445357
6704483233,34,Masculino,Chicago,Bajo,1,7.77,No,No,Mariscos,No,Efectivo,1156,Mariscos y pescado,21.0,4.409523809523809,59.142857142857146,0.37930756843800323
5836301842,52,Femenino,Chicago,Muy Alto,8,66.15,No,Sí,Sin dato,Sí,Efectivo,14119,Sin dato,,,,
5087357728,80,Masculino,Chicago,Medio,5,18.92,No,No,Carnes,No,Tarjeta,1879,Carnes,32.0,4.3125,49.65625,0.45177260331445357
4931057335,72,Masculino,Chicago,Medio,5,16.03,No,No,Vegetariano,No,Tarjeta,3469,Vegetariano/Vegano,2.0,4.1,847.0,0.02648563557654467
6067219231,74,Masculino,Chicago,Medio,5,14.25,Sí,Sí,Otro,No,Efectivo,2375,Otro,191.0,4.39738219895288,3.094240837696335,7.250028200789622
5368097149,51,Masculino,Chicago,Medio,4,11.89,Sí,No,Mariscos,No,App,2266,Mariscos y pescado,21.0,4.409523809523809,59.142857142857146,0.37930756843800323
6193655014,76,Masculino,Chicago,Bajo,3,7.84,Sí,Sí,Vegano,No,Efectivo,1047,Vegetariano/Vegano,2.0,4.1,847.0,0.02648563557654467
2580553038,52,Femenino,Chicago,Medio,2,16.01,No,Sí,Mariscos,No,App,1607,Mariscos y pescado,21.0,4.409523809523809,59.142857142857146,0.37930756843800323
2731463276,39,Masculino,Chicago,Medio,5,29.09,No,Sí,Carnes,Sí,App,1603,Carnes,32.0,4.3125,49.65625,0.45177260331445357
5051102608,28,Femenino,Chicago,Muy Alto,5,27.21,No,Sí,Otro,Sí,Criptomoneda,14583,Otro,191.0,4.39738219895288,3.094240837696335,7.250028200789622
3648919551,39,Femenino,Chicago,Medio,5,29.36,No,No,Otro,No,Efectivo,2796,Otro,191.0,4.39738219895288,3.094240837696335,7.250028200789622
1754049136,68,Femenino,Chicago,Bajo,3,6.05,Sí,No,Mariscos,No,Tarjeta,1057,Mariscos y pescado,21.0,4.409523809523809,59.142857142857146,0.37930756843800323
2471907357,40,Masculino,Chicago,Medio,4,28.93,No,No,Mariscos,No,Tarjeta,1979,Mariscos y pescado,21.0,4.409523809523809,59.142857142857146,0.37930756843800323
1312933167,29,Masculino,Chicago,Medio,4,8.82,Sí,Sí,Vegetariano,No,App,2441,Vegetariano/Vegano,2.0,4.1,847.0,0.02648563557654467
7849891432,61,Masculino,Chicago,Medio,2,16.13,No,Sí,Vegetariano,No,Tarjeta,1804,Vegetariano/Vegano,2.0,4.1,847.0,0.02648563557654467
1173417196,20,Femenino,Chicago,Muy Alto,6,45.74,No,Sí,Otro,Sí,App,14968,Otro,191.0,4.39738219895288,3.094240837696335,7.250028200789622
1601050402,77,Femenino,Chicago,Muy Alto,5,16.17,Sí,Sí,Carnes,Sí,Efectivo,14217,Carnes,32.0,4.3125,49.65625,0.45177260331445357
6500836382,21,Femenino,Chicago,Alto,6,32.35,No,Sí,Carnes,Sí,App,6811,Carnes,32.0,4.3125,49.65625,0.45177260331445357
4586139213,33,Masculino,Chicago,Muy Alto,6,93.55,Sí,No,Vegetariano,Sí,Efectivo,17568,Vegetariano/Vegano,2.0,4.1,847.0,0.02648563557654467
4887852647,75,Masculino,Chicago,Bajo,3,8.41,Sí,Sí,Otro,No,Tarjeta,1461,Otro,191.0,4.39738219895288,3.094240837696335,7.250028200789622
3172727263,57,Masculino,Chicago,Alto,5,30.28,No,No,Sin dato,No,App,7256,Sin dato,,,,
2110194071,45,Femenino,Chicago,Medio,4,27.78,Sí,No,Otro,No,Tarjeta,2169,Otro,191.0,4.39738219895288,3.094240837696335,7.250028200789622
9967357959,48,Masculino,Chicago,Medio,2,27.68,Sí,No,Mariscos,No,App,2662,Mariscos y pescado,21.0,4.409523809523809,59.142857142857146,0.37930756843800323
3427654118,28,Femenino,Chicago,Bajo,1,5.33,No,Sí,Vegetariano,No,Efectivo,1386,Vegetariano/Vegano,2.0,4.1,847.0,0.02648563557654467
2139027119,56,Masculino,Chicago,Bajo,2,5.06,No,No,Mariscos,No,Tarjeta,1076,Mariscos y pescado,21.0,4.409523809523809,59.142857142857146,0.37930756843800323
7716932057,38,Femenino,Chicago,Alto,6,41.86,No,No,Pescado,Sí,Efectivo,4938,Mariscos y pescado,21.0,4.409523809523809,59.142857142857146,0.37930756843800323
1639509845,35,Masculino,Chicago,Medio,3,15.6,No,Sí,Carnes,No,Efectivo,2070,Carnes,32.0,4.3125,49.65625,0.45177260331445357
2242627930,31,Femenino,Chicago,Muy Alto,10,51.7,No,Sí,Mariscos,Sí,App,15093,Mariscos y pescado,21.0,4.409523809523809,59.142857142857146,0.37930756843800323
9593556142,67,Femenino,Chicago,Medio,3,6.14,No,Sí,Vegetariano,No,Efectivo,2466,Vegetariano/Vegano,2.0,4.1,847.0,0.02648563557654467
2730988090,76,Masculino,Chicago,Medio,2,10.93,Sí,No,Carnes,No,Tarjeta,3383,Carnes,32.0,4.3125,49.65625,0.45177260331445357
1387652480,59,Femenino,Chicago,Bajo,2,8.27,No,No,Carnes,No,Tarjeta,1031,Carnes,32.0,4.3125,49.65625,0.45177260331445357
2876657706,29,Femenino,Chicago,Alto,4,54.62,No,Sí,Carnes,Sí,Tarjeta,4674,Carnes,32.0,4.3125,49.65625,0.45177260331445357
7552303481,19,Masculino,Chicago,Alto,4,32.955,No,Sí,Pescado,No,Tarjeta,4380,Mariscos y pescado,21.0,4.409523809523809,59.142857142857146,0.37930756843800323
3457877922,41,Masculino,Chicago,Bajo,0,0.0,No,No,Carnes,No,Criptomoneda,1032,Carnes,32.0,4.3125,49.65625,0.45177260331445357
7261129015,40,Masculino,Chicago,Medio,5,14.36,Sí,Sí,Carnes,No,Efectivo,2167,Carnes,32.0,4.3125,49.65625,0.45177260331445357
8546765774,31,Femenino,Chicago,Alto,4,55.78,No,No,Otro,Sí,Tarjeta,7386,Otro,191.0,4.39738219895288,3.094240837696335,7.250028200789622
8741569352,24,Femenino,Chicago,Alto,4,23.76,No,Sí,Vegetariano,Sí,App,6370,Vegetariano/Vegano,2.0,4.1,847.0,0.02648563557654467
5430809445,26,Masculino,Chicago,Alto,4,16.85,No,Sí,Otro,Sí,App,5197,Otro,191.0,4.39738219895288,3.094240837696335,7.250028200789622
5564555700,76,Femenino,Chicago,Muy Alto,8,32.3,No,No,Vegetariano,Sí,Efectivo,16455,Vegetariano/Vegano,2.0,4.1,847.0,0.02648563557654467
6236063884,62,Masculino,Chicago,Medio,4,8.24,No,Sí,Carnes,No,Tarjeta,2627,Carnes,32.0,4.3125,49.65625,0.45177260331445357
6858490332,74,Femenino,Chicago,Muy Alto,9,50.84,No,Sí,Carnes,Sí,Efectivo,17081,Carnes,32.0,4.3125,49.65625,0.45177260331445357
4279224294,67,Femenino,Chicago,Alto,6,52.1,Sí,No,Pescado,Sí,Tarjeta,8311,Mariscos y pescado,21.0,4.409523809523809,59.142857142857146,0.37930756843800323
1869986241,28,Femenino,Chicago,Alto,5,7.16,No,Sí,Otro,No,Efectivo,5740,Otro,191.0,4.39738219895288,3.094240837696335,7.250028200789622
4682833821,24,Masculino,Chicago,Alto,6,58.05,Sí,Sí,Vegetariano,Sí,Efectivo,8904,Vegetariano/Vegano,2.0,4.1,847.0,0.02648563557654467
8088105050,47,Femenino,Chicago,Muy Alto,5,92.79,No,No,Vegetariano,Sí,Efectivo,14613,Vegetariano/Vegano,2.0,4.1,847.0,0.02648563557654467
6083676509,51,Masculino,Chicago,Medio,4,27.45,No,No,Otro,Sí,Efectivo,2915,Otro,191.0,4.39738219895288,3.094240837696335,7.250028200789622
5674062173,72,Femenino,Chicago,Muy Alto,5,15.87,Sí,No,Otro,Sí,Efectivo,17058,Otro,191.0,4.39738219895288,3.094240837696335,7.250028200789622
7505878523,54,Femenino,Chicago,Medio,4,19.53,No,No,Pescado,No,App,2295,Mariscos y pescado,21.0,4.409523809523809,59.142857142857146,0.37930756843800323
7681374770,18,Masculino,Chicago,Alto,6,13.55,No,Sí,Vegetariano,Sí,Efectivo,4008,Vegetariano/Vegano,2.0,4.1,847.0,0.02648563557654467
6762092117,33,Masculino,Chicago,Muy Alto,5,58.54,Sí,No,Carnes,Sí,Tarjeta,16163,Carnes,32.0,4.3125,49.65625,0.45177260331445357
6787875271,78,Masculino,Chicago,Medio,3,22.98,No,Sí,Otro,No,App,1972,Otro,191.0,4.39738219895288,3.094240837696335,7.250028200789622
7625389037,67,Femenino,Chicago,Medio,4,21.99,No,Sí,Carnes,No,Tarjeta,2393,Carnes,32.0,4.3125,49.65625,0.45177260331445357
9324439506,63,Masculino,Chicago,Bajo,0,0.0,Sí,No,Vegetariano,No,Tarjeta,1321,Vegetariano/Vegano,2.0,4.1,847.0,0.02648563557654467
4829425048,18,Masculino,Chicago,Bajo,1,5.69,No,Sí,Vegetariano,No,Efectivo,1009,Vegetariano/Vegano,2.0,4.1,847.0,0.02648563557654467
7069064850,33,Femenino,Chicago,Bajo,2,8.38,No,Sí,Pescado,No,Tarjeta,1298,Mariscos y pescado,21.0,4.409523809523809,59.142857142857146,0.37930756843800323
4207481343,78,Masculino,Chicago,Bajo,0,0.0,Sí,Sí,Vegano,No,Efectivo,1051,Vegetariano/Vegano,2.0,4.1,847.0,0.02648563557654467
6766588090,69,Masculino,Chicago,Alto,4,44.83,Sí,Sí,Carnes,Sí,Efectivo,3761,Carnes,32.0,4.3125,49.65625,0.45177260331445357
4427261312,46,Femenino,Chicago,Muy Alto,5,47.93,Sí,No,Carnes,Sí,Efectivo,16433,Carnes,32.0,4.3125,49.65625,0.45177260331445357
7226553010,44,Masculino,Chicago,Medio,3,24.02,No,No,Otro,No,Tarjeta,3084,Otro,191.0,4.39738219895288,3.094240837696335,7.250028200789622
6714106326,45,Masculino,Chicago,Bajo,0,0.0,Sí,No,Sin dato,No,Efectivo,1239,Sin dato,,,,
9486494079,70,Masculino,Chicago,Muy Alto,6,14.81,Sí,No,Mariscos,No,App,17929,Mariscos y pescado,21.0,4.409523809523809,59.142857142857146,0.37930756843800323
2519815008,45,Masculino,Chicago,Muy Alto,5,38.43,Sí,Sí,Otro,Sí,App,13337,Otro,191.0,4.39738219895288,3.094240837696335,7.250028200789622
1514080521,72,Femenino,Chicago,Muy Alto,10,43.94,No,No,Vegetariano,Sí,App,11616,Vegetariano/Vegano,2.0,4.1,847.0,0.02648563557654467
4988247780,69,Masculino,Chicago,Muy Alto,10,84.84,Sí,No,Mariscos,Sí,Efectivo,14960,Mariscos y pescado,21.0,4.409523809523809,59.142857142857146,0.37930756843800323
5746127311,37,Masculino,Chicago,Medio,2,8.7,Sí,No,Vegetariano,No,Efectivo,2082,Vegetariano/Vegano,2.0,4.1,847.0,0.02648563557654467
1348650150,53,Femenino,Chicago,Alto,5,58.95,No,No,Vegetariano,Sí,App,7896,Vegetariano/Vegano,2.0,4.1,847.0,0.02648563557654467
2688971274,66,Femenino,Chicago,Alto,6,16.9,Sí,Sí,Carnes,Sí,App,8683,Carnes,32.0,4.3125,49.65625,0.45177260331445357
5098860603,22,Femenino,Chicago,Bajo,1,7.76,No,Sí,Mariscos,No,Tarjeta,1116,Mariscos y pescado,21.0,4.409523809523809,59.142857142857146,0.37930756843800323
7735322123,30,Femenino,Chicago,Muy Alto,7,53.11,No,Sí,Otro,Sí,Efectivo,14104,Otro,191.0,4.39738219895288,3.094240837696335,7.250028200789622
3135774649,50,Masculino,Chicago,Alto,5,18.97,No,Sí,Pescado,Sí,Tarjeta,7395,Mariscos y pescado,21.0,4.409523809523809,59.142857142857146,0.37930756843800323
7575433134,48,Femenino,Chicago,Medio,3,7.11,No,No,Vegano,No,Tarjeta,2631,Vegetariano/Vegano,2.0,4.1,847.0,0.02648563557654467
7155948235,77,Femenino,Chicago,Medio,2,18.5,Sí,No,Pescado,No,App,3009,Mariscos y pescado,21.0,4.409523809523809,59.142857142857146,0.37930756843800323
9645709306,37,Femenino,Chicago,Muy Alto,10,5.94,Sí,Sí,Otro,Sí,Tarjeta,15715,Otro,191.0,4.39738219895288,3.094240837696335,7.250028200789622
9290691086,48,Masculino,Chicago,Bajo,2,6.49,Sí,No,Carnes,No,App,1053,Carnes,32.0,4.3125,49.65625,0.45177260331445357
5888783570,59,Femenino,Chicago,Muy Alto,6,9.16,No,Sí,Vegano,Sí,App,15030,Vegetariano/Vegano,2.0,4.1,847.0,0.02648563557654467
5888015939,65,Femenino,Chicago,Medio,4,20.9,Sí,Sí,Mariscos,No,App,3408,Mariscos y pescado,21.0,4.409523809523809,59.142857142857146,0.37930756843800323
9948398834,18,Masculino,Chicago,Bajo,2,5.83,Sí,Sí,Otro,No,Tarjeta,1139,Otro,191.0,4.39738219895288,3.094240837696335,7.250028200789622
1568690057,28,Masculino,Chicago,Medio,4,16.53,Sí,Sí,Carnes,No,Efectivo,3093,Carnes,32.0,4.3125,49.65625,0.45177260331445357
2665889601,38,Femenino,Chicago,Bajo,3,6.57,Sí,No,Sin dato,No,Efectivo,1313,Sin dato,,,,
6371322301,52,Masculino,Chicago,Medio,4,20.24,Sí,No,Carnes,No,Efectivo,2454,Carnes,32.0,4.3125,49.65625,0.45177260331445357
4215771198,66,Masculino,Chicago,Muy Alto,6,33.05,No,No,Carnes,Sí,Efectivo,10237,Carnes,32.0,4.3125,49.65625,0.45177260331445357
1233949538,70,Masculino,Chicago,Muy Alto,5,23.64,Sí,Sí,Vegano,Sí,Tarjeta,15486,Vegetariano/Vegano,2.0,4.1,847.0,0.02648563557654467
6880115912,49,Femenino,Chicago,Medio,3,26.58,Sí,No,Otro,No,Efectivo,3076,Otro,191.0,4.39738219895288,3.094240837696335,7.250028200789622
8736588986,35,Masculino,Chicago,Medio,4,15.54,No,No,Mariscos,No,App,1892,Mariscos y pescado,21.0,4.409523809523809,59.142857142857146,0.37930756843800323
7590586868,56,Masculino,Chicago,Medio,2,7.29,Sí,Sí,Vegetariano,No,App,2262,Vegetariano/Vegano,2.0,4.1,847.0,0.02648563557654467
8682236820,68,Femenino,Chicago,Alto,6,31.56,Sí,Sí,Vegetariano,Sí,Tarjeta,4777,Vegetariano/Vegano,2.0,4.1,847.0,0.02648563557654467
5196080556,74,Masculino,Chicago,Medio,4,28.45,Sí,No,Sin dato,No,Tarjeta,2236,Sin dato,,,,
8284073512,58,Masculino,Chicago,Bajo,0,0.0,Sí,Sí,Vegano,No,Efectivo,1092,Vegetariano/Vegano,2.0,4.1,847.0,0.02648563557654467
8678217181,70,Femenino,Chicago,Alto,5,48.26,Sí,Sí,Vegetariano,Sí,App,8094,Vegetariano/Vegano,2.0,4.1,847.0,0.02648563557654467
8172118275,74,Femenino,Chicago,Bajo,0,0.0,No,No,Vegano,No,Tarjeta,1457,Vegetariano/Vegano,2.0,4.1,847.0,0.02648563557654467
9416206270,51,Femenino,Chicago,Bajo,2,8.15,No,Sí,Carnes,No,Tarjeta,1526,Carnes,32.0,4.3125,49.65625,0.45177260331445357
7357301772,56,Masculino,Chicago,Alto,5,48.7,No,Sí,Carnes,Sí,Tarjeta,8464,Carnes,32.0,4.3125,49.65625,0.45177260331445357
9342562589,41,Femenino,Chicago,Alto,5,41.23,Sí,No,Carnes,Sí,Efectivo,6742,Carnes,32.0,4.3125,49.65625,0.45177260331445357
4672214312,69,Femenino,Chicago,Medio,2,20.18,Sí,Sí,Carnes,No,Tarjeta,2925,Carnes,32.0,4.3125,49.65625,0.45177260331445357
6287793163,40,Masculino,Chicago,Alto,5,13.77,No,No,Vegetariano,Sí,App,7847,Vegetariano/Vegano,2.0,4.1,847.0,0.02648563557654467
9937503865,33,Masculino,Chicago,Medio,2,29.55,Sí,Sí,Carnes,No,App,1972,Carnes,32.0,4.3125,49.65625,0.45177260331445357
3406905273,67,Femenino,Chicago,Bajo,0,0.0,No,Sí,Vegetariano,No,App,1367,Vegetariano/Vegano,2.0,4.1,847.0,0.02648563557654467
8626371177,55,Masculino,Chicago,Medio,4,21.76,No,Sí,Mariscos,No,Efectivo,2393,Mariscos y pescado,21.0,4.409523809523809,59.142857142857146,0.37930756843800323
6693766342,48,Femenino,Chicago,Alto,4,22.16,Sí,No,Carnes,No,Criptomoneda,6893,Carnes,32.0,4.3125,49.65625,0.45177260331445357
2572836282,24,Femenino,Chicago,Medio,4,18.73,Sí,Sí,Vegetariano,No,Efectivo,3454,Vegetariano/Vegano,2.0,4.1,847.0,0.02648563557654467
6748519679,26,Femenino,Chicago,Alto,5,49.27,Sí,Sí,Carnes,No,App,3520,Carnes,32.0,4.3125,49.65625,0.45177260331445357
2111272861,29,Masculino,Chicago,Alto,5,44.89,Sí,Sí,Vegano,Sí,App,6330,Vegetariano/Vegano,2.0,4.1,847.0,0.02648563557654467
9196096398,61,Femenino,Chicago,Bajo,0,0.0,No,Sí,Otro,No,Tarjeta,1075,Otro,191.0,4.39738219895288,3.094240837696335,7.250028200789622
6756679642,52,Masculino,Chicago,Medio,3,29.13,Sí,No,Carnes,Sí,Efectivo,2090,Carnes,32.0,4.3125,49.65625,0.45177260331445357
3497283526,74,Femenino,Chicago,Bajo,2,9.31,No,Sí,Otro,No,Tarjeta,1239,Otro,191.0,4.39738219895288,3.094240837696335,7.250028200789622
8642862275,20,Masculino,Chicago,Medio,4,17.38,No,Sí,Mariscos,No,Efectivo,2234,Mariscos y pescado,21.0,4.409523809523809,59.142857142857146,0.37930756843800323
7345120259,27,Femenino,Chicago,Medio,3,27.76,No,Sí,Vegetariano,Sí,App,2486,Vegetariano/Vegano,2.0,4.1,847.0,0.02648563557654467
2748836777,29,Masculino,Chicago,Bajo,1,6.96,No,Sí,Vegetariano,No,App,1165,Vegetariano/Vegano,2.0,4.1,847.0,0.02648563557654467
6094848842,78,Femenino,Chicago,Medio,5,17.575,No,No,Sin dato,Sí,Tarjeta,2370,Sin dato,,,,
5623687550,55,Masculino,Chicago,Medio,5,20.71,No,No,Vegetariano,No,App,2903,Vegetariano/Vegano,2.0,4.1,847.0,0.02648563557654467
4063952358,31,Femenino,Chicago,Medio,4,6.78,No,Sí,Carnes,No,Efectivo,1965,Carnes,32.0,4.3125,49.65625,0.45177260331445357
4486324021,22,Femenino,Chicago,Medio,5,26.16,No,Sí,Vegetariano,No,Efectivo,3088,Vegetariano/Vegano,2.0,4.1,847.0,0.02648563557654467
3434467825,49,Femenino,Chicago,Muy Alto,7,80.25,Sí,No,Pescado,No,Efectivo,13130,Mariscos y pescado,21.0,4.409523809523809,59.142857142857146,0.37930756843800323
2872311328,77,Femenino,Chicago,Alto,4,41.93,Sí,No,Pescado,Sí,Efectivo,5800,Mariscos y pescado,21.0,4.409523809523809,59.142857142857146,0.37930756843800323
4166639491,25,Femenino,Chicago,Bajo,3,5.58,No,Sí,Vegetariano,No,Efectivo,1036,Vegetariano/Vegano,2.0,4.1,847.0,0.02648563557654467
5223079421,46,Femenino,Chicago,Bajo,1,5.63,No,Sí,Otro,No,App,1326,Otro,191.0,4.39738219895288,3.094240837696335,7.250028200789622
1588787875,67,Masculino,Chicago,Bajo,3,8.46,Sí,No,Carnes,No,Efectivo,1007,Carnes,32.0,4.3125,49.65625,0.45177260331445357
3140667400,57,Masculino,Chicago,Bajo,1,7.03,No,Sí,Carnes,No,Efectivo,1573,Carnes,32.0,4.3125,49.65625,0.45177260331445357
4686463846,33,Femenino,Chicago,Alto,4,41.45,No,Sí,Sin dato,No,Tarjeta,5761,Sin dato,,,,
8667363241,37,Femenino,Chicago,Alto,5,36.02,Sí,Sí,Otro,No,Tarjeta,4397,Otro,191.0,4.39738219895288,3.094240837696335,7.250028200789622
8059128209,24,Masculino,Chicago,Bajo,2,9.28,Sí,Sí,Carnes,No,App,884,Carnes,32.0,4.3125,49.65625,0.45177260331445357
3861024122,35,Masculino,Chicago,Bajo,2,6.49,Sí,Sí,Vegetariano,No,App,1286,Vegetariano/Vegano,2.0,4.1,847.0,0.02648563557654467
3923823693,68,Femenino,Chicago,Alto,5,36.93,Sí,Sí,Carnes,No,App,6354,Carnes,32.0,4.3125,49.65625,0.45177260331445357
2480979328,50,Masculino,Chicago,Medio,3,16.07,No,Sí,Pescado,No,Tarjeta,2889,Mariscos y pescado,21.0,4.409523809523809,59.142857142857146,0.37930756843800323
1725783958,56,Masculino,Chicago,Medio,3,25.44,Sí,Sí,Mariscos,No,App,2528,Mariscos y pescado,21.0,4.409523809523809,59.142857142857146,0.37930756843800323
7360670711,73,Femenino,Chicago,Muy Alto,10,37.68,No,Sí,Vegetariano,Sí,Efectivo,11913,Vegetariano/Vegano,2.0,4.1,847.0,0.02648563557654467
7295896324,38,Femenino,Chicago,Medio,3,19.57,No,No,Mariscos,No,App,2362,Mariscos y pescado,21.0,4.409523809523809,59.142857142857146,0.37930756843800323
1102264943,66,Femenino,Chicago,Medio,3,21.8,No,Sí,Vegetariano,No,Tarjeta,3405,Vegetariano/Vegano,2.0,4.1,847.0,0.02648563557654467
4118282638,52,Femenino,Chicago,Bajo,0,0.0,Sí,Sí,Vegano,No,Efectivo,1284,Vegetariano/Vegano,2.0,4.1,847.0,0.02648563557654467
7567013597,43,Femenino,Chicago,Medio,5,9.96,No,No,Vegetariano,No,Efectivo,1759,Vegetariano/Vegano,2.0,4.1,847.0,0.02648563557654467
8858714543,50,Masculino,Chicago,Alto,5,24.14,No,Sí,Pescado,Sí,Efectivo,6894,Mariscos y pescado,21.0,4.409523809523809,59.142857142857146,0.37930756843800323
1399699943,32,Femenino,Chicago,Alto,5,24.1,Sí,Sí,Carnes,Sí,Efectivo,3541,Carnes,32.0,4.3125,49.65625,0.45177260331445357
6606958660,18,Masculino,Chicago,Medio,2,11.24,No,Sí,Carnes,No,Efectivo,3057,Carnes,32.0,4.3125,49.65625,0.45177260331445357
1905810748,36,Femenino,Chicago,Alto,4,57.45,No,No,Vegetariano,No,Tarjeta,5666,Vegetariano/Vegano,2.0,4.1,847.0,0.02648563557654467
5475236444,26,Femenino,Chicago,Bajo,0,0.0,Sí,Sí,Carnes,No,Tarjeta,1152,Carnes,32.0,4.3125,49.65625,0.45177260331445357
5337082566,78,Masculino,Chicago,Alto,6,42.26,Sí,Sí,Vegetariano,Sí,Tarjeta,8208,Vegetariano/Vegano,2.0,4.1,847.0,0.02648563557654467
2256150180,68,Masculino,Chicago,Alto,4,28.99,Sí,Sí,Carnes,Sí,Efectivo,4091,Carnes,32.0,4.3125,49.65625,0.45177260331445357
5694019423,33,Masculino,Chicago,Alto,6,42.73,Sí,Sí,Vegano,Sí,Efectivo,5556,Vegetariano/Vegano,2.0,4.1,847.0,0.02648563557654467
2304963614,65,Femenino,Chicago,Alto,5,21.05,Sí,No,Mariscos,Sí,Efectivo,8146,Mariscos y pescado,21.0,4.409523809523809,59.142857142857146,0.37930756843800323
7903185896,38,Femenino,Chicago,Bajo,2,6.68,No,Sí,Vegetariano,No,Efectivo,1186,Vegetariano/Vegano,2.0,4.1,847.0,0.02648563557654467
6295595650,19,Femenino,Chicago,Bajo,2,6.62,No,Sí,Sin dato,No,Efectivo,1476,Sin dato,,,,
7291512756,20,Femenino,Chicago,Medio,4,5.34,No,Sí,Carnes,No,Tarjeta,2463,Carnes,32.0,4.3125,49.65625,0.45177260331445357
2052529044,38,Femenino,Chicago,Medio,3,21.22,No,No,Carnes,No,App,2135,Carnes,32.0,4.3125,49.65625,0.45177260331445357
4226228116,32,Femenino,Chicago,Alto,4,38.21,No,Sí,Sin dato,Sí,Tarjeta,7169,Sin dato,,,,
3034709770,27,Femenino,Chicago,Alto,4,16.14,Sí,Sí,Carnes,Sí,Efectivo,8597,Carnes,32.0,4.3125,49.65625,0.45177260331445357
1185618883,54,Femenino,Chicago,Alto,6,36.96,Sí,Sí,Sin dato,Sí,App,8810,Sin dato,,,,
4936557121,18,Femenino,Chicago,Alto,6,44.5,No,Sí,Vegetariano,Sí,App,7517,Vegetariano/Vegano,2.0,4.1,847.0,0.02648563557654467
8471840923,29,Femenino,Chicago,Alto,4,6.54,Sí,Sí,Carnes,Sí,Tarjeta,5342,Carnes,32.0,4.3125,49.65625,0.45177260331445357
9171194940,68,Masculino,Chicago,Medio,3,29.16,Sí,No,Mariscos,No,App,1768,Mariscos y pescado,21.0,4.409523809523809,59.142857142857146,0.37930756843800323
3299247826,72,Femenino,Chicago,Medio,2,25.31,No,No,Vegetariano,No,Efectivo,2585,Vegetariano/Vegano,2.0,4.1,847.0,0.02648563557654467
6704828166,40,Masculino,Chicago,Bajo,0,0.0,Sí,Sí,Otro,No,Criptomoneda,880,Otro,191.0,4.39738219895288,3.094240837696335,7.250028200789622
2570991899,20,Masculino,Chicago,Medio,2,26.24,Sí,Sí,Vegetariano,No,Tarjeta,3266,Vegetariano/Vegano,2.0,4.1,847.0,0.02648563557654467
5972309634,29,Femenino,Chicago,Muy Alto,5,28.7,No,Sí,Mariscos,Sí,Efectivo,16308,Mariscos y pescado,21.0,4.409523809523809,59.142857142857146,0.37930756843800323
6632552759,35,Femenino,Chicago,Alto,5,32.89,Sí,Sí,Carnes,Sí,Tarjeta,7284,Carnes,32.0,4.3125,49.65625,0.45177260331445357
8251003829,19,Femenino,Chicago,Medio,5,28.39,No,Sí,Sin dato,No,Efectivo,2429,Sin dato,,,,
4867153819,40,Masculino,Chicago,Medio,3,24.82,No,No,Vegetariano,Sí,Tarjeta,1847,Vegetariano/Vegano,2.0,4.1,847.0,0.02648563557654467
5048299551,71,Masculino,Chicago,Medio,5,28.53,No,No,Vegetariano,No,Tarjeta,2441,Vegetariano/Vegano,2.0,4.1,847.0,0.02648563557654467
3415948515,23,Masculino,Chicago,Medio,3,26.83,No,Sí,Vegano,No,Tarjeta,2668,Vegetariano/Vegano,2.0,4.1,847.0,0.02648563557654467
9934729435,49,Femenino,Chicago,Medio,4,27.48,Sí,No,Carnes,Sí,App,3388,Carnes,32.0,4.3125,49.65625,0.45177260331445357
2673369932,73,Masculino,Chicago,Alto,4,51.16,Sí,No,Carnes,Sí,Efectivo,7243,Carnes,32.0,4.3125,49.65625,0.45177260331445357
6625790241,44,Masculino,Chicago,Muy Alto,8,12.64,No,No,Mariscos,Sí,Efectivo,14796,Mariscos y pescado,21.0,4.409523809523809,59.142857142857146,0.37930756843800323
3276483960,25,Femenino,Chicago,Alto,4,24.49,Sí,Sí,Carnes,Sí,Efectivo,8068,Carnes,32.0,4.3125,49.65625,0.45177260331445357
7512767226,50,Femenino,Chicago,Medio,4,8.46,Sí,No,Carnes,No,Tarjeta,2782,Carnes,32.0,4.3125,49.65625,0.45177260331445357
3760384004,73,Femenino,Chicago,Alto,5,42.6,No,No,Vegetariano,Sí,Tarjeta,4258,Vegetariano/Vegano,2.0,4.1,847.0,0.02648563557654467
2258964802,21,Masculino,Chicago,Medio,5,21.63,No,Sí,Carnes,No,App,2222,Carnes,32.0,4.3125,49.65625,0.45177260331445357
7728144686,74,Masculino,Chicago,Medio,4,27.74,Sí,Sí,Carnes,No,Efectivo,1820,Carnes,32.0,4.3125,49.65625,0.45177260331445357
8573424265,57,Masculino,Chicago,Alto,4,55.54,Sí,No,Vegano,Sí,Tarjeta,5954,Vegetariano/Vegano,2.0,4.1,847.0,0.02648563557654467
7253461596,63,Masculino,Chicago,Muy Alto,5,9.77,Sí,Sí,Vegano,Sí,Tarjeta,11109,Vegetariano/Vegano,2.0,4.1,847.0,0.02648563557654467
4920942483,79,Femenino,Chicago,Alto,4,20.57,No,No,Carnes,No,Efectivo,7938,Carnes,32.0,4.3125,49.65625,0.45177260331445357
8133975751,66,Femenino,Chicago,Medio,4,21.93,No,Sí,Vegetariano,No,App,2446,Vegetariano/Vegano,2.0,4.1,847.0,0.02648563557654467
6880379609,21,Femenino,Chicago,Medio,5,5.04,No,Sí,Carnes,No,Criptomoneda,3178,Carnes,32.0,4.3125,49.65625,0.45177260331445357
4921612234,45,Femenino,Chicago,Muy Alto,7,45.86,No,Sí,Otro,Sí,Efectivo,13931,Otro,191.0,4.39738219895288,3.094240837696335,7.250028200789622
9517014405,45,Masculino,Chicago,Bajo,1,9.81,Sí,No,Mariscos,No,Tarjeta,1363,Mariscos y pescado,21.0,4.409523809523809,59.142857142857146,0.37930756843800323
9359149818,45,Masculino,Chicago,Bajo,2,6.0,No,No,Mariscos,No,App,1200,Mariscos y pescado,21.0,4.409523809523809,59.142857142857146,0.37930756843800323
9753876667,68,Femenino,Chicago,Medio,3,6.63,No,Sí,Vegano,No,App,2712,Vegetariano/Vegano,2.0,4.1,847.0,0.02648563557654467
1896946425,58,Masculino,Chicago,Muy Alto,6,17.73,No,Sí,Sin dato,Sí,Tarjeta,14570,Sin dato,,,,
6697839141,19,Femenino,Chicago,Muy Alto,5,52.27,No,No,Pescado,Sí,Tarjeta,13383,Mariscos y pescado,21.0,4.409523809523809,59.142857142857146,0.37930756843800323
3007481368,32,Femenino,Chicago,Alto,6,58.51,No,No,Mariscos,No,Efectivo,7981,Mariscos y pescado,21.0,4.409523809523809,59.142857142857146,0.37930756843800323
3574636872,40,Masculino,Chicago,Alto,5,40.44,No,No,Carnes,Sí,Tarjeta,8840,Carnes,32.0,4.3125,49.65625,0.45177260331445357
5110244460,56,Masculino,Chicago,Bajo,2,9.64,No,Sí,Pescado,No,App,1451,Mariscos y pescado,21.0,4.409523809523809,59.142857142857146,0.37930756843800323
8159636341,54,Masculino,Chicago,Bajo,1,5.41,Sí,No,Sin dato,No,Tarjeta,1215,Sin dato,,,,
7604506493,75,Femenino,Chicago,Medio,4,6.22,No,No,Carnes,Sí,App,2964,Carnes,32.0,4.3125,49.65625,0.45177260331445357
8846861559,41,Femenino,Chicago,Medio,5,21.18,No,No,Carnes,No,Efectivo,1901,Carnes,32.0,4.3125,49.65625,0.45177260331445357
7374775639,77,Masculino,Chicago,Medio,4,17.0,No,No,Vegetariano,No,Efectivo,2837,Vegetariano/Vegano,2.0,4.1,847.0,0.02648563557654467
4518308588,71,Masculino,Chicago,Alto,5,34.04,No,Sí,Mariscos,No,Efectivo,7872,Mariscos y pescado,21.0,4.409523809523809,59.142857142857146,0.37930756843800323
1482082150,30,Masculino,Chicago,Bajo,3,9.11,No,Sí,Vegetariano,No,Efectivo,1497,Vegetariano/Vegano,2.0,4.1,847.0,0.02648563557654467
4501386912,33,Femenino,Chicago,Alto,4,30.58,Sí,No,Pescado,No,App,7995,Mariscos y pescado,21.0,4.409523809523809,59.142857142857146,0.37930756843800323
4961544796,41,Masculino,Chicago,Medio,4,20.58,No,No,Sin dato,No,Efectivo,1673,Sin dato,,,,
9153540101,36,Femenino,Chicago,Alto,6,35.92,Sí,No,Carnes,No,Efectivo,3577,Carnes,32.0,4.3125,49.65625,0.45177260331445357
8497938394,31,Femenino,Chicago,Alto,5,56.7,No,Sí,Carnes,No,App,7814,Carnes,32.0,4.3125,49.65625,0.45177260331445357
4331305234,25,Masculino,Chicago,Medio,4,28.36,No,No,Sin dato,No,App,2535,Sin dato,,,,
7088636363,55,Femenino,Chicago,Alto,4,10.38,Sí,Sí,Carnes,Sí,App,5448,Carnes,32.0,4.3125,49.65625,0.45177260331445357
4522909617,78,Femenino,Chicago,Medio,4,8.97,No,No,Sin dato,No,Tarjeta,2933,Sin dato,,,,
7793980443,78,Masculino,Chicago,Alto,5,18.73,Sí,No,Vegano,Sí,Tarjeta,8111,Vegetariano/Vegano,2.0,4.1,847.0,0.02648563557654467
8826647819,67,Femenino,Chicago,Alto,5,12.11,Sí,No,Vegetariano,Sí,Tarjeta,4396,Vegetariano/Vegano,2.0,4.1,847.0,0.02648563557654467
7742707009,19,Masculino,Chicago,Alto,6,38.18,No,Sí,Carnes,Sí,Efectivo,6659,Carnes,32.0,4.3125,49.65625,0.45177260331445357
6320115677,52,Femenino,Chicago,Alto,5,38.78,No,No,Mariscos,Sí,Efectivo,8119,Mariscos y pescado,21.0,4.409523809523809,59.142857142857146,0.37930756843800323
2715155243,44,Femenino,Chicago,Alto,4,38.59,Sí,Sí,Carnes,Sí,Efectivo,5605,Carnes,32.0,4.3125,49.65625,0.45177260331445357
2732894349,62,Femenino,Chicago,Bajo,2,6.17,Sí,No,Mariscos,No,Efectivo,1118,Mariscos y pescado,21.0,4.409523809523809,59.142857142857146,0.37930756843800323
6606452484,50,Masculino,Chicago,Medio,4,27.27,No,Sí,Carnes,No,App,2317,Carnes,32.0,4.3125,49.65625,0.45177260331445357
5432365954,42,Femenino,Chicago,Medio,2,17.57,Sí,Sí,Pescado,No,Efectivo,1667,Mariscos y pescado,21.0,4.409523809523809,59.142857142857146,0.37930756843800323
1734307097,42,Masculino,Chicago,Muy Alto,9,90.06,Sí,No,Otro,Sí,App,14897,Otro,191.0,4.39738219895288,3.094240837696335,7.250028200789622
1638504772,62,Masculino,Chicago,Medio,3,6.02,Sí,Sí,Pescado,No,Tarjeta,2311,Mariscos y pescado,21.0,4.409523809523809,59.142857142857146,0.37930756843800323
3464761545,54,Masculino,Chicago,Medio,4,10.96,No,No,Vegetariano,No,Tarjeta,1979,Vegetariano/Vegano,2.0,4.1,847.0,0.02648563557654467
1728500180,50,Femenino,Chicago,Muy Alto,10,81.01,No,Sí,Vegetariano,Sí,Tarjeta,11467,Vegetariano/Vegano,2.0,4.1,847.0,0.02648563557654467
8642253066,23,Femenino,Chicago,Alto,5,51.86,No,No,Vegetariano,Sí,Efectivo,6824,Vegetariano/Vegano,2.0,4.1,847.0,0.02648563557654467
2459023475,77,Femenino,Chicago,Bajo,1,6.02,No,No,Carnes,No,Efectivo,1387,Carnes,32.0,4.3125,49.65625,0.45177260331445357
2433114147,65,Masculino,Chicago,Medio,4,14.83,Sí,Sí,Vegano,No,Efectivo,2667,Vegetariano/Vegano,2.0,4.1,847.0,0.02648563557654467
3245325505,37,Masculino,Chicago,Medio,4,6.67,No,No,Vegetariano,No,Efectivo,2421,Vegetariano/Vegano,2.0,4.1,847.0,0.02648563557654467
1747954010,62,Masculino,Chicago,Alto,4,45.95,No,Sí,Carnes,No,Efectivo,6746,Carnes,32.0,4.3125,49.65625,0.45177260331445357
4716414506,19,Femenino,Chicago,Muy Alto,9,35.79,No,Sí,Vegetariano,No,Tarjeta,13763,Vegetariano/Vegano,2.0,4.1,847.0,0.02648563557654467
5213417143,56,Masculino,Chicago,Muy Alto,7,52.52,Sí,Sí,Sin dato,Sí,Tarjeta,12575,Sin dato,,,,
4715689727,59,Femenino,Chicago,Muy Alto,6,67.76,No,Sí,Carnes,Sí,Tarjeta,11896,Carnes,32.0,4.3125,49.65625,0.45177260331445357
3546681221,67,Masculino,Chicago,Medio,3,13.28,No,Sí,Carnes,No,Efectivo,3267,Carnes,32.0,4.3125,49.65625,0.45177260331445357
7960220923,65,Femenino,Chicago,Medio,2,9.22,No,Sí,Mariscos,No,App,2562,Mariscos y pescado,21.0,4.409523809523809,59.142857142857146,0.37930756843800323
2322009221,23,Masculino,Chicago,Alto,5,36.76,Sí,Sí,Mariscos,No,Tarjeta,3664,Mariscos y pescado,21.0,4.409523809523809,59.142857142857146,0.37930756843800323
8159767378,72,Masculino,Chicago,Bajo,2,9.01,Sí,Sí,Sin dato,No,Tarjeta,1497,Sin dato,,,,
8621830672,63,Femenino,Chicago,Alto,4,9.93,No,Sí,Vegetariano,No,Efectivo,4390,Vegetariano/Vegano,2.0,4.1,847.0,0.02648563557654467
3621788307,38,Femenino,Chicago,Medio,5,17.16,Sí,Sí,Sin dato,No,Tarjeta,2986,Sin dato,,,,
2888192655,49,Femenino,Chicago,Alto,6,19.9,Sí,No,Carnes,Sí,App,7135,Carnes,32.0,4.3125,49.65625,0.45177260331445357
2275272470,32,Masculino,Chicago,Bajo,1,8.1,No,Sí,Vegetariano,No,Tarjeta,1092,Vegetariano/Vegano,2.0,4.1,847.0,0.02648563557654467
6348207818,40,Masculino,Chicago,Muy Alto,8,32.39,Sí,No,Mariscos,Sí,Efectivo,11420,Mariscos y pescado,21.0,4.409523809523809,59.142857142857146,0.37930756843800323
9116428507,32,Femenino,Chicago,Bajo,3,9.17,No,Sí,Mariscos,No,Efectivo,1262,Mariscos y pescado,21.0,4.409523809523809,59.142857142857146,0.37930756843800323
9542146097,18,Femenino,Chicago,Muy Alto,7,21.11,No,Sí,Vegano,Sí,App,9294,Vegetariano/Vegano,2.0,4.1,847.0,0.02648563557654467
7020355385,76,Masculino,Chicago,Bajo,1,8.23,Sí,Sí,Carnes,No,App,1059,Carnes,32.0,4.3125,49.65625,0.45177260331445357
9556021185,64,Femenino,Chicago,Medio,4,9.7,No,Sí,Vegetariano,No,App,1693,Vegetariano/Vegano,2.0,4.1,847.0,0.02648563557654467
6480112030,76,Femenino,Chicago,Alto,6,51.24,Sí,Sí,Vegetariano,Sí,Tarjeta,7994,Vegetariano/Vegano,2.0,4.1,847.0,0.02648563557654467
6823347355,43,Masculino,Chicago,Medio,5,7.42,No,Sí,Pescado,No,Efectivo,2621,Mariscos y pescado,21.0,4.409523809523809,59.142857142857146,0.37930756843800323
6321546247,66,Femenino,Chicago,Muy Alto,8,64.49,No,Sí,Vegetariano,Sí,App,15687,Vegetariano/Vegano,2.0,4.1,847.0,0.02648563557654467
5798941961,21,Femenino,Chicago,Bajo,1,9.37,Sí,Sí,Vegano,No,Efectivo,916,Vegetariano/Vegano,2.0,4.1,847.0,0.02648563557654467
8191770328,34,Femenino,Chicago,Alto,6,33.32,Sí,Sí,Vegetariano,Sí,Efectivo,4952,Vegetariano/Vegano,2.0,4.1,847.0,0.02648563557654467
2071552532,34,Femenino,Chicago,Medio,5,28.93,No,No,Carnes,No,App,2237,Carnes,32.0,4.3125,49.65625,0.45177260331445357
7847691451,30,Masculino,Chicago,Medio,4,27.57,Sí,No,Sin dato,No,Tarjeta,3311,Sin dato,,,,
9873258555,35,Masculino,Chicago,Alto,4,48.37,No,Sí,Carnes,Sí,Efectivo,7964,Carnes,32.0,4.3125,49.65625,0.45177260331445357
4077942976,60,Masculino,Chicago,Medio,5,10.29,Sí,No,Mariscos,No,Tarjeta,2310,Mariscos y pescado,21.0,4.409523809523809,59.142857142857146,0.37930756843800323
4284515765,62,Masculino,Chicago,Alto,4,35.85,Sí,Sí,Vegetariano,No,Efectivo,7002,Vegetariano/Vegano,2.0,4.1,847.0,0.02648563557654467
5473604479,67,Masculino,Chicago,Bajo,1,7.05,Sí,Sí,Carnes,No,Efectivo,974,Carnes,32.0,4.3125,49.65625,0.45177260331445357
1717462505,45,Masculino,Chicago,Bajo,2,9.75,No,No,Pescado,No,Tarjeta,1027,Mariscos y pescado,21.0,4.409523809523809,59.142857142857146,0.37930756843800323
5738967614,55,Masculino,Chicago,Alto,4,34.39,Sí,Sí,Carnes,Sí,Efectivo,5129,Carnes,32.0,4.3125,49.65625,0.45177260331445357
5144235090,36,Masculino,Chicago,Alto,6,50.65,Sí,No,Otro,Sí,Tarjeta,8176,Otro,191.0,4.39738219895288,3.094240837696335,7.250028200789622
6658114473,65,Femenino,Chicago,Medio,5,9.16,No,Sí,Carnes,No,App,2080,Carnes,32.0,4.3125,49.65625,0.45177260331445357
6615983560,62,Femenino,Chicago,Alto,6,33.47,No,No,Pescado,No,Efectivo,7732,Mariscos y pescado,21.0,4.409523809523809,59.142857142857146,0.37930756843800323
5997975427,18,Femenino,Chicago,Medio,5,12.66,Sí,No,Vegetariano,No,Efectivo,3425,Vegetariano/Vegano,2.0,4.1,847.0,0.02648563557654467
9362797147,39,Femenino,Chicago,Muy Alto,9,18.9,No,No,Vegetariano,Sí,App,13214,Vegetariano/Vegano,2.0,4.1,847.0,0.02648563557654467
2140747529,35,Masculino,Chicago,Bajo,1,5.2,No,No,Otro,No,App,1483,Otro,191.0,4.39738219895288,3.094240837696335,7.250028200789622
9306210405,50,Femenino,Chicago,Medio,5,28.53,Sí,Sí,Pescado,No,Tarjeta,2105,Mariscos y pescado,21.0,4.409523809523809,59.142857142857146,0.37930756843800323
6550577435,76,Masculino,Chicago,Bajo,1,5.92,Sí,Sí,Vegetariano,No,Efectivo,928,Vegetariano/Vegano,2.0,4.1,847.0,0.02648563557654467
9790930341,39,Masculino,Chicago,Bajo,0,0.0,No,Sí,Carnes,No,Tarjeta,1528,Carnes,32.0,4.3125,49.65625,0.45177260331445357
7505818220,77,Masculino,Chicago,Medio,3,11.81,No,No,Otro,No,Efectivo,3301,Otro,191.0,4.39738219895288,3.094240837696335,7.250028200789622
3652412568,59,Masculino,Chicago,Bajo,2,8.12,Sí,Sí,Sin dato,No,Efectivo,1011,Sin dato,,,,
5202643907,29,Masculino,Chicago,Alto,5,52.99,No,Sí,Mariscos,Sí,Efectivo,3663,Mariscos y pescado,21.0,4.409523809523809,59.142857142857146,0.37930756843800323
5371414482,65,Masculino,Chicago,Muy Alto,7,26.9,No,Sí,Carnes,Sí,Tarjeta,17989,Carnes,32.0,4.3125,49.65625,0.45177260331445357
4923458173,38,Femenino,Chicago,Bajo,3,5.95,Sí,No,Carnes,No,Efectivo,1373,Carnes,32.0,4.3125,49.65625,0.45177260331445357
2038211806,24,Masculino,Chicago,Alto,4,36.37,Sí,No,Pescado,No,Efectivo,7330,Mariscos y pescado,21.0,4.409523809523809,59.142857142857146,0.37930756843800323
5170235520,72,Masculino,Chicago,Alto,5,21.89,Sí,No,Sin dato,Sí,Efectivo,4772,Sin dato,,,,
6719844291,47,Femenino,Chicago,Medio,4,9.55,No,Sí,Vegetariano,No,Tarjeta,3403,Vegetariano/Vegano,2.0,4.1,847.0,0.02648563557654467
2096727229,20,Masculino,Chicago,Muy Alto,6,57.18,No,Sí,Carnes,Sí,Efectivo,17861,Carnes,32.0,4.3125,49.65625,0.45177260331445357
5917679694,67,Femenino,Chicago,Muy Alto,9,76.72,Sí,Sí,Vegetariano,Sí,App,11431,Vegetariano/Vegano,2.0,4.1,847.0,0.02648563557654467
4715630017,61,Femenino,Chicago,Muy Alto,9,17.96,Sí,Sí,Carnes,Sí,Tarjeta,17459,Carnes,32.0,4.3125,49.65625,0.45177260331445357
8766884198,72,Masculino,Chicago,Medio,3,16.7,Sí,No,Vegetariano,No,App,2615,Vegetariano/Vegano,2.0,4.1,847.0,0.02648563557654467
3106631393,43,Femenino,Chicago,Alto,5,37.52,No,No,Otro,Sí,Efectivo,7870,Otro,191.0,4.39738219895288,3.094240837696335,7.250028200789622
4736944249,80,Masculino,Chicago,Alto,5,9.17,No,Sí,Vegetariano,Sí,App,6821,Vegetariano/Vegano,2.0,4.1,847.0,0.02648563557654467
2722415610,36,Femenino,Chicago,Medio,5,20.94,No,No,Pescado,No,Efectivo,2749,Mariscos y pescado,21.0,4.409523809523809,59.142857142857146,0.37930756843800323
5722064241,61,Masculino,Chicago,Muy Alto,8,17.8,Sí,Sí,Mariscos,Sí,Tarjeta,12356,Mariscos y pescado,21.0,4.409523809523809,59.142857142857146,0.37930756843800323
5083437740,41,Femenino,Chicago,Medio,4,21.45,Sí,No,Vegetariano,No,Tarjeta,2861,Vegetariano/Vegano,2.0,4.1,847.0,0.02648563557654467
5959590683,24,Femenino,Chicago,Bajo,1,6.2,Sí,Sí,Mariscos,No,Efectivo,945,Mariscos y pescado,21.0,4.409523809523809,59.142857142857146,0.37930756843800323
3963898208,70,Femenino,Chicago,Muy Alto,7,53.63,Sí,Sí,Pescado,Sí,App,15637,Mariscos y pescado,21.0,4.409523809523809,59.142857142857146,0.37930756843800323
2633310909,18,Masculino,Chicago,Muy Alto,8,39.86,No,Sí,Mariscos,Sí,Efectivo,14271,Mariscos y pescado,21.0,4.409523809523809,59.142857142857146,0.37930756843800323
9455416021,24,Femenino,Chicago,Muy Alto,6,63.16,Sí,Sí,Carnes,Sí,Tarjeta,13401,Carnes,32.0,4.3125,49.65625,0.45177260331445357
2833906002,58,Masculino,Chicago,Alto,4,15.25,No,Sí,Carnes,Sí,Tarjeta,5220,Carnes,32.0,4.3125,49.65625,0.45177260331445357
1772825941,32,Masculino,Chicago,Bajo,3,8.35,Sí,No,Vegetariano,No,App,1076,Vegetariano/Vegano,2.0,4.1,847.0,0.02648563557654467
4080030228,45,Femenino,Chicago,Alto,5,39.1,No,Sí,Carnes,Sí,Tarjeta,8961,Carnes,32.0,4.3125,49.65625,0.45177260331445357
8375996697,28,Femenino,Chicago,Muy Alto,7,34.2,No,Sí,Pescado,Sí,App,17931,Mariscos y pescado,21.0,4.409523809523809,59.142857142857146,0.37930756843800323
1872156767,46,Femenino,Chicago,Bajo,2,9.73,Sí,No,Carnes,No,Tarjeta,1466,Carnes,32.0,4.3125,49.65625,0.45177260331445357
9700875529,50,Masculino,Chicago,Muy Alto,7,80.53,Sí,Sí,Mariscos,Sí,Efectivo,15587,Mariscos y pescado,21.0,4.409523809523809,59.142857142857146,0.37930756843800323
2183736293,74,Femenino,Chicago,Muy Alto,7,17.43,Sí,Sí,Pescado,Sí,App,16023,Mariscos y pescado,21.0,4.409523809523809,59.142857142857146,0.37930756843800323
9435794141,31,Femenino,Chicago,Medio,2,24.9,No,No,Mariscos,Sí,App,2468,Mariscos y pescado,21.0,4.409523809523809,59.142857142857146,0.37930756843800323
2391468155,60,Masculino,Chicago,Medio,3,5.25,No,Sí,Vegetariano,No,Efectivo,2112,Vegetariano/Vegano,2.0,4.1,847.0,0.02648563557654467
9528794813,66,Femenino,Chicago,Medio,3,26.34,No,No,Mariscos,No,Efectivo,2812,Mariscos y pescado,21.0,4.409523809523809,59.142857142857146,0.37930756843800323
4946958383,55,Masculino,Chicago,Medio,2,18.78,Sí,No,Pescado,Sí,Efectivo,3116,Mariscos y pescado,21.0,4.409523809523809,59.142857142857146,0.37930756843800323
3868024866,68,Masculino,Chicago,Medio,2,12.79,Sí,Sí,Carnes,No,Tarjeta,2574,Carnes,32.0,4.3125,49.65625,0.45177260331445357
7539002241,61,Femenino,Chicago,Medio,2,8.39,No,Sí,Carnes,No,Efectivo,2379,Carnes,32.0,4.3125,49.65625,0.45177260331445357
3253391636,73,Masculino,Chicago,Medio,3,12.83,Sí,No,Otro,No,Efectivo,2690,Otro,191.0,4.39738219895288,3.094240837696335,7.250028200789622
5757968510,48,Femenino,Chicago,Bajo,0,0.0,Sí,Sí,Vegano,No,App,877,Vegetariano/Vegano,2.0,4.1,847.0,0.02648563557654467
3496897808,24,Femenino,Chicago,Bajo,1,6.62,Sí,Sí,Carnes,No,Efectivo,1581,Carnes,32.0,4.3125,49.65625,0.45177260331445357
4063550639,72,Masculino,Chicago,Medio,3,17.97,Sí,No,Carnes,No,Efectivo,2033,Carnes,32.0,4.3125,49.65625,0.45177260331445357
9805298587,18,Femenino,Chicago,Muy Alto,5,44.36,Sí,Sí,Vegetariano,Sí,App,11058,Vegetariano/Vegano,2.0,4.1,847.0,0.02648563557654467
7085004726,74,Masculino,Chicago,Alto,4,14.78,No,No,Pescado,No,Tarjeta,8957,Mariscos y pescado,21.0,4.409523809523809,59.142857142857146,0.37930756843800323
5319623629,28,Masculino,Chicago,Alto,6,17.36,Sí,Sí,Pescado,Sí,Efectivo,5945,Mariscos y pescado,21.0,4.409523809523809,59.142857142857146,0.37930756843800323
4159621898,51,Masculino,Chicago,Bajo,3,5.76,No,Sí,Vegano,No,App,1036,Vegetariano/Vegano,2.0,4.1,847.0,0.02648563557654467
3651820917,50,Femenino,Chicago,Muy Alto,10,84.45,No,Sí,Carnes,Sí,Efectivo,13435,Carnes,32.0,4.3125,49.65625,0.45177260331445357
7135087106,41,Masculino,Chicago,Bajo,0,0.0,Sí,No,Otro,No,Efectivo,1493,Otro,191.0,4.39738219895288,3.094240837696335,7.250028200789622
4844090678,38,Femenino,Chicago,Alto,4,58.24,Sí,No,Sin dato,Sí,Tarjeta,6009,Sin dato,,,,
1709229698,77,Femenino,Chicago,Bajo,0,0.0,Sí,Sí,Carnes,No,Efectivo,1017,Carnes,32.0,4.3125,49.65625,0.45177260331445357
9245800938,19,Femenino,Chicago,Muy Alto,6,79.37,Sí,Sí,Pescado,Sí,Efectivo,17451,Mariscos y pescado,21.0,4.409523809523809,59.142857142857146,0.37930756843800323
6320547759,60,Femenino,Chicago,Medio,2,20.58,No,No,Otro,No,App,2610,Otro,191.0,4.39738219895288,3.094240837696335,7.250028200789622
9798372109,43,Masculino,Chicago,Medio,5,21.87,Sí,No,Vegano,Sí,App,2778,Vegetariano/Vegano,2.0,4.1,847.0,0.02648563557654467
1336150210,51,Femenino,Chicago,Alto,6,45.92,Sí,No,Otro,Sí,Tarjeta,4579,Otro,191.0,4.39738219895288,3.094240837696335,7.250028200789622
8311200266,56,Femenino,Chicago,Muy Alto,7,97.76,Sí,Sí,Vegano,Sí,App,16933,Vegetariano/Vegano,2.0,4.1,847.0,0.02648563557654467
9554663532,66,Masculino,Chicago,Alto,5,10.23,No,Sí,Vegetariano,Sí,Efectivo,5926,Vegetariano/Vegano,2.0,4.1,847.0,0.02648563557654467
1791942421,72,Femenino,Chicago,Alto,5,45.8,No,Sí,Pescado,Sí,Efectivo,4372,Mariscos y pescado,21.0,4.409523809523809,59.142857142857146,0.37930756843800323
9270643759,28,Femenino,Chicago,Alto,5,26.37,Sí,Sí,Sin dato,Sí,Tarjeta,5567,Sin dato,,,,
3661576929,18,Masculino,Chicago,Alto,4,32.07,Sí,Sí,Carnes,Sí,Efectivo,6646,Carnes,32.0,4.3125,49.65625,0.45177260331445357
7030817747,56,Masculino,Chicago,Muy Alto,9,64.98,Sí,No,Vegetariano,Sí,App,11185,Vegetariano/Vegano,2.0,4.1,847.0,0.02648563557654467
6035969071,29,Masculino,Chicago,Muy Alto,8,72.57,No,Sí,Sin dato,Sí,Efectivo,14555,Sin dato,,,,
2328885802,77,Masculino,Chicago,Alto,4,9.38,Sí,No,Vegetariano,No,Tarjeta,8356,Vegetariano/Vegano,2.0,4.1,847.0,0.02648563557654467
2459525419,74,Femenino,Chicago,Alto,6,31.23,No,No,Carnes,No,App,4215,Carnes,32.0,4.3125,49.65625,0.45177260331445357
5563810247,70,Femenino,Chicago,Bajo,1,9.53,No,Sí,Pescado,No,App,1431,Mariscos y pescado,21.0,4.409523809523809,59.142857142857146,0.37930756843800323
2828666420,54,Femenino,Chicago,Medio,5,27.1,Sí,No,Pescado,No,Efectivo,3008,Mariscos y pescado,21.0,4.409523809523809,59.142857142857146,0.37930756843800323
7129095260,59,Masculino,Chicago,Bajo,2,6.73,Sí,No,Carnes,No,Efectivo,919,Carnes,32.0,4.3125,49.65625,0.45177260331445357
7928917961,67,Femenino,Chicago,Alto,6,56.75,No,No,Vegetariano,No,Tarjeta,6477,Vegetariano/Vegano,2.0,4.1,847.0,0.02648563557654467
8619188775,74,Masculino,Chicago,Muy Alto,10,47.43,Sí,Sí,Vegano,Sí,Tarjeta,10340,Vegetariano/Vegano,2.0,4.1,847.0,0.02648563557654467
4825491742,49,Masculino,Chicago,Bajo,0,0.0,Sí,No,Carnes,Sí,Efectivo,867,Carnes,32.0,4.3125,49.65625,0.45177260331445357
1283850417,75,Femenino,Chicago,Medio,2,15.68,Sí,Sí,Vegetariano,No,Efectivo,2343,Vegetariano/Vegano,2.0,4.1,847.0,0.02648563557654467
9381721143,20,Femenino,Chicago,Bajo,2,6.49,Sí,Sí,Vegano,No,Tarjeta,1281,Vegetariano/Vegano,2.0,4.1,847.0,0.02648563557654467
5387044101,71,Masculino,Chicago,Bajo,1,8.83,Sí,No,Carnes,No,Efectivo,1515,Carnes,32.0,4.3125,49.65625,0.45177260331445357
2812140441,46,Masculino,Chicago,Medio,4,23.21,Sí,No,Carnes,No,App,1642,Carnes,32.0,4.3125,49.65625,0.45177260331445357
1077090344,53,Masculino,Chicago,Medio,5,14.81,No,No,Vegano,No,App,3134,Vegetariano/Vegano,2.0,4.1,847.0,0.02648563557654467
7794992582,46,Masculino,Chicago,Alto,6,35.44,Sí,Sí,Carnes,No,Tarjeta,7975,Carnes,32.0,4.3125,49.65625,0.45177260331445357
5267558698,41,Masculino,Chicago,Medio,4,29.07,No,Sí,Mariscos,No,Tarjeta,1889,Mariscos y pescado,21.0,4.409523809523809,59.142857142857146,0.37930756843800323
4973774025,59,Masculino,Chicago,Muy Alto,5,34.84,Sí,Sí,Otro,Sí,App,13686,Otro,191.0,4.39738219895288,3.094240837696335,7.250028200789622
2267081065,67,Femenino,Chicago,Alto,5,45.91,Sí,No,Vegetariano,Sí,Tarjeta,6175,Vegetariano/Vegano,2.0,4.1,847.0,0.02648563557654467
6959501845,49,Femenino,Chicago,Bajo,3,7.86,Sí,Sí,Carnes,No,Efectivo,1578,Carnes,32.0,4.3125,49.65625,0.45177260331445357
5985718256,30,Femenino,Chicago,Alto,4,56.46,Sí,Sí,Vegetariano,No,Tarjeta,3801,Vegetariano/Vegano,2.0,4.1,847.0,0.02648563557654467
3015589768,18,Masculino,Chicago,Alto,6,52.44,Sí,Sí,Vegetariano,Sí,Efectivo,7066,Vegetariano/Vegano,2.0,4.1,847.0,0.02648563557654467
5508149905,47,Masculino,Chicago,Muy Alto,7,67.73,No,Sí,Vegano,Sí,Tarjeta,15961,Vegetariano/Vegano,2.0,4.1,847.0,0.02648563557654467
6027899528,69,Femenino,Chicago,Muy Alto,8,59.92,Sí,Sí,Carnes,No,App,16839,Carnes,32.0,4.3125,49.65625,0.45177260331445357
4131012566,26,Femenino,Chicago,Medio,3,16.62,No,Sí,Pescado,No,App,3164,Mariscos y pescado,21.0,4.409523809523809,59.142857142857146,0.37930756843800323
7952410744,22,Femenino,Chicago,Alto,6,56.45,Sí,Sí,Vegetariano,Sí,Efectivo,5579,Vegetariano/Vegano,2.0,4.1,847.0,0.02648563557654467
4706249669,30,Femenino,Chicago,Alto,5,8.03,No,Sí,Vegetariano,No,App,7630,Vegetariano/Vegano,2.0,4.1,847.0,0.02648563557654467
3960136787,65,Femenino,Chicago,Medio,4,26.92,Sí,Sí,Otro,No,Efectivo,1945,Otro,191.0,4.39738219895288,3.094240837696335,7.250028200789622
3967280998,21,Femenino,Chicago,Bajo,1,9.79,Sí,Sí,Otro,No,Efectivo,1206,Otro,191.0,4.39738219895288,3.094240837696335,7.250028200789622
6884333221,70,Masculino,Chicago,Alto,6,38.0,No,Sí,Vegetariano,No,Efectivo,4543,Vegetariano/Vegano,2.0,4.1,847.0,0.02648563557654467
8111548844,62,Femenino,Chicago,Bajo,2,6.845,No,Sí,Carnes,No,App,965,Carnes,32.0,4.3125,49.65625,0.45177260331445357
1754849915,38,Masculino,Chicago,Alto,5,16.4,Sí,Sí,Vegano,Sí,Tarjeta,5337,Vegetariano/Vegano,2.0,4.1,847.0,0.02648563557654467
4994825020,70,Femenino,Chicago,Alto,4,6.94,Sí,Sí,Otro,No,App,5072,Otro,191.0,4.39738219895288,3.094240837696335,7.250028200789622
2195810743,49,Masculino,Chicago,Alto,5,10.1,No,Sí,Carnes,Sí,Tarjeta,4974,Carnes,32.0,4.3125,49.65625,0.45177260331445357
5751654002,21,Femenino,Chicago,Medio,5,13.12,No,Sí,Carnes,No,Efectivo,2950,Carnes,32.0,4.3125,49.65625,0.45177260331445357
2824643661,63,Femenino,Chicago,Muy Alto,10,29.03,Sí,Sí,Vegano,Sí,App,14412,Vegetariano/Vegano,2.0,4.1,847.0,0.02648563557654467
6932792457,44,Masculino,Chicago,Muy Alto,7,20.18,No,No,Vegetariano,Sí,Efectivo,17041,Vegetariano/Vegano,2.0,4.1,847.0,0.02648563557654467
9488715564,54,Femenino,Chicago,Medio,4,13.55,Sí,Sí,Vegano,No,Tarjeta,3158,Vegetariano/Vegano,2.0,4.1,847.0,0.02648563557654467
5648952124,18,Masculino,Chicago,Medio,2,17.575,No,Sí,Carnes,Sí,Efectivo,1805,Carnes,32.0,4.3125,49.65625,0.45177260331445357
2150189847,63,Masculino,Chicago,Medio,4,23.13,No,Sí,Vegetariano,Sí,Tarjeta,3042,Vegetariano/Vegano,2.0,4.1,847.0,0.02648563557654467
8253927658,62,Femenino,Chicago,Bajo,2,5.64,No,Sí,Mariscos,No,Efectivo,1230,Mariscos y pescado,21.0,4.409523809523809,59.142857142857146,0.37930756843800323
4566698486,50,Masculino,Chicago,Medio,4,27.98,No,Sí,Pescado,No,Tarjeta,1755,Mariscos y pescado,21.0,4.409523809523809,59.142857142857146,0.37930756843800323
6751685477,55,Masculino,Chicago,Medio,5,26.09,No,Sí,Carnes,No,Efectivo,2985,Carnes,32.0,4.3125,49.65625,0.45177260331445357
6607097661,42,Femenino,Chicago,Medio,5,16.87,No,No,Mariscos,No,App,3192,Mariscos y pescado,21.0,4.409523809523809,59.142857142857146,0.37930756843800323
7761130248,40,Masculino,Chicago,Medio,2,11.63,No,Sí,Pescado,No,Tarjeta,2149,Mariscos y pescado,21.0,4.409523809523809,59.142857142857146,0.37930756843800323
1201390335,51,Masculino,Chicago,Alto,4,53.31,No,Sí,Vegano,Sí,App,7049,Vegetariano/Vegano,2.0,4.1,847.0,0.02648563557654467
6248817328,44,Masculino,Chicago,Muy Alto,10,33.86,Sí,No,Vegetariano,Sí,Tarjeta,17678,Vegetariano/Vegano,2.0,4.1,847.0,0.02648563557654467
2301188571,52,Femenino,Chicago,Bajo,1,7.16,No,No,Carnes,No,Efectivo,1451,Carnes,32.0,4.3125,49.65625,0.45177260331445357
4729100207,59,Masculino,Chicago,Muy Alto,6,97.66,No,Sí,Vegetariano,Sí,Tarjeta,15303,Vegetariano/Vegano,2.0,4.1,847.0,0.02648563557654467
2777556269,59,Masculino,Chicago,Muy Alto,7,74.74,No,Sí,Carnes,Sí,Efectivo,17491,Carnes,32.0,4.3125,49.65625,0.45177260331445357
6923301988,64,Femenino,Chicago,Medio,3,23.27,No,No,Mariscos,Sí,Efectivo,2792,Mariscos y pescado,21.0,4.409523809523809,59.142857142857146,0.37930756843800323
9334364363,55,Femenino,Chicago,Muy Alto,5,49.55,No,Sí,Vegano,Sí,Efectivo,16333,Vegetariano/Vegano,2.0,4.1,847.0,0.02648563557654467
5373348622,39,Femenino,Chicago,Alto,6,38.43,No,Sí,Carnes,Sí,Efectivo,4186,Carnes,32.0,4.3125,49.65625,0.45177260331445357
6738840177,47,Femenino,Chicago,Alto,5,14.12,No,No,Vegano,Sí,Efectivo,5411,Vegetariano/Vegano,2.0,4.1,847.0,0.02648563557654467
6515490818,59,Masculino,Chicago,Medio,2,7.82,Sí,No,Carnes,Sí,App,1863,Carnes,32.0,4.3125,49.65625,0.45177260331445357
5075027913,18,Masculino,Chicago,Muy Alto,6,62.43,Sí,Sí,Mariscos,Sí,Efectivo,13926,Mariscos y pescado,21.0,4.409523809523809,59.142857142857146,0.37930756843800323
5676937381,38,Masculino,Chicago,Muy Alto,7,22.02,No,Sí,Vegano,Sí,App,11888,Vegetariano/Vegano,2.0,4.1,847.0,0.02648563557654467
8065803509,21,Femenino,Chicago,Medio,5,18.97,Sí,Sí,Carnes,No,Efectivo,2365,Carnes,32.0,4.3125,49.65625,0.45177260331445357
6652461055,34,Femenino,Chicago,Bajo,1,5.93,No,No,Carnes,No,Efectivo,1349,Carnes,32.0,4.3125,49.65625,0.45177260331445357
5597002735,56,Masculino,Chicago,Alto,5,40.7,No,No,Carnes,Sí,Efectivo,6010,Carnes,32.0,4.3125,49.65625,0.45177260331445357
3517677005,54,Masculino,Chicago,Medio,2,26.15,Sí,No,Vegetariano,No,Efectivo,2893,Vegetariano/Vegano,2.0,4.1,847.0,0.02648563557654467
5479267516,25,Femenino,Chicago,Medio,2,5.4,Sí,Sí,Vegetariano,Sí,Efectivo,1856,Vegetariano/Vegano,2.0,4.1,847.0,0.02648563557654467
2038933287,27,Masculino,Chicago,Alto,6,57.4,No,Sí,Carnes,No,App,8058,Carnes,32.0,4.3125,49.65625,0.45177260331445357
2274196572,51,Femenino,Chicago,Alto,6,29.94,No,No,Vegetariano,Sí,App,5977,Vegetariano/Vegano,2.0,4.1,847.0,0.02648563557654467
5916210945,75,Masculino,Chicago,Medio,2,15.32,No,No,Vegano,No,Efectivo,3213,Vegetariano/Vegano,2.0,4.1,847.0,0.02648563557654467
8605695669,45,Femenino,Chicago,Muy Alto,9,7.41,No,Sí,Pescado,Sí,Efectivo,10440,Mariscos y pescado,21.0,4.409523809523809,59.142857142857146,0.37930756843800323
4039894412,74,Masculino,Chicago,Medio,5,25.66,No,Sí,Vegetariano,No,Efectivo,1711,Vegetariano/Vegano,2.0,4.1,847.0,0.02648563557654467
7378975905,79,Masculino,Chicago,Muy Alto,5,83.4,No,No,Otro,Sí,Tarjeta,11376,Otro,191.0,4.39738219895288,3.094240837696335,7.250028200789622
5303682052,80,Masculino,Chicago,Alto,5,58.27,No,No,Pescado,Sí,Tarjeta,6368,Mariscos y pescado,21.0,4.409523809523809,59.142857142857146,0.37930756843800323
8335258191,19,Femenino,Chicago,Muy Alto,5,35.01,No,Sí,Otro,Sí,Tarjeta,11438,Otro,191.0,4.39738219895288,3.094240837696335,7.250028200789622
1515397731,47,Femenino,Chicago,Bajo,1,7.79,No,Sí,Otro,No,Tarjeta,1183,Otro,191.0,4.39738219895288,3.094240837696335,7.250028200789622
1818520766,43,Femenino,Chicago,Alto,4,44.31,Sí,Sí,Carnes,Sí,App,4980,Carnes,32.0,4.3125,49.65625,0.45177260331445357
1853254184,79,Masculino,Chicago,Medio,4,26.87,Sí,No,Mariscos,No,App,2662,Mariscos y pescado,21.0,4.409523809523809,59.142857142857146,0.37930756843800323
2297524788,31,Masculino,Chicago,Alto,4,13.58,Sí,Sí,Carnes,Sí,App,5034,Carnes,32.0,4.3125,49.65625,0.45177260331445357
4089049607,62,Masculino,Chicago,Bajo,3,8.8,No,Sí,Carnes,No,Tarjeta,909,Carnes,32.0,4.3125,49.65625,0.45177260331445357
7589707547,20,Masculino,Chicago,Bajo,3,5.67,Sí,Sí,Carnes,No,Efectivo,1301,Carnes,32.0,4.3125,49.65625,0.45177260331445357
3824776052,18,Masculino,Chicago,Alto,6,13.56,No,Sí,Carnes,Sí,App,5538,Carnes,32.0,4.3125,49.65625,0.45177260331445357
2683969771,64,Masculino,Chicago,Medio,4,25.81,No,Sí,Carnes,Sí,Criptomoneda,2961,Carnes,32.0,4.3125,49.65625,0.45177260331445357
2008716202,49,Femenino,Chicago,Medio,5,26.54,Sí,No,Mariscos,No,Tarjeta,3447,Mariscos y pescado,21.0,4.409523809523809,59.142857142857146,0.37930756843800323
6340003593,73,Masculino,Chicago,Bajo,3,9.01,No,Sí,Mariscos,No,Efectivo,1130,Mariscos y pescado,21.0,4.409523809523809,59.142857142857146,0.37930756843800323
2383666742,38,Masculino,Chicago,Medio,5,10.3,No,No,Otro,No,Efectivo,1832,Otro,191.0,4.39738219895288,3.094240837696335,7.250028200789622
3039340985,45,Femenino,Chicago,Alto,5,29.98,No,No,Carnes,Sí,Efectivo,6295,Carnes,32.0,4.3125,49.65625,0.45177260331445357
6592426108,78,Femenino,Chicago,Medio,3,26.89,No,No,Vegetariano,No,Efectivo,2609,Vegetariano/Vegano,2.0,4.1,847.0,0.02648563557654467
3315965162,54,Masculino,Chicago,Alto,5,17.94,Sí,Sí,Vegano,Sí,Efectivo,4838,Vegetariano/Vegano,2.0,4.1,847.0,0.02648563557654467
2811346167,57,Femenino,Chicago,Muy Alto,10,75.73,No,Sí,Vegano,Sí,Efectivo,10764,Vegetariano/Vegano,2.0,4.1,847.0,0.02648563557654467
8261111839,49,Femenino,Chicago,Bajo,1,5.56,Sí,Sí,Mariscos,No,Efectivo,1211,Mariscos y pescado,21.0,4.409523809523809,59.142857142857146,0.37930756843800323
6265180701,32,Femenino,Chicago,Bajo,3,5.64,No,Sí,Otro,No,Tarjeta,1270,Otro,191.0,4.39738219895288,3.094240837696335,7.250028200789622
3327719428,33,Masculino,Chicago,Medio,4,13.76,Sí,No,Sin dato,No,Efectivo,3248,Sin dato,,,,
2762198468,76,Masculino,Chicago,Alto,5,26.78,No,No,Pescado,No,App,4515,Mariscos y pescado,21.0,4.409523809523809,59.142857142857146,0.37930756843800323
5426502879,30,Femenino,Chicago,Medio,2,6.2,Sí,Sí,Mariscos,No,App,2448,Mariscos y pescado,21.0,4.409523809523809,59.142857142857146,0.37930756843800323
9116506114,25,Femenino,Chicago,Medio,2,22.58,Sí,Sí,Carnes,No,App,1841,Carnes,32.0,4.3125,49.65625,0.45177260331445357
4480443642,19,Femenino,Chicago,Muy Alto,5,74.84,No,Sí,Carnes,Sí,Tarjeta,12877,Carnes,32.0,4.3125,49.65625,0.45177260331445357
1604381788,54,Femenino,Chicago,Medio,2,26.69,Sí,No,Vegano,No,Tarjeta,3190,Vegetariano/Vegano,2.0,4.1,847.0,0.02648563557654467
1322351541,37,Femenino,Chicago,Medio,2,18.28,No,No,Sin dato,No,Tarjeta,3412,Sin dato,,,,
7902823328,73,Masculino,Chicago,Medio,3,7.39,Sí,No,Carnes,No,Tarjeta,2911,Carnes,32.0,4.3125,49.65625,0.45177260331445357
6388090295,76,Masculino,Chicago,Muy Alto,8,27.21,Sí,No,Carnes,Sí,Tarjeta,9328,Carnes,32.0,4.3125,49.65625,0.45177260331445357
4463474778,59,Masculino,Chicago,Muy Alto,10,45.02,Sí,Sí,Sin dato,Sí,App,11137,Sin dato,,,,
4784411165,78,Masculino,Chicago,Muy Alto,10,92.17,Sí,No,Otro,Sí,Efectivo,12506,Otro,191.0,4.39738219895288,3.094240837696335,7.250028200789622
3799264931,68,Femenino,Chicago,Alto,5,35.83,Sí,No,Mariscos,No,Efectivo,4219,Mariscos y pescado,21.0,4.409523809523809,59.142857142857146,0.37930756843800323
3398510824,29,Femenino,Chicago,Bajo,2,6.02,Sí,Sí,Vegano,No,Tarjeta,992,Vegetariano/Vegano,2.0,4.1,847.0,0.02648563557654467
2051516118,63,Femenino,Chicago,Bajo,1,5.08,No,Sí,Vegano,No,Efectivo,1164,Vegetariano/Vegano,2.0,4.1,847.0,0.02648563557654467
4642342815,51,Masculino,Chicago,Medio,5,6.64,No,Sí,Carnes,No,Tarjeta,2990,Carnes,32.0,4.3125,49.65625,0.45177260331445357
6841049271,32,Femenino,Chicago,Alto,6,47.89,Sí,No,Carnes,Sí,Tarjeta,7329,Carnes,32.0,4.3125,49.65625,0.45177260331445357
1993061577,39,Femenino,Chicago,Medio,5,7.18,No,No,Pescado,No,App,2016,Mariscos y pescado,21.0,4.409523809523809,59.142857142857146,0.37930756843800323
4442231856,30,Masculino,Chicago,Medio,5,26.72,Sí,Sí,Otro,No,Efectivo,2483,Otro,191.0,4.39738219895288,3.094240837696335,7.250028200789622
6496700122,30,Masculino,Chicago,Bajo,0,0.0,No,Sí,Otro,No,App,1504,Otro,191.0,4.39738219895288,3.094240837696335,7.250028200789622
6528412331,37,Masculino,Chicago,Medio,4,9.06,No,No,Carnes,Sí,Efectivo,3429,Carnes,32.0,4.3125,49.65625,0.45177260331445357
6336338219,37,Masculino,Chicago,Medio,5,19.45,Sí,No,Mariscos,No,Efectivo,1619,Mariscos y pescado,21.0,4.409523809523809,59.142857142857146,0.37930756843800323
8450035492,51,Femenino,Chicago,Medio,4,6.86,Sí,Sí,Pescado,Sí,App,2692,Mariscos y pescado,21.0,4.409523809523809,59.142857142857146,0.37930756843800323
9910544383,49,Masculino,Chicago,Medio,5,11.28,No,Sí,Pescado,No,Tarjeta,1793,Mariscos y pescado,21.0,4.409523809523809,59.142857142857146,0.37930756843800323
4391243989,33,Femenino,Chicago,Medio,4,25.59,No,No,Otro,Sí,App,1749,Otro,191.0,4.39738219895288,3.094240837696335,7.250028200789622
9491796858,68,Femenino,Chicago,Alto,6,29.8,Sí,Sí,Pescado,Sí,Efectivo,4765,Mariscos y pescado,21.0,4.409523809523809,59.142857142857146,0.37930756843800323
3154291677,56,Femenino,Chicago,Alto,4,22.76,Sí,Sí,Vegetariano,Sí,Tarjeta,8810,Vegetariano/Vegano,2.0,4.1,847.0,0.02648563557654467
1068897913,80,Masculino,Chicago,Muy Alto,10,100.09,Sí,Sí,Mariscos,Sí,App,15893,Mariscos y pescado,21.0,4.409523809523809,59.142857142857146,0.37930756843800323
9001404820,47,Femenino,Chicago,Medio,5,13.6,No,No,Sin dato,No,Efectivo,3274,Sin dato,,,,
5645520528,22,Masculino,Chicago,Bajo,3,7.44,Sí,Sí,Vegano,No,Tarjeta,1568,Vegetariano/Vegano,2.0,4.1,847.0,0.02648563557654467
3780342764,33,Masculino,Chicago,Muy Alto,5,8.5,Sí,Sí,Carnes,No,Tarjeta,16103,Carnes,32.0,4.3125,49.65625,0.45177260331445357
5456138566,60,Masculino,Chicago,Bajo,2,6.48,Sí,Sí,Pescado,No,App,966,Mariscos y pescado,21.0,4.409523809523809,59.142857142857146,0.37930756843800323
3723700483,59,Femenino,Chicago,Muy Alto,7,69.86,Sí,Sí,Mariscos,Sí,Efectivo,15060,Mariscos y pescado,21.0,4.409523809523809,59.142857142857146,0.37930756843800323
2868157083,24,Femenino,Chicago,Medio,2,18.6,Sí,Sí,Vegano,No,Efectivo,3336,Vegetariano/Vegano,2.0,4.1,847.0,0.02648563557654467
1190487386,42,Masculino,Chicago,Alto,4,58.14,Sí,Sí,Vegano,Sí,Efectivo,7808,Vegetariano/Vegano,2.0,4.1,847.0,0.02648563557654467
1318915981,43,Masculino,Chicago,Medio,5,20.05,Sí,No,Mariscos,No,Efectivo,2598,Mariscos y pescado,21.0,4.409523809523809,59.142857142857146,0.37930756843800323
7414673077,21,Femenino,Chicago,Muy Alto,9,87.75,Sí,No,Sin dato,Sí,Efectivo,11734,Sin dato,,,,
9088443608,51,Masculino,Chicago,Medio,3,11.78,Sí,No,Mariscos,No,Tarjeta,3335,Mariscos y pescado,21.0,4.409523809523809,59.142857142857146,0.37930756843800323
6057435868,55,Masculino,Chicago,Medio,4,6.46,No,Sí,Vegetariano,No,Efectivo,2135,Vegetariano/Vegano,2.0,4.1,847.0,0.02648563557654467
1200793449,56,Femenino,Chicago,Alto,5,58.01,No,No,Vegetariano,Sí,Efectivo,3687,Vegetariano/Vegano,2.0,4.1,847.0,0.02648563557654467
1846286593,61,Femenino,Chicago,Muy Alto,9,62.06,No,Sí,Vegetariano,Sí,Tarjeta,15393,Vegetariano/Vegano,2.0,4.1,847.0,0.02648563557654467
5006748052,39,Femenino,Chicago,Alto,6,23.39,Sí,No,Mariscos,Sí,Efectivo,3959,Mariscos y pescado,21.0,4.409523809523809,59.142857142857146,0.37930756843800323
3108711029,36,Femenino,Chicago,Bajo,2,8.58,Sí,Sí,Carnes,No,Tarjeta,1097,Carnes,32.0,4.3125,49.65625,0.45177260331445357
6288412270,50,Masculino,Chicago,Alto,5,57.54,No,No,Sin dato,Sí,App,6204,Sin dato,,,,
6418365941,48,Femenino,Chicago,Bajo,0,0.0,No,No,Vegetariano,No,Efectivo,1403,Vegetariano/Vegano,2.0,4.1,847.0,0.02648563557654467
8737339019,60,Masculino,Chicago,Alto,5,42.16,Sí,No,Otro,Sí,Efectivo,5498,Otro,191.0,4.39738219895288,3.094240837696335,7.250028200789622
4857194484,68,Masculino,Chicago,Bajo,2,7.2,Sí,Sí,Otro,No,App,1341,Otro,191.0,4.39738219895288,3.094240837696335,7.250028200789622
9519577735,73,Femenino,Chicago,Alto,4,19.98,No,No,Sin dato,Sí,Tarjeta,7751,Sin dato,,,,
9885460144,52,Masculino,Chicago,Alto,5,38.82,No,Sí,Carnes,Sí,Tarjeta,5994,Carnes,32.0,4.3125,49.65625,0.45177260331445357
1248775268,77,Femenino,Chicago,Medio,3,13.99,Sí,Sí,Vegetariano,No,Tarjeta,2484,Vegetariano/Vegano,2.0,4.1,847.0,0.02648563557654467
7104224123,43,Femenino,Chicago,Bajo,2,7.24,No,No,Pescado,No,Efectivo,1313,Mariscos y pescado,21.0,4.409523809523809,59.142857142857146,0.37930756843800323
6170114639,73,Masculino,Chicago,Bajo,1,6.34,Sí,Sí,Pescado,No,Tarjeta,1065,Mariscos y pescado,21.0,4.409523809523809,59.142857142857146,0.37930756843800323
7820039405,72,Masculino,Chicago,Alto,5,31.45,Sí,Sí,Carnes,Sí,Efectivo,6307,Carnes,32.0,4.3125,49.65625,0.45177260331445357
4205384349,59,Masculino,Chicago,Muy Alto,9,77.75,Sí,Sí,Vegano,Sí,Efectivo,16181,Vegetariano/Vegano,2.0,4.1,847.0,0.02648563557654467
8204133377,49,Masculino,Chicago,Alto,6,41.98,Sí,No,Vegetariano,Sí,App,5646,Vegetariano/Vegano,2.0,4.1,847.0,0.02648563557654467
8996744137,26,Femenino,Chicago,Medio,3,12.58,Sí,Sí,Vegetariano,No,App,2973,Vegetariano/Vegano,2.0,4.1,847.0,0.02648563557654467
9745050240,26,Femenino,Chicago,Alto,5,21.24,Sí,Sí,Mariscos,No,App,4041,Mariscos y pescado,21.0,4.409523809523809,59.142857142857146,0.37930756843800323
9432777006,62,Femenino,Chicago,Bajo,1,7.92,Sí,Sí,Mariscos,No,App,991,Mariscos y pescado,21.0,4.409523809523809,59.142857142857146,0.37930756843800323
4602756961,43,Femenino,Chicago,Alto,6,47.12,Sí,No,Carnes,No,App,5372,Carnes,32.0,4.3125,49.65625,0.45177260331445357
2486979306,57,Femenino,Chicago,Muy Alto,10,81.8,No,Sí,Vegano,Sí,App,12991,Vegetariano/Vegano,2.0,4.1,847.0,0.02648563557654467
5742792221,65,Masculino,Chicago,Bajo,3,7.39,Sí,Sí,Vegano,No,Efectivo,1313,Vegetariano/Vegano,2.0,4.1,847.0,0.02648563557654467
2782157530,19,Masculino,Chicago,Medio,5,12.95,No,Sí,Otro,No,App,2324,Otro,191.0,4.39738219895288,3.094240837696335,7.250028200789622
1793979551,36,Femenino,Chicago,Medio,3,28.19,Sí,Sí,Sin dato,No,Efectivo,1916,Sin dato,,,,
3596622371,69,Femenino,Chicago,Bajo,1,5.66,No,Sí,Mariscos,No,Efectivo,930,Mariscos y pescado,21.0,4.409523809523809,59.142857142857146,0.37930756843800323
3467779677,64,Masculino,Chicago,Alto,4,37.2,No,No,Vegano,Sí,Efectivo,3770,Vegetariano/Vegano,2.0,4.1,847.0,0.02648563557654467
7025492876,60,Femenino,Chicago,Bajo,1,6.85,No,No,Carnes,No,App,1481,Carnes,32.0,4.3125,49.65625,0.45177260331445357
8188400168,60,Masculino,Chicago,Medio,4,13.39,Sí,Sí,Carnes,No,Efectivo,2616,Carnes,32.0,4.3125,49.65625,0.45177260331445357
1742855478,71,Masculino,Chicago,Alto,5,40.56,Sí,Sí,Otro,Sí,Tarjeta,6758,Otro,191.0,4.39738219895288,3.094240837696335,7.250028200789622
7254396705,55,Femenino,Chicago,Bajo,2,5.44,No,Sí,Carnes,No,Tarjeta,1599,Carnes,32.0,4.3125,49.65625,0.45177260331445357
3727525740,27,Masculino,Chicago,Alto,4,16.21,No,No,Carnes,Sí,Tarjeta,4073,Carnes,32.0,4.3125,49.65625,0.45177260331445357
3539023418,80,Femenino,Chicago,Alto,4,59.32,Sí,No,Carnes,Sí,Efectivo,7662,Carnes,32.0,4.3125,49.65625,0.45177260331445357
4060289049,31,Masculino,Chicago,Bajo,3,6.81,No,Sí,Vegetariano,No,App,1121,Vegetariano/Vegano,2.0,4.1,847.0,0.02648563557654467
1814249351,24,Masculino,Chicago,Medio,4,23.07,Sí,Sí,Vegetariano,No,App,2103,Vegetariano/Vegano,2.0,4.1,847.0,0.02648563557654467
4572079205,66,Masculino,Chicago,Muy Alto,6,91.6,No,Sí,Pescado,Sí,Efectivo,10553,Mariscos y pescado,21.0,4.409523809523809,59.142857142857146,0.37930756843800323
5220287391,41,Femenino,Chicago,Medio,4,29.69,No,No,Carnes,No,Efectivo,3081,Carnes,32.0,4.3125,49.65625,0.45177260331445357
2421458235,30,Masculino,Chicago,Alto,6,11.84,No,Sí,Vegano,Sí,Tarjeta,5936,Vegetariano/Vegano,2.0,4.1,847.0,0.02648563557654467
1210267569,38,Femenino,Chicago,Bajo,1,8.0,Sí,Sí,Carnes,No,App,1431,Carnes,32.0,4.3125,49.65625,0.45177260331445357
1114894901,66,Femenino,Chicago,Alto,6,23.82,Sí,No,Vegetariano,Sí,Efectivo,8207,Vegetariano/Vegano,2.0,4.1,847.0,0.02648563557654467
7738124846,38,Femenino,Chicago,Medio,3,19.05,No,Sí,Sin dato,Sí,App,2407,Sin dato,,,,
9969678424,62,Masculino,Chicago,Medio,2,20.48,No,No,Vegetariano,Sí,App,2902,Vegetariano/Vegano,2.0,4.1,847.0,0.02648563557654467
9827584841,44,Masculino,Chicago,Alto,5,43.71,Sí,No,Otro,No,App,3928,Otro,191.0,4.39738219895288,3.094240837696335,7.250028200789622
7667532094,41,Femenino,Chicago,Alto,6,21.02,Sí,No,Vegano,Sí,Tarjeta,4661,Vegetariano/Vegano,2.0,4.1,847.0,0.02648563557654467
4435627262,64,Femenino,Chicago,Alto,5,17.24,No,No,Vegetariano,Sí,Efectivo,8532,Vegetariano/Vegano,2.0,4.1,847.0,0.02648563557654467
8771690787,37,Masculino,Chicago,Medio,4,24.82,No,Sí,Vegetariano,No,Efectivo,1893,Vegetariano/Vegano,2.0,4.1,847.0,0.02648563557654467
5257668824,20,Femenino,Chicago,Bajo,0,0.0,Sí,Sí,Mariscos,No,Efectivo,1333,Mariscos y pescado,21.0,4.409523809523809,59.142857142857146,0.37930756843800323
8642956821,26,Femenino,Chicago,Medio,3,8.45,No,Sí,Mariscos,No,Tarjeta,3375,Mariscos y pescado,21.0,4.409523809523809,59.142857142857146,0.37930756843800323
8849572476,46,Masculino,Chicago,Muy Alto,5,98.12,No,No,Carnes,Sí,Efectivo,17385,Carnes,32.0,4.3125,49.65625,0.45177260331445357
8803298579,19,Masculino,Chicago,Bajo,3,7.33,Sí,Sí,Vegano,No,Efectivo,1207,Vegetariano/Vegano,2.0,4.1,847.0,0.02648563557654467
8146597223,22,Femenino,Chicago,Alto,5,21.87,No,Sí,Carnes,Sí,Tarjeta,6651,Carnes,32.0,4.3125,49.65625,0.45177260331445357
5069522255,33,Masculino,Chicago,Medio,5,5.66,No,Sí,Carnes,No,Efectivo,2121,Carnes,32.0,4.3125,49.65625,0.45177260331445357
8384840466,31,Femenino,Chicago,Alto,6,26.15,No,No,Vegano,Sí,Tarjeta,5371,Vegetariano/Vegano,2.0,4.1,847.0,0.02648563557654467
8742962837,31,Femenino,Chicago,Medio,4,9.61,Sí,Sí,Sin dato,No,Efectivo,2214,Sin dato,,,,
3905771574,67,Masculino,Chicago,Medio,4,7.33,Sí,Sí,Vegetariano,No,Tarjeta,2213,Vegetariano/Vegano,2.0,4.1,847.0,0.02648563557654467
9445332139,52,Masculino,Chicago,Bajo,2,8.18,No,Sí,Carnes,No,Efectivo,1133,Carnes,32.0,4.3125,49.65625,0.45177260331445357
5273988024,69,Masculino,Chicago,Alto,5,24.06,Sí,Sí,Carnes,No,Tarjeta,3992,Carnes,32.0,4.3125,49.65625,0.45177260331445357
8493135871,38,Masculino,Chicago,Bajo,1,6.89,Sí,No,Vegetariano,No,App,1097,Vegetariano/Vegano,2.0,4.1,847.0,0.02648563557654467
5847023855,20,Femenino,Chicago,Bajo,2,5.32,No,No,Vegetariano,No,App,1406,Vegetariano/Vegano,2.0,4.1,847.0,0.02648563557654467
7079234115,43,Femenino,Chicago,Alto,6,5.18,Sí,Sí,Pescado,No,App,6512,Mariscos y pescado,21.0,4.409523809523809,59.142857142857146,0.37930756843800323
5492922930,76,Femenino,Chicago,Medio,3,28.61,Sí,Sí,Carnes,No,App,3205,Carnes,32.0,4.3125,49.65625,0.45177260331445357
6175261010,71,Femenino,Chicago,Medio,3,9.86,No,Sí,Carnes,No,Tarjeta,1707,Carnes,32.0,4.3125,49.65625,0.45177260331445357
1473029049,19,Masculino,Chicago,Alto,6,8.02,No,Sí,Mariscos,No,Efectivo,8457,Mariscos y pescado,21.0,4.409523809523809,59.142857142857146,0.37930756843800323
2956910592,78,Femenino,Chicago,Medio,5,15.71,Sí,No,Mariscos,No,Efectivo,2549,Mariscos y pescado,21.0,4.409523809523809,59.142857142857146,0.37930756843800323
3619521081,65,Femenino,Chicago,Bajo,1,9.52,No,No,Vegetariano,No,Tarjeta,1229,Vegetariano/Vegano,2.0,4.1,847.0,0.02648563557654467
4029778660,27,Masculino,Chicago,Muy Alto,10,74.16,No,Sí,Mariscos,Sí,Efectivo,10376,Mariscos y pescado,21.0,4.409523809523809,59.142857142857146,0.37930756843800323
5386629373,68,Femenino,Chicago,Bajo,1,8.93,No,Sí,Carnes,No,Efectivo,1288,Carnes,32.0,4.3125,49.65625,0.45177260331445357
3880188409,38,Masculino,Chicago,Medio,3,12.03,No,No,Carnes,No,App,1973,Carnes,32.0,4.3125,49.65625,0.45177260331445357
7190923004,61,Femenino,Chicago,Medio,2,10.47,No,No,Carnes,No,Efectivo,2863,Carnes,32.0,4.3125,49.65625,0.45177260331445357
7561581113,31,Masculino,Chicago,Bajo,2,5.93,No,Sí,Vegano,No,Efectivo,1319,Vegetariano/Vegano,2.0,4.1,847.0,0.02648563557654467
5625342041,61,Femenino,Chicago,Muy Alto,5,13.17,Sí,Sí,Mariscos,Sí,Efectivo,15324,Mariscos y pescado,21.0,4.409523809523809,59.142857142857146,0.37930756843800323
7897759834,58,Femenino,Chicago,Alto,5,40.67,Sí,Sí,Carnes,Sí,Efectivo,6804,Carnes,32.0,4.3125,49.65625,0.45177260331445357
8147486165,24,Masculino,Chicago,Bajo,0,0.0,No,Sí,Pescado,No,Tarjeta,1098,Mariscos y pescado,21.0,4.409523809523809,59.142857142857146,0.37930756843800323
8954835349,43,Femenino,Chicago,Muy Alto,5,13.34,Sí,No,Vegano,Sí,Tarjeta,12106,Vegetariano/Vegano,2.0,4.1,847.0,0.02648563557654467
8846666501,69,Masculino,Chicago,Alto,5,51.83,Sí,Sí,Carnes,No,Tarjeta,7190,Carnes,32.0,4.3125,49.65625,0.45177260331445357
7654839196,68,Masculino,Chicago,Alto,6,47.22,No,Sí,Pescado,No,Efectivo,8461,Mariscos y pescado,21.0,4.409523809523809,59.142857142857146,0.37930756843800323
6272767389,24,Masculino,Chicago,Bajo,3,6.4,Sí,Sí,Carnes,No,App,1048,Carnes,32.0,4.3125,49.65625,0.45177260331445357
1433915170,47,Femenino,Chicago,Muy Alto,9,8.16,No,No,Carnes,Sí,Tarjeta,14383,Carnes,32.0,4.3125,49.65625,0.45177260331445357
7204148060,60,Femenino,Chicago,Alto,5,5.43,Sí,Sí,Vegetariano,Sí,Tarjeta,7162,Vegetariano/Vegano,2.0,4.1,847.0,0.02648563557654467
7543747200,45,Masculino,Chicago,Medio,4,19.22,Sí,Sí,Carnes,Sí,App,2123,Carnes,32.0,4.3125,49.65625,0.45177260331445357
6791123870,24,Masculino,Chicago,Alto,5,48.56,Sí,Sí,Pescado,Sí,App,5318,Mariscos y pescado,21.0,4.409523809523809,59.142857142857146,0.37930756843800323
3307434175,68,Masculino,Chicago,Medio,2,27.26,No,No,Carnes,No,Tarjeta,1998,Carnes,32.0,4.3125,49.65625,0.45177260331445357
4956866299,38,Masculino,Chicago,Muy Alto,5,74.89,Sí,Sí,Mariscos,Sí,Efectivo,13670,Mariscos y pescado,21.0,4.409523809523809,59.142857142857146,0.37930756843800323
1934523126,50,Masculino,Chicago,Alto,6,11.87,No,Sí,Carnes,Sí,Efectivo,4062,Carnes,32.0,4.3125,49.65625,0.45177260331445357
5943946354,43,Masculino,Chicago,Muy Alto,6,21.93,No,Sí,Pescado,Sí,Tarjeta,12392,Mariscos y pescado,21.0,4.409523809523809,59.142857142857146,0.37930756843800323
1596412178,45,Masculino,Chicago,Bajo,3,8.12,Sí,Sí,Pescado,No,Tarjeta,1020,Mariscos y pescado,21.0,4.409523809523809,59.142857142857146,0.37930756843800323
7488089171,37,Femenino,Chicago,Medio,4,10.93,Sí,No,Pescado,No,Tarjeta,2824,Mariscos y pescado,21.0,4.409523809523809,59.142857142857146,0.37930756843800323
3500339713,46,Masculino,Chicago,Medio,2,8.18,Sí,Sí,Carnes,No,App,2501,Carnes,32.0,4.3125,49.65625,0.45177260331445357
7132981085,79,Masculino,Chicago,Muy Alto,8,10.09,Sí,No,Vegano,Sí,Tarjeta,13172,Vegetariano/Vegano,2.0,4.1,847.0,0.02648563557654467
2846343177,71,Femenino,Chicago,Medio,4,8.84,No,Sí,Vegetariano,No,Tarjeta,1642,Vegetariano/Vegano,2.0,4.1,847.0,0.02648563557654467
3392699489,51,Femenino,Chicago,Alto,5,52.19,No,Sí,Carnes,Sí,Efectivo,4745,Carnes,32.0,4.3125,49.65625,0.45177260331445357
3471559918,49,Masculino,Chicago,Medio,3,14.21,No,Sí,Mariscos,No,Tarjeta,3433,Mariscos y pescado,21.0,4.409523809523809,59.142857142857146,0.37930756843800323
7530009085,37,Masculino,Chicago,Muy Alto,7,48.81,No,Sí,Otro,Sí,App,17045,Otro,191.0,4.39738219895288,3.094240837696335,7.250028200789622
2826423231,59,Masculino,Chicago,Alto,6,19.71,Sí,Sí,Otro,Sí,Efectivo,3616,Otro,191.0,4.39738219895288,3.094240837696335,7.250028200789622
5306459450,49,Masculino,Chicago,Medio,5,15.52,Sí,Sí,Carnes,No,Efectivo,2352,Carnes,32.0,4.3125,49.65625,0.45177260331445357
4373060563,25,Masculino,Chicago,Medio,2,15.21,No,Sí,Vegetariano,Sí,Efectivo,2599,Vegetariano/Vegano,2.0,4.1,847.0,0.02648563557654467
2066074462,19,Femenino,Chicago,Medio,3,11.84,Sí,Sí,Vegetariano,No,Efectivo,3202,Vegetariano/Vegano,2.0,4.1,847.0,0.02648563557654467
5868640848,62,Femenino,Chicago,Medio,4,20.7,No,Sí,Pescado,No,App,3351,Mariscos y pescado,21.0,4.409523809523809,59.142857142857146,0.37930756843800323
4476252444,71,Femenino,Chicago,Alto,5,39.35,Sí,Sí,Vegetariano,No,App,5065,Vegetariano/Vegano,2.0,4.1,847.0,0.02648563557654467
5658436786,76,Femenino,Chicago,Alto,5,57.0,No,No,Carnes,Sí,App,5090,Carnes,32.0,4.3125,49.65625,0.45177260331445357
4807470081,33,Femenino,Chicago,Bajo,2,8.42,Sí,Sí,Mariscos,No,Efectivo,955,Mariscos y pescado,21.0,4.409523809523809,59.142857142857146,0.37930756843800323
3348938701,71,Femenino,Chicago,Bajo,1,8.48,No,Sí,Carnes,No,App,1291,Carnes,32.0,4.3125,49.65625,0.45177260331445357
2390587865,29,Femenino,Chicago,Bajo,0,0.0,Sí,Sí,Mariscos,No,Tarjeta,1598,Mariscos y pescado,21.0,4.409523809523809,59.142857142857146,0.37930756843800323
4346026267,77,Femenino,Chicago,Bajo,2,9.97,Sí,No,Carnes,No,Tarjeta,1373,Carnes,32.0,4.3125,49.65625,0.45177260331445357
7325737564,76,Masculino,Chicago,Bajo,3,6.71,No,No,Vegetariano,No,Tarjeta,1378,Vegetariano/Vegano,2.0,4.1,847.0,0.02648563557654467
2300475989,48,Femenino,Chicago,Bajo,3,7.29,No,Sí,Otro,No,Efectivo,815,Otro,191.0,4.39738219895288,3.094240837696335,7.250028200789622
1686490457,75,Masculino,Chicago,Alto,5,37.38,No,Sí,Vegetariano,Sí,Tarjeta,6440,Vegetariano/Vegano,2.0,4.1,847.0,0.02648563557654467
5231184406,61,Masculino,Chicago,Alto,6,27.05,Sí,Sí,Otro,Sí,Tarjeta,7394,Otro,191.0,4.39738219895288,3.094240837696335,7.250028200789622
6837982055,18,Masculino,Chicago,Medio,4,17.91,No,Sí,Carnes,No,Efectivo,2476,Carnes,32.0,4.3125,49.65625,0.45177260331445357
5422697684,66,Masculino,Chicago,Medio,3,15.66,No,Sí,Carnes,No,Efectivo,2168,Carnes,32.0,4.3125,49.65625,0.45177260331445357
2579880342,56,Femenino,Chicago,Medio,5,13.9,Sí,Sí,Vegetariano,Sí,Tarjeta,1791,Vegetariano/Vegano,2.0,4.1,847.0,0.02648563557654467
6719579866,55,Femenino,Chicago,Muy Alto,5,74.05,Sí,Sí,Carnes,Sí,Tarjeta,16590,Carnes,32.0,4.3125,49.65625,0.45177260331445357
5412437658,56,Femenino,Chicago,Alto,5,21.48,Sí,Sí,Vegetariano,Sí,Efectivo,4137,Vegetariano/Vegano,2.0,4.1,847.0,0.02648563557654467
9233052213,68,Femenino,Chicago,Medio,5,27.5,No,No,Otro,No,Tarjeta,3235,Otro,191.0,4.39738219895288,3.094240837696335,7.250028200789622
2463356163,78,Masculino,Chicago,Bajo,0,0.0,Sí,No,Carnes,No,Efectivo,1174,Carnes,32.0,4.3125,49.65625,0.45177260331445357
1823127520,57,Masculino,Chicago,Muy Alto,8,83.79,No,Sí,Carnes,Sí,Efectivo,16360,Carnes,32.0,4.3125,49.65625,0.45177260331445357
2373225204,70,Masculino,Chicago,Muy Alto,6,83.15,Sí,No,Mariscos,Sí,Tarjeta,10683,Mariscos y pescado,21.0,4.409523809523809,59.142857142857146,0.37930756843800323
9661038671,35,Femenino,Chicago,Muy Alto,6,50.59,Sí,Sí,Vegetariano,Sí,Efectivo,16581,Vegetariano/Vegano,2.0,4.1,847.0,0.02648563557654467
8201054390,45,Femenino,Chicago,Medio,3,28.57,Sí,No,Mariscos,No,Tarjeta,2056,Mariscos y pescado,21.0,4.409523809523809,59.142857142857146,0.37930756843800323
7133331989,65,Femenino,Chicago,Muy Alto,10,91.76,Sí,Sí,Vegetariano,No,App,12047,Vegetariano/Vegano,2.0,4.1,847.0,0.02648563557654467
9008400559,35,Femenino,Chicago,Bajo,3,8.13,Sí,Sí,Vegetariano,No,App,1462,Vegetariano/Vegano,2.0,4.1,847.0,0.02648563557654467
1964046033,38,Masculino,Chicago,Bajo,3,9.16,Sí,Sí,Vegetariano,No,Tarjeta,1481,Vegetariano/Vegano,2.0,4.1,847.0,0.02648563557654467
6389864974,47,Masculino,Chicago,Bajo,1,7.35,No,Sí,Carnes,No,App,1454,Carnes,32.0,4.3125,49.65625,0.45177260331445357
9109870866,24,Masculino,Chicago,Alto,6,16.96,Sí,Sí,Sin dato,No,Tarjeta,5097,Sin dato,,,,
3859898073,63,Femenino,Chicago,Medio,4,22.5,No,Sí,Sin dato,No,Efectivo,2855,Sin dato,,,,
2620132317,58,Masculino,Chicago,Medio,2,19.34,Sí,Sí,Vegano,No,Efectivo,2869,Vegetariano/Vegano,2.0,4.1,847.0,0.02648563557654467
8412721473,47,Femenino,Chicago,Alto,5,35.3,No,No,Mariscos,Sí,Efectivo,5092,Mariscos y pescado,21.0,4.409523809523809,59.142857142857146,0.37930756843800323
5358456111,49,Femenino,Chicago,Medio,2,17.92,Sí,Sí,Otro,No,Efectivo,1924,Otro,191.0,4.39738219895288,3.094240837696335,7.250028200789622
1682700754,64,Femenino,Chicago,Alto,6,6.89,Sí,Sí,Otro,Sí,Efectivo,8221,Otro,191.0,4.39738219895288,3.094240837696335,7.250028200789622
9470523707,54,Masculino,Chicago,Bajo,1,8.23,No,No,Carnes,No,Efectivo,1500,Carnes,32.0,4.3125,49.65625,0.45177260331445357
7728372274,50,Masculino,Chicago,Bajo,3,5.06,Sí,No,Pescado,No,Efectivo,1327,Mariscos y pescado,21.0,4.409523809523809,59.142857142857146,0.37930756843800323
7962682393,46,Femenino,Chicago,Alto,6,40.3,Sí,Sí,Carnes,Sí,App,8899,Carnes,32.0,4.3125,49.65625,0.45177260331445357
6739056209,54,Femenino,Chicago,Bajo,3,6.97,Sí,Sí,Vegetariano,No,Tarjeta,1187,Vegetariano/Vegano,2.0,4.1,847.0,0.02648563557654467
4514021643,74,Femenino,Chicago,Medio,4,25.07,Sí,Sí,Sin dato,No,App,2445,Sin dato,,,,
5024050098,28,Femenino,Chicago,Medio,3,11.11,No,Sí,Otro,No,Tarjeta,3137,Otro,191.0,4.39738219895288,3.094240837696335,7.250028200789622
6852325391,76,Femenino,Chicago,Alto,5,7.72,No,No,Carnes,Sí,Efectivo,6705,Carnes,32.0,4.3125,49.65625,0.45177260331445357
7104729072,25,Femenino,Chicago,Muy Alto,5,77.54,No,Sí,Vegano,Sí,Efectivo,11546,Vegetariano/Vegano,2.0,4.1,847.0,0.02648563557654467
9463835324,47,Femenino,Chicago,Alto,5,29.28,Sí,Sí,Vegetariano,No,Tarjeta,5080,Vegetariano/Vegano,2.0,4.1,847.0,0.02648563557654467
4327896974,76,Masculino,Chicago,Muy Alto,8,52.67,Sí,No,Pescado,Sí,Tarjeta,16526,Mariscos y pescado,21.0,4.409523809523809,59.142857142857146,0.37930756843800323
7455331209,25,Masculino,Chicago,Alto,4,33.63,Sí,No,Pescado,No,Efectivo,8407,Mariscos y pescado,21.0,4.409523809523809,59.142857142857146,0.37930756843800323
5101650214,52,Masculino,Chicago,Muy Alto,5,23.8,Sí,No,Otro,Sí,Efectivo,16852,Otro,191.0,4.39738219895288,3.094240837696335,7.250028200789622
4668375662,66,Masculino,Chicago,Muy Alto,5,71.37,No,Sí,Carnes,Sí,Efectivo,17051,Carnes,32.0,4.3125,49.65625,0.45177260331445357
7022683808,38,Femenino,Chicago,Bajo,2,6.7,Sí,No,Pescado,No,Tarjeta,1567,Mariscos y pescado,21.0,4.409523809523809,59.142857142857146,0.37930756843800323
5735817014,52,Masculino,Chicago,Alto,5,26.77,Sí,Sí,Carnes,Sí,App,3820,Carnes,32.0,4.3125,49.65625,0.45177260331445357
1015575511,19,Femenino,Chicago,Medio,2,20.35,No,Sí,Vegano,No,Efectivo,2442,Vegetariano/Vegano,2.0,4.1,847.0,0.02648563557654467
8125843701,60,Femenino,Chicago,Alto,4,10.76,No,Sí,Vegetariano,Sí,App,8337,Vegetariano/Vegano,2.0,4.1,847.0,0.02648563557654467
2650831268,43,Femenino,Chicago,Medio,3,18.34,Sí,No,Otro,No,App,2174,Otro,191.0,4.39738219895288,3.094240837696335,7.250028200789622
7451175303,38,Femenino,Chicago,Medio,3,29.75,No,No,Otro,No,Tarjeta,3301,Otro,191.0,4.39738219895288,3.094240837696335,7.250028200789622
8013338099,68,Femenino,Chicago,Alto,4,39.44,Sí,Sí,Otro,Sí,Tarjeta,4111,Otro,191.0,4.39738219895288,3.094240837696335,7.250028200789622
8441782033,63,Femenino,Chicago,Alto,5,6.72,Sí,Sí,Mariscos,Sí,Efectivo,4611,Mariscos y pescado,21.0,4.409523809523809,59.142857142857146,0.37930756843800323
8203479350,65,Femenino,Chicago,Medio,5,9.27,Sí,No,Otro,No,Efectivo,2334,Otro,191.0,4.39738219895288,3.094240837696335,7.250028200789622
5254285782,75,Femenino,Chicago,Medio,5,21.55,Sí,No,Mariscos,No,Tarjeta,2859,Mariscos y pescado,21.0,4.409523809523809,59.142857142857146,0.37930756843800323
8061874515,67,Masculino,Chicago,Bajo,0,0.0,Sí,Sí,Carnes,No,App,1516,Carnes,32.0,4.3125,49.65625,0.45177260331445357
7550139546,35,Femenino,Chicago,Bajo,1,5.5,No,Sí,Pescado,No,Tarjeta,1125,Mariscos y pescado,21.0,4.409523809523809,59.142857142857146,0.37930756843800323
1805968667,72,Femenino,Chicago,Alto,5,39.65,No,Sí,Otro,No,Efectivo,5581,Otro,191.0,4.39738219895288,3.094240837696335,7.250028200789622
7299731371,61,Masculino,Chicago,Muy Alto,5,50.17,Sí,Sí,Vegano,Sí,Efectivo,15026,Vegetariano/Vegano,2.0,4.1,847.0,0.02648563557654467
4932901870,63,Masculino,Chicago,Medio,5,11.54,No,Sí,Carnes,Sí,Tarjeta,1810,Carnes,32.0,4.3125,49.65625,0.45177260331445357
3880682532,18,Femenino,Chicago,Muy Alto,9,12.13,Sí,Sí,Otro,Sí,Efectivo,13300,Otro,191.0,4.39738219895288,3.094240837696335,7.250028200789622
9602236528,32,Femenino,Chicago,Bajo,2,9.63,Sí,No,Otro,No,Tarjeta,884,Otro,191.0,4.39738219895288,3.094240837696335,7.250028200789622
9815056399,32,Masculino,Chicago,Alto,4,27.92,No,No,Vegano,No,Efectivo,8227,Vegetariano/Vegano,2.0,4.1,847.0,0.02648563557654467
2063564831,18,Femenino,Chicago,Muy Alto,8,31.75,No,Sí,Vegetariano,Sí,Efectivo,15390,Vegetariano/Vegano,2.0,4.1,847.0,0.02648563557654467
5884391502,71,Femenino,Chicago,Muy Alto,7,23.56,Sí,No,Vegano,Sí,Tarjeta,15571,Vegetariano/Vegano,2.0,4.1,847.0,0.02648563557654467
1661120637,56,Femenino,Chicago,Medio,5,14.34,No,Sí,Carnes,Sí,Tarjeta,2634,Carnes,32.0,4.3125,49.65625,0.45177260331445357
2302403255,37,Masculino,Chicago,Bajo,1,8.7,No,Sí,Mariscos,No,Efectivo,1488,Mariscos y pescado,21.0,4.409523809523809,59.142857142857146,0.37930756843800323
9733323246,37,Masculino,Chicago,Alto,6,55.31,No,No,Carnes,Sí,Tarjeta,6453,Carnes,32.0,4.3125,49.65625,0.45177260331445357
6654048442,36,Masculino,Chicago,Muy Alto,6,27.16,Sí,No,Carnes,No,Criptomoneda,9891,Carnes,32.0,4.3125,49.65625,0.45177260331445357
6900690255,54,Masculino,Chicago,Medio,2,19.39,Sí,Sí,Vegetariano,No,Efectivo,2274,Vegetariano/Vegano,2.0,4.1,847.0,0.02648563557654467
9731584225,37,Masculino,Chicago,Medio,5,7.09,No,No,Vegetariano,No,Efectivo,2211,Vegetariano/Vegano,2.0,4.1,847.0,0.02648563557654467
7929726833,46,Femenino,Chicago,Medio,5,26.14,No,No,Sin dato,No,Tarjeta,3427,Sin dato,,,,
9424481810,72,Masculino,Chicago,Bajo,0,0.0,Sí,No,Mariscos,No,Tarjeta,1156,Mariscos y pescado,21.0,4.409523809523809,59.142857142857146,0.37930756843800323
5137490437,42,Femenino,Chicago,Medio,2,26.2,No,Sí,Vegetariano,No,App,2584,Vegetariano/Vegano,2.0,4.1,847.0,0.02648563557654467
6798638084,22,Masculino,Chicago,Bajo,3,9.98,Sí,Sí,Carnes,No,Tarjeta,1361,Carnes,32.0,4.3125,49.65625,0.45177260331445357
6239170864,66,Masculino,Chicago,Alto,5,39.5,Sí,Sí,Otro,No,Tarjeta,7272,Otro,191.0,4.39738219895288,3.094240837696335,7.250028200789622
2605836953,29,Masculino,Chicago,Alto,4,10.23,No,Sí,Otro,No,Efectivo,4145,Otro,191.0,4.39738219895288,3.094240837696335,7.250028200789622
9626202416,23,Masculino,Chicago,Bajo,1,9.33,No,Sí,Vegetariano,No,Efectivo,1414,Vegetariano/Vegano,2.0,4.1,847.0,0.02648563557654467
2740411609,22,Femenino,Chicago,Muy Alto,6,95.27,Sí,Sí,Otro,Sí,Efectivo,15518,Otro,191.0,4.39738219895288,3.094240837696335,7.250028200789622
3253338333,44,Masculino,Chicago,Muy Alto,6,32.77,No,Sí,Carnes,Sí,Efectivo,13960,Carnes,32.0,4.3125,49.65625,0.45177260331445357
9763378972,59,Femenino,Chicago,Medio,4,19.12,No,Sí,Vegano,No,Tarjeta,1738,Vegetariano/Vegano,2.0,4.1,847.0,0.02648563557654467
6394997489,32,Femenino,Chicago,Medio,4,13.11,No,Sí,Carnes,No,Efectivo,2592,Carnes,32.0,4.3125,49.65625,0.45177260331445357
1479561482,74,Masculino,Chicago,Muy Alto,8,52.57,No,Sí,Vegano,Sí,Efectivo,17987,Vegetariano/Vegano,2.0,4.1,847.0,0.02648563557654467
1287814151,26,Femenino,Chicago,Alto,4,29.29,Sí,Sí,Vegetariano,Sí,Efectivo,8745,Vegetariano/Vegano,2.0,4.1,847.0,0.02648563557654467
5745844242,39,Femenino,Chicago,Medio,2,9.16,No,Sí,Vegetariano,No,App,2812,Vegetariano/Vegano,2.0,4.1,847.0,0.02648563557654467
1731517326,58,Masculino,Chicago,Muy Alto,8,81.78,No,No,Sin dato,Sí,Tarjeta,14598,Sin dato,,,,
7655765354,27,Femenino,Chicago,Medio,4,22.55,No,Sí,Mariscos,No,Efectivo,2063,Mariscos y pescado,21.0,4.409523809523809,59.142857142857146,0.37930756843800323
8450355695,51,Femenino,Chicago,Bajo,3,9.74,Sí,Sí,Pescado,No,Efectivo,1425,Mariscos y pescado,21.0,4.409523809523809,59.142857142857146,0.37930756843800323
6505220705,37,Masculino,Chicago,Medio,3,24.66,No,Sí,Vegano,No,Efectivo,1873,Vegetariano/Vegano,2.0,4.1,847.0,0.02648563557654467
4498132611,27,Femenino,Chicago,Bajo,2,8.82,Sí,Sí,Vegetariano,No,Efectivo,1480,Vegetariano/Vegano,2.0,4.1,847.0,0.02648563557654467
5300167134,67,Femenino,Chicago,Alto,6,18.27,Sí,Sí,Mariscos,No,App,5241,Mariscos y pescado,21.0,4.409523809523809,59.142857142857146,0.37930756843800323
9906478500,55,Masculino,Chicago,Alto,5,49.33,Sí,Sí,Otro,No,Tarjeta,5696,Otro,191.0,4.39738219895288,3.094240837696335,7.250028200789622
3947560232,56,Femenino,Chicago,Medio,5,27.19,Sí,Sí,Pescado,No,Efectivo,1648,Mariscos y pescado,21.0,4.409523809523809,59.142857142857146,0.37930756843800323
9817638455,37,Masculino,Chicago,Medio,3,22.89,Sí,No,Mariscos,No,Efectivo,1616,Mariscos y pescado,21.0,4.409523809523809,59.142857142857146,0.37930756843800323
2349590697,36,Femenino,Chicago,Medio,5,23.85,Sí,Sí,Pescado,No,Efectivo,2792,Mariscos y pescado,21.0,4.409523809523809,59.142857142857146,0.37930756843800323
3226715826,53,Masculino,Chicago,Muy Alto,9,20.01,Sí,No,Vegano,Sí,App,10304,Vegetariano/Vegano,2.0,4.1,847.0,0.02648563557654467
2574942792,30,Femenino,Chicago,Alto,5,18.77,No,Sí,Carnes,No,Efectivo,7118,Carnes,32.0,4.3125,49.65625,0.45177260331445357
8104759351,71,Femenino,Chicago,Muy Alto,5,24.22,No,Sí,Otro,Sí,Efectivo,14435,Otro,191.0,4.39738219895288,3.094240837696335,7.250028200789622
2280875150,74,Masculino,Chicago,Bajo,2,6.845,No,Sí,Vegano,No,Tarjeta,1040,Vegetariano/Vegano,2.0,4.1,847.0,0.02648563557654467
8485653966,42,Femenino,Chicago,Medio,5,27.99,No,Sí,Pescado,No,App,2148,Mariscos y pescado,21.0,4.409523809523809,59.142857142857146,0.37930756843800323
7022816944,66,Masculino,Chicago,Bajo,0,0.0,Sí,Sí,Vegetariano,No,Efectivo,1086,Vegetariano/Vegano,2.0,4.1,847.0,0.02648563557654467
1347295031,47,Masculino,Chicago,Medio,2,13.74,No,Sí,Carnes,Sí,App,2223,Carnes,32.0,4.3125,49.65625,0.45177260331445357
3445250621,28,Femenino,Chicago,Medio,4,17.52,Sí,Sí,Carnes,No,Efectivo,2485,Carnes,32.0,4.3125,49.65625,0.45177260331445357
6554488855,20,Femenino,Chicago,Alto,6,39.32,No,Sí,Vegetariano,No,Criptomoneda,6957,Vegetariano/Vegano,2.0,4.1,847.0,0.02648563557654467
5975121667,53,Masculino,Chicago,Bajo,1,9.66,Sí,No,Carnes,No,Tarjeta,1323,Carnes,32.0,4.3125,49.65625,0.45177260331445357
7370264712,77,Femenino,Chicago,Medio,2,15.09,Sí,No,Vegetariano,Sí,App,1709,Vegetariano/Vegano,2.0,4.1,847.0,0.02648563557654467
3630047061,65,Femenino,Chicago,Medio,5,15.38,No,Sí,Mariscos,No,Efectivo,2939,Mariscos y pescado,21.0,4.409523809523809,59.142857142857146,0.37930756843800323
5329658747,27,Femenino,Chicago,Medio,4,21.48,No,Sí,Vegetariano,No,App,1871,Vegetariano/Vegano,2.0,4.1,847.0,0.02648563557654467
6767494752,75,Masculino,Chicago,Medio,2,20.9,Sí,Sí,Sin dato,No,Tarjeta,2364,Sin dato,,,,
2691178153,34,Femenino,Chicago,Bajo,0,0.0,Sí,Sí,Pescado,No,Efectivo,954,Mariscos y pescado,21.0,4.409523809523809,59.142857142857146,0.37930756843800323
9876515546,20,Masculino,Chicago,Alto,4,35.66,No,Sí,Vegetariano,Sí,Efectivo,6984,Vegetariano/Vegano,2.0,4.1,847.0,0.02648563557654467
5227828349,74,Masculino,Chicago,Medio,4,9.2,No,Sí,Carnes,No,Efectivo,3040,Carnes,32.0,4.3125,49.65625,0.45177260331445357
6386329670,40,Femenino,Chicago,Medio,5,7.05,No,No,Mariscos,No,Tarjeta,1733,Mariscos y pescado,21.0,4.409523809523809,59.142857142857146,0.37930756843800323
8577019017,31,Masculino,Chicago,Bajo,3,9.26,No,No,Vegetariano,No,Tarjeta,1168,Vegetariano/Vegano,2.0,4.1,847.0,0.02648563557654467
7857560990,29,Femenino,Chicago,Medio,3,18.25,No,Sí,Vegetariano,No,Efectivo,2117,Vegetariano/Vegano,2.0,4.1,847.0,0.02648563557654467
1947739357,46,Femenino,Chicago,Medio,3,8.72,Sí,Sí,Vegano,No,Efectivo,2034,Vegetariano/Vegano,2.0,4.1,847.0,0.02648563557654467
9645819284,52,Masculino,Chicago,Alto,6,44.19,No,Sí,Vegetariano,Sí,Efectivo,7967,Vegetariano/Vegano,2.0,4.1,847.0,0.02648563557654467
6112823642,57,Masculino,Chicago,Bajo,2,5.71,Sí,Sí,Vegetariano,No,Efectivo,881,Vegetariano/Vegano,2.0,4.1,847.0,0.02648563557654467
3805230374,45,Masculino,Chicago,Medio,5,6.01,Sí,Sí,Vegano,No,Criptomoneda,3449,Vegetariano/Vegano,2.0,4.1,847.0,0.02648563557654467
6358649284,43,Masculino,Chicago,Medio,5,21.24,No,Sí,Mariscos,No,Efectivo,2956,Mariscos y pescado,21.0,4.409523809523809,59.142857142857146,0.37930756843800323
4226287306,67,Femenino,Chicago,Medio,5,9.87,Sí,Sí,Otro,No,Efectivo,2777,Otro,191.0,4.39738219895288,3.094240837696335,7.250028200789622
2263344317,55,Masculino,Chicago,Bajo,2,8.95,No,Sí,Carnes,No,Efectivo,1123,Carnes,32.0,4.3125,49.65625,0.45177260331445357
1638321534,60,Masculino,Chicago,Alto,5,14.07,Sí,No,Vegetariano,Sí,Efectivo,6535,Vegetariano/Vegano,2.0,4.1,847.0,0.02648563557654467
4121407135,77,Masculino,Chicago,Alto,5,48.84,Sí,No,Carnes,Sí,Tarjeta,8558,Carnes,32.0,4.3125,49.65625,0.45177260331445357
6791583192,74,Femenino,Chicago,Medio,2,5.86,No,Sí,Mariscos,No,Tarjeta,2910,Mariscos y pescado,21.0,4.409523809523809,59.142857142857146,0.37930756843800323
7215153583,49,Femenino,Chicago,Bajo,1,8.23,Sí,Sí,Mariscos,No,App,1057,Mariscos y pescado,21.0,4.409523809523809,59.142857142857146,0.37930756843800323
4130305126,42,Masculino,Chicago,Alto,5,31.29,Sí,No,Vegetariano,Sí,Efectivo,7173,Vegetariano/Vegano,2.0,4.1,847.0,0.02648563557654467
4204948650,55,Masculino,Chicago,Bajo,2,8.23,No,No,Carnes,No,Tarjeta,1210,Carnes,32.0,4.3125,49.65625,0.45177260331445357
8941388232,68,Femenino,Chicago,Muy Alto,9,31.9,No,Sí,Vegetariano,Sí,App,13254,Vegetariano/Vegano,2.0,4.1,847.0,0.02648563557654467
5886133002,45,Femenino,Chicago,Alto,6,8.39,Sí,Sí,Vegetariano,Sí,Efectivo,4528,Vegetariano/Vegano,2.0,4.1,847.0,0.02648563557654467
8100420507,31,Masculino,Chicago,Medio,2,21.7,Sí,No,Vegetariano,No,Tarjeta,2530,Vegetariano/Vegano,2.0,4.1,847.0,0.02648563557654467
9942933571,40,Masculino,Chicago,Alto,6,58.31,Sí,Sí,Vegetariano,No,Efectivo,7762,Vegetariano/Vegano,2.0,4.1,847.0,0.02648563557654467
9060544459,51,Masculino,Chicago,Medio,3,15.62,No,Sí,Carnes,Sí,Efectivo,2285,Carnes,32.0,4.3125,49.65625,0.45177260331445357
7308717761,42,Femenino,Chicago,Bajo,3,6.49,No,Sí,Vegetariano,No,Tarjeta,1337,Vegetariano/Vegano,2.0,4.1,847.0,0.02648563557654467
4534430308,62,Femenino,Chicago,Medio,5,7.21,Sí,No,Vegetariano,Sí,Tarjeta,3025,Vegetariano/Vegano,2.0,4.1,847.0,0.02648563557654467
4486522557,51,Masculino,Chicago,Alto,4,54.22,Sí,No,Vegetariano,Sí,Efectivo,4010,Vegetariano/Vegano,2.0,4.1,847.0,0.02648563557654467
3023399168,37,Femenino,Chicago,Muy Alto,7,96.15,No,Sí,Carnes,Sí,Tarjeta,11356,Carnes,32.0,4.3125,49.65625,0.45177260331445357
8881826467,39,Femenino,Chicago,Alto,5,33.73,No,No,Carnes,Sí,Tarjeta,5684,Carnes,32.0,4.3125,49.65625,0.45177260331445357
1306827591,73,Femenino,Chicago,Bajo,0,0.0,Sí,No,Mariscos,No,Efectivo,1201,Mariscos y pescado,21.0,4.409523809523809,59.142857142857146,0.37930756843800323
2529736332,35,Masculino,Chicago,Medio,4,16.03,No,No,Otro,No,App,2951,Otro,191.0,4.39738219895288,3.094240837696335,7.250028200789622
4098961063,72,Femenino,Chicago,Alto,4,14.93,No,Sí,Otro,Sí,Tarjeta,5385,Otro,191.0,4.39738219895288,3.094240837696335,7.250028200789622
2952887577,41,Femenino,Chicago,Muy Alto,7,34.95,Sí,No,Carnes,Sí,Tarjeta,17562,Carnes,32.0,4.3125,49.65625,0.45177260331445357
2863756160,33,Masculino,Chicago,Alto,4,33.45,No,Sí,Vegetariano,Sí,Tarjeta,4280,Vegetariano/Vegano,2.0,4.1,847.0,0.02648563557654467
3233255362,61,Masculino,Chicago,Muy Alto,5,82.38,Sí,Sí,Sin dato,Sí,Efectivo,13520,Sin dato,,,,
6544063167,62,Femenino,Chicago,Medio,3,9.25,Sí,Sí,Mariscos,No,Tarjeta,2434,Mariscos y pescado,21.0,4.409523809523809,59.142857142857146,0.37930756843800323
2982039310,22,Femenino,Chicago,Muy Alto,9,50.69,No,Sí,Pescado,Sí,Efectivo,14429,Mariscos y pescado,21.0,4.409523809523809,59.142857142857146,0.37930756843800323
9787117624,53,Femenino,Chicago,Bajo,1,5.27,No,Sí,Carnes,No,Efectivo,1440,Carnes,32.0,4.3125,49.65625,0.45177260331445357
8015775567,24,Femenino,Chicago,Alto,6,35.38,Sí,Sí,Mariscos,Sí,Efectivo,4466,Mariscos y pescado,21.0,4.409523809523809,59.142857142857146,0.37930756843800323
5342815588,66,Masculino,Chicago,Muy Alto,7,84.43,No,Sí,Otro,Sí,Criptomoneda,10972,Otro,191.0,4.39738219895288,3.094240837696335,7.250028200789622
6391627751,56,Femenino,Chicago,Alto,4,30.05,Sí,Sí,Carnes,Sí,Efectivo,4389,Carnes,32.0,4.3125,49.65625,0.45177260331445357
7145702684,49,Masculino,Chicago,Medio,3,15.62,No,No,Vegetariano,No,Tarjeta,3336,Vegetariano/Vegano,2.0,4.1,847.0,0.02648563557654467
6219829416,34,Masculino,Chicago,Alto,5,49.45,No,No,Otro,No,Efectivo,4048,Otro,191.0,4.39738219895288,3.094240837696335,7.250028200789622
4008747030,60,Femenino,Chicago,Alto,4,10.12,No,No,Vegetariano,Sí,Tarjeta,4563,Vegetariano/Vegano,2.0,4.1,847.0,0.02648563557654467
6236082775,49,Masculino,Chicago,Bajo,2,6.47,Sí,Sí,Vegano,No,Efectivo,1006,Vegetariano/Vegano,2.0,4.1,847.0,0.02648563557654467
5613093606,77,Femenino,Chicago,Alto,4,50.47,No,No,Sin dato,No,App,5881,Sin dato,,,,
3047446769,68,Masculino,Chicago,Medio,4,12.36,No,Sí,Pescado,No,Efectivo,2888,Mariscos y pescado,21.0,4.409523809523809,59.142857142857146,0.37930756843800323
3897065689,33,Masculino,Chicago,Medio,4,28.73,Sí,Sí,Carnes,No,Tarjeta,1788,Carnes,32.0,4.3125,49.65625,0.45177260331445357
5210798990,70,Femenino,Chicago,Medio,5,12.94,No,Sí,Carnes,No,Tarjeta,2212,Carnes,32.0,4.3125,49.65625,0.45177260331445357
5537967771,18,Femenino,Chicago,Bajo,3,8.32,No,Sí,Otro,No,Efectivo,983,Otro,191.0,4.39738219895288,3.094240837696335,7.250028200789622
6856712561,51,Femenino,Chicago,Alto,4,32.24,No,Sí,Sin dato,No,Efectivo,7478,Sin dato,,,,
2405728072,73,Femenino,Chicago,Muy Alto,9,31.56,No,No,Pescado,Sí,Tarjeta,13567,Mariscos y pescado,21.0,4.409523809523809,59.142857142857146,0.37930756843800323
1436389523,63,Masculino,Chicago,Medio,4,19.23,No,Sí,Otro,No,Tarjeta,1787,Otro,191.0,4.39738219895288,3.094240837696335,7.250028200789622
1902697901,48,Femenino,Chicago,Bajo,3,9.58,No,Sí,Carnes,No,Efectivo,1001,Carnes,32.0,4.3125,49.65625,0.45177260331445357
8554543261,43,Femenino,Chicago,Alto,4,52.9,Sí,No,Mariscos,Sí,Efectivo,3835,Mariscos y pescado,21.0,4.409523809523809,59.142857142857146,0.37930756843800323
1843046681,72,Femenino,Chicago,Muy Alto,5,95.3,Sí,No,Carnes,Sí,Efectivo,11109,Carnes,32.0,4.3125,49.65625,0.45177260331445357
4813908576,45,Femenino,Chicago,Bajo,2,7.53,Sí,Sí,Mariscos,No,Efectivo,1266,Mariscos y pescado,21.0,4.409523809523809,59.142857142857146,0.37930756843800323
8146697580,19,Femenino,Chicago,Alto,4,45.8,Sí,Sí,Carnes,No,Tarjeta,8827,Carnes,32.0,4.3125,49.65625,0.45177260331445357
7293949932,43,Femenino,Chicago,Muy Alto,10,52.36,No,No,Carnes,Sí,App,10043,Carnes,32.0,4.3125,49.65625,0.45177260331445357
5774506107,34,Masculino,Chicago,Alto,5,46.15,No,No,Vegetariano,Sí,Tarjeta,8694,Vegetariano/Vegano,2.0,4.1,847.0,0.02648563557654467
9581823770,57,Femenino,Chicago,Bajo,2,5.87,No,No,Pescado,No,App,1090,Mariscos y pescado,21.0,4.409523809523809,59.142857142857146,0.37930756843800323
7530505828,52,Femenino,Chicago,Alto,5,43.72,Sí,No,Vegetariano,No,App,3555,Vegetariano/Vegano,2.0,4.1,847.0,0.02648563557654467
2108351802,41,Masculino,Chicago,Alto,4,6.37,Sí,Sí,Vegetariano,Sí,Efectivo,8836,Vegetariano/Vegano,2.0,4.1,847.0,0.02648563557654467
8425814077,22,Masculino,Chicago,Alto,4,23.19,No,Sí,Pescado,Sí,App,6607,Mariscos y pescado,21.0,4.409523809523809,59.142857142857146,0.37930756843800323
8612747444,39,Femenino,Chicago,Bajo,0,0.0,Sí,No,Otro,No,Tarjeta,1363,Otro,191.0,4.39738219895288,3.094240837696335,7.250028200789622
6969467004,34,Femenino,Chicago,Bajo,3,8.39,Sí,No,Mariscos,No,Tarjeta,1442,Mariscos y pescado,21.0,4.409523809523809,59.142857142857146,0.37930756843800323
5254648865,50,Femenino,Chicago,Alto,4,10.54,No,No,Vegetariano,Sí,App,5912,Vegetariano/Vegano,2.0,4.1,847.0,0.02648563557654467
6923811969,75,Femenino,Chicago,Medio,4,17.86,No,No,Vegano,No,Tarjeta,3421,Vegetariano/Vegano,2.0,4.1,847.0,0.02648563557654467
7999946683,46,Masculino,Chicago,Medio,4,28.16,Sí,Sí,Vegetariano,No,App,3012,Vegetariano/Vegano,2.0,4.1,847.0,0.02648563557654467
3558850925,62,Femenino,Chicago,Alto,4,50.53,No,Sí,Carnes,Sí,App,5285,Carnes,32.0,4.3125,49.65625,0.45177260331445357
7809282757,59,Masculino,Chicago,Alto,5,45.07,Sí,Sí,Carnes,Sí,Efectivo,5268,Carnes,32.0,4.3125,49.65625,0.45177260331445357
3714326854,49,Femenino,Chicago,Medio,4,18.66,Sí,No,Vegetariano,No,Efectivo,2135,Vegetariano/Vegano,2.0,4.1,847.0,0.02648563557654467
9873472374,26,Femenino,Chicago,Muy Alto,9,99.67,Sí,Sí,Pescado,Sí,App,14769,Mariscos y pescado,21.0,4.409523809523809,59.142857142857146,0.37930756843800323
7084060349,53,Femenino,Chicago,Alto,4,48.3,Sí,No,Vegetariano,No,Tarjeta,8136,Vegetariano/Vegano,2.0,4.1,847.0,0.02648563557654467
7223976629,59,Masculino,Chicago,Medio,2,27.8,No,No,Carnes,No,Efectivo,2688,Carnes,32.0,4.3125,49.65625,0.45177260331445357
7657730492,36,Masculino,Chicago,Bajo,2,8.79,Sí,No,Vegetariano,No,Tarjeta,1221,Vegetariano/Vegano,2.0,4.1,847.0,0.02648563557654467
6158513289,66,Masculino,Chicago,Alto,5,42.7,No,Sí,Carnes,Sí,Efectivo,5834,Carnes,32.0,4.3125,49.65625,0.45177260331445357
3782188898,21,Masculino,Chicago,Medio,3,28.79,No,Sí,Mariscos,No,App,2093,Mariscos y pescado,21.0,4.409523809523809,59.142857142857146,0.37930756843800323
5617615454,56,Femenino,Chicago,Medio,2,19.8,No,Sí,Carnes,No,App,2118,Carnes,32.0,4.3125,49.65625,0.45177260331445357
2406246798,67,Femenino,Chicago,Alto,4,15.45,No,No,Vegetariano,No,App,7779,Vegetariano/Vegano,2.0,4.1,847.0,0.02648563557654467
8402405967,65,Masculino,Chicago,Muy Alto,7,69.13,Sí,No,Carnes,Sí,App,11211,Carnes,32.0,4.3125,49.65625,0.45177260331445357
2829781664,65,Femenino,Chicago,Alto,6,9.63,Sí,Sí,Vegetariano,Sí,Tarjeta,5588,Vegetariano/Vegano,2.0,4.1,847.0,0.02648563557654467
1110533960,67,Masculino,Chicago,Bajo,3,5.99,No,Sí,Otro,No,Criptomoneda,1131,Otro,191.0,4.39738219895288,3.094240837696335,7.250028200789622
7020655191,36,Femenino,Chicago,Bajo,2,9.98,No,No,Mariscos,No,App,1352,Mariscos y pescado,21.0,4.409523809523809,59.142857142857146,0.37930756843800323
1550624593,55,Femenino,Chicago,Alto,4,49.47,No,Sí,Otro,Sí,Tarjeta,8731,Otro,191.0,4.39738219895288,3.094240837696335,7.250028200789622
6937609381,77,Femenino,Chicago,Bajo,2,7.81,Sí,No,Mariscos,No,Efectivo,1112,Mariscos y pescado,21.0,4.409523809523809,59.142857142857146,0.37930756843800323
7756360273,71,Femenino,Chicago,Medio,4,13.62,No,No,Pescado,Sí,Tarjeta,2814,Mariscos y pescado,21.0,4.409523809523809,59.142857142857146,0.37930756843800323
6288797841,80,Femenino,Chicago,Medio,3,14.28,No,No,Sin dato,No,App,2276,Sin dato,,,,
8650187487,42,Masculino,Chicago,Medio,4,5.04,Sí,No,Vegetariano,No,Tarjeta,1952,Vegetariano/Vegano,2.0,4.1,847.0,0.02648563557654467
8182521593,26,Masculino,Chicago,Medio,3,9.92,Sí,Sí,Vegetariano,No,App,2557,Vegetariano/Vegano,2.0,4.1,847.0,0.02648563557654467
2775325564,72,Masculino,Chicago,Medio,5,18.13,No,Sí,Mariscos,No,App,1859,Mariscos y pescado,21.0,4.409523809523809,59.142857142857146,0.37930756843800323
8256226076,52,Masculino,Chicago,Alto,5,43.89,Sí,No,Carnes,Sí,Tarjeta,6790,Carnes,32.0,4.3125,49.65625,0.45177260331445357
4188138565,55,Femenino,Chicago,Medio,5,25.02,Sí,Sí,Vegetariano,No,Efectivo,2878,Vegetariano/Vegano,2.0,4.1,847.0,0.02648563557654467
4717847441,35,Masculino,Chicago,Medio,4,23.12,No,No,Vegano,No,Efectivo,2367,Vegetariano/Vegano,2.0,4.1,847.0,0.02648563557654467
1213934655,52,Masculino,Chicago,Medio,5,6.9,Sí,Sí,Pescado,No,Tarjeta,2270,Mariscos y pescado,21.0,4.409523809523809,59.142857142857146,0.37930756843800323
8874632173,52,Femenino,Chicago,Muy Alto,5,17.36,No,Sí,Vegetariano,Sí,Tarjeta,11459,Vegetariano/Vegano,2.0,4.1,847.0,0.02648563557654467
9900059888,80,Femenino,Chicago,Alto,5,58.6,No,No,Vegetariano,Sí,Tarjeta,3927,Vegetariano/Vegano,2.0,4.1,847.0,0.02648563557654467
6101762091,71,Masculino,Chicago,Alto,4,16.85,Sí,Sí,Carnes,Sí,Efectivo,7016,Carnes,32.0,4.3125,49.65625,0.45177260331445357
9914800093,19,Masculino,Chicago,Medio,5,19.41,No,Sí,Pescado,No,Tarjeta,3481,Mariscos y pescado,21.0,4.409523809523809,59.142857142857146,0.37930756843800323
3410792785,54,Masculino,Chicago,Medio,5,25.73,Sí,Sí,Vegetariano,No,App,1864,Vegetariano/Vegano,2.0,4.1,847.0,0.02648563557654467
3265150206,80,Femenino,Chicago,Alto,4,35.01,Sí,Sí,Carnes,Sí,Tarjeta,6955,Carnes,32.0,4.3125,49.65625,0.45177260331445357
3298062484,70,Femenino,Chicago,Alto,4,19.72,No,Sí,Mariscos,Sí,Tarjeta,4031,Mariscos y pescado,21.0,4.409523809523809,59.142857142857146,0.37930756843800323
7692685951,18,Femenino,Chicago,Muy Alto,10,90.26,No,Sí,Vegetariano,Sí,Efectivo,15651,Vegetariano/Vegano,2.0,4.1,847.0,0.02648563557654467
5677045053,57,Femenino,Chicago,Medio,4,20.51,No,Sí,Carnes,No,Tarjeta,2616,Carnes,32.0,4.3125,49.65625,0.45177260331445357
8118724337,43,Masculino,Chicago,Medio,3,23.25,No,Sí,Otro,No,Tarjeta,1722,Otro,191.0,4.39738219895288,3.094240837696335,7.250028200789622
5056443447,19,Masculino,Chicago,Alto,6,38.92,No,Sí,Mariscos,No,App,4413,Mariscos y pescado,21.0,4.409523809523809,59.142857142857146,0.37930756843800323
9584343419,73,Masculino,Chicago,Bajo,1,7.58,Sí,No,Vegetariano,No,Efectivo,1420,Vegetariano/Vegano,2.0,4.1,847.0,0.02648563557654467
9016895081,26,Masculino,Chicago,Medio,4,24.25,No,Sí,Vegetariano,No,Efectivo,1949,Vegetariano/Vegano,2.0,4.1,847.0,0.02648563557654467
2176973938,30,Femenino,Chicago,Medio,4,18.64,No,Sí,Vegetariano,Sí,Efectivo,2036,Vegetariano/Vegano,2.0,4.1,847.0,0.02648563557654467
3101842153,23,Femenino,Chicago,Muy Alto,10,62.06,No,No,Vegano,Sí,Efectivo,15606,Vegetariano/Vegano,2.0,4.1,847.0,0.02648563557654467
3041545544,32,Femenino,Chicago,Medio,5,23.07,Sí,No,Pescado,Sí,App,2693,Mariscos y pescado,21.0,4.409523809523809,59.142857142857146,0.37930756843800323
2538075050,26,Masculino,Chicago,Alto,5,45.58,Sí,Sí,Otro,No,App,3691,Otro,191.0,4.39738219895288,3.094240837696335,7.250028200789622
7826220566,41,Masculino,Chicago,Muy Alto,5,9.84,Sí,Sí,Otro,Sí,App,11240,Otro,191.0,4.39738219895288,3.094240837696335,7.250028200789622
1829326917,37,Masculino,Chicago,Muy Alto,5,68.67,No,Sí,Otro,Sí,Efectivo,12625,Otro,191.0,4.39738219895288,3.094240837696335,7.250028200789622
1676168421,77,Femenino,Chicago,Medio,3,18.21,No,Sí,Carnes,Sí,Efectivo,2188,Carnes,32.0,4.3125,49.65625,0.45177260331445357
2390764362,22,Masculino,Chicago,Bajo,3,6.6,No,Sí,Carnes,No,Efectivo,1193,Carnes,32.0,4.3125,49.65625,0.45177260331445357
5784450697,77,Masculino,Chicago,Bajo,3,7.3,Sí,Sí,Vegetariano,No,Tarjeta,982,Vegetariano/Vegano,2.0,4.1,847.0,0.02648563557654467
9040422656,79,Femenino,Chicago,Medio,5,28.97,Sí,Sí,Carnes,No,Tarjeta,2773,Carnes,32.0,4.3125,49.65625,0.45177260331445357
1001518755,70,Masculino,Chicago,Medio,5,28.59,No,No,Carnes,No,Efectivo,2904,Carnes,32.0,4.3125,49.65625,0.45177260331445357
7032502823,70,Femenino,Chicago,Bajo,2,9.0,No,No,Pescado,No,Efectivo,1421,Mariscos y pescado,21.0,4.409523809523809,59.142857142857146,0.37930756843800323
4245356754,60,Femenino,Chicago,Medio,4,7.53,No,Sí,Vegetariano,Sí,App,2451,Vegetariano/Vegano,2.0,4.1,847.0,0.02648563557654467
1660131919,29,Femenino,Chicago,Bajo,0,0.0,Sí,Sí,Vegano,No,App,1206,Vegetariano/Vegano,2.0,4.1,847.0,0.02648563557654467
2095762019,73,Femenino,Chicago,Alto,6,14.6,No,Sí,Pescado,Sí,Efectivo,6788,Mariscos y pescado,21.0,4.409523809523809,59.142857142857146,0.37930756843800323
6669602939,66,Masculino,Chicago,Bajo,2,5.56,No,Sí,Carnes,No,Tarjeta,1534,Carnes,32.0,4.3125,49.65625,0.45177260331445357
9285199831,45,Masculino,Chicago,Alto,6,22.28,Sí,No,Pescado,Sí,Efectivo,6870,Mariscos y pescado,21.0,4.409523809523809,59.142857142857146,0.37930756843800323
8833685626,24,Femenino,Chicago,Bajo,2,6.47,No,Sí,Carnes,No,Efectivo,836,Carnes,32.0,4.3125,49.65625,0.45177260331445357
3687831910,60,Femenino,Chicago,Alto,6,54.5,Sí,Sí,Vegetariano,Sí,Efectivo,7474,Vegetariano/Vegano,2.0,4.1,847.0,0.02648563557654467
9434743977,22,Femenino,Chicago,Medio,3,16.15,No,Sí,Pescado,No,Efectivo,2409,Mariscos y pescado,21.0,4.409523809523809,59.142857142857146,0.37930756843800323
3807302199,37,Femenino,Chicago,Medio,4,26.27,Sí,No,Carnes,No,Efectivo,3194,Carnes,32.0,4.3125,49.65625,0.45177260331445357
9245974200,47,Masculino,Chicago,Bajo,1,8.74,No,No,Vegetariano,No,Tarjeta,1518,Vegetariano/Vegano,2.0,4.1,847.0,0.02648563557654467
6586452615,32,Femenino,Chicago,Medio,5,17.28,No,No,Vegano,Sí,App,2413,Vegetariano/Vegano,2.0,4.1,847.0,0.02648563557654467
7097056942,59,Femenino,Chicago,Medio,3,29.94,No,No,Carnes,No,Tarjeta,2988,Carnes,32.0,4.3125,49.65625,0.45177260331445357
7238328717,69,Masculino,Chicago,Alto,5,39.29,No,No,Mariscos,No,App,7843,Mariscos y pescado,21.0,4.409523809523809,59.142857142857146,0.37930756843800323
8120519877,47,Masculino,Chicago,Medio,4,17.07,Sí,No,Vegetariano,No,App,2257,Vegetariano/Vegano,2.0,4.1,847.0,0.02648563557654467
5728008671,26,Masculino,Chicago,Medio,4,29.78,Sí,Sí,Carnes,No,Efectivo,1701,Carnes,32.0,4.3125,49.65625,0.45177260331445357
2496593070,20,Masculino,Chicago,Medio,2,28.7,No,No,Mariscos,No,Efectivo,3127,Mariscos y pescado,21.0,4.409523809523809,59.142857142857146,0.37930756843800323
8607803914,71,Femenino,Chicago,Muy Alto,6,30.18,Sí,No,Vegano,Sí,Tarjeta,9205,Vegetariano/Vegano,2.0,4.1,847.0,0.02648563557654467
8238347470,44,Masculino,Chicago,Bajo,2,8.98,Sí,No,Sin dato,No,Efectivo,987,Sin dato,,,,
7663581771,25,Femenino,Chicago,Muy Alto,5,71.28,Sí,Sí,Mariscos,Sí,Efectivo,10968,Mariscos y pescado,21.0,4.409523809523809,59.142857142857146,0.37930756843800323
3597215154,56,Masculino,Chicago,Alto,5,54.11,No,Sí,Mariscos,No,Efectivo,8131,Mariscos y pescado,21.0,4.409523809523809,59.142857142857146,0.37930756843800323
8746137515,24,Masculino,Chicago,Medio,5,17.73,No,No,Pescado,No,Efectivo,3212,Mariscos y pescado,21.0,4.409523809523809,59.142857142857146,0.37930756843800323
2250991808,70,Femenino,Chicago,Medio,2,19.03,No,Sí,Carnes,No,App,3347,Carnes,32.0,4.3125,49.65625,0.45177260331445357
8522844928,56,Femenino,Chicago,Muy Alto,10,23.13,No,No,Vegetariano,Sí,Tarjeta,13822,Vegetariano/Vegano,2.0,4.1,847.0,0.02648563557654467
9621419224,53,Masculino,Chicago,Medio,3,5.91,Sí,No,Mariscos,No,Tarjeta,3375,Mariscos y pescado,21.0,4.409523809523809,59.142857142857146,0.37930756843800323
9580494978,70,Femenino,Chicago,Medio,4,12.53,No,Sí,Vegetariano,Sí,App,2329,Vegetariano/Vegano,2.0,4.1,847.0,0.02648563557654467
8342622550,66,Femenino,Chicago,Muy Alto,10,63.05,Sí,Sí,Carnes,Sí,Tarjeta,13631,Carnes,32.0,4.3125,49.65625,0.45177260331445357
2153553600,41,Femenino,Chicago,Bajo,2,5.78,Sí,No,Mariscos,No,Tarjeta,1597,Mariscos y pescado,21.0,4.409523809523809,59.142857142857146,0.37930756843800323
1826972878,51,Femenino,Chicago,Muy Alto,9,47.93,Sí,No,Vegetariano,Sí,Efectivo,16236,Vegetariano/Vegano,2.0,4.1,847.0,0.02648563557654467
3149484176,80,Masculino,Chicago,Bajo,0,0.0,Sí,No,Vegetariano,No,Efectivo,976,Vegetariano/Vegano,2.0,4.1,847.0,0.02648563557654467
7648529655,32,Femenino,Chicago,Medio,5,5.99,Sí,Sí,Carnes,No,Efectivo,2342,Carnes,32.0,4.3125,49.65625,0.45177260331445357
6006032512,56,Masculino,Chicago,Medio,2,25.89,No,No,Vegano,No,Efectivo,2346,Vegetariano/Vegano,2.0,4.1,847.0,0.02648563557654467
7812372204,29,Masculino,Chicago,Bajo,3,6.98,No,Sí,Vegetariano,No,Tarjeta,824,Vegetariano/Vegano,2.0,4.1,847.0,0.02648563557654467
8894800238,50,Femenino,Chicago,Muy Alto,7,34.59,Sí,No,Carnes,Sí,Tarjeta,13882,Carnes,32.0,4.3125,49.65625,0.45177260331445357
6481889509,49,Femenino,Chicago,Bajo,2,9.77,Sí,No,Vegetariano,No,Tarjeta,854,Vegetariano/Vegano,2.0,4.1,847.0,0.02648563557654467
3016202732,66,Masculino,Chicago,Alto,4,58.48,No,Sí,Vegetariano,No,App,5753,Vegetariano/Vegano,2.0,4.1,847.0,0.02648563557654467
7256190993,53,Femenino,Chicago,Muy Alto,9,51.71,No,Sí,Sin dato,Sí,Tarjeta,12226,Sin dato,,,,
2187473055,40,Femenino,Chicago,Medio,2,17.32,No,No,Vegetariano,Sí,App,1865,Vegetariano/Vegano,2.0,4.1,847.0,0.02648563557654467
6241062349,67,Masculino,Chicago,Medio,4,26.68,Sí,Sí,Vegetariano,No,Tarjeta,2038,Vegetariano/Vegano,2.0,4.1,847.0,0.02648563557654467
4255199201,48,Masculino,Chicago,Medio,4,6.74,No,Sí,Vegetariano,No,Efectivo,2283,Vegetariano/Vegano,2.0,4.1,847.0,0.02648563557654467
9041554047,38,Femenino,Chicago,Alto,4,6.44,No,Sí,Mariscos,No,App,7839,Mariscos y pescado,21.0,4.409523809523809,59.142857142857146,0.37930756843800323
3351065638,30,Masculino,Chicago,Alto,4,16.0,Sí,Sí,Vegetariano,No,Tarjeta,7885,Vegetariano/Vegano,2.0,4.1,847.0,0.02648563557654467
9113165802,18,Femenino,Chicago,Medio,4,14.55,No,No,Mariscos,No,App,3248,Mariscos y pescado,21.0,4.409523809523809,59.142857142857146,0.37930756843800323
2429710460,21,Masculino,Chicago,Medio,4,6.65,Sí,Sí,Mariscos,No,Efectivo,2509,Mariscos y pescado,21.0,4.409523809523809,59.142857142857146,0.37930756843800323
3764023878,77,Femenino,Chicago,Alto,5,13.82,No,No,Vegetariano,No,App,5622,Vegetariano/Vegano,2.0,4.1,847.0,0.02648563557654467
1621686329,51,Femenino,Chicago,Bajo,2,5.72,No,Sí,Carnes,No,App,1019,Carnes,32.0,4.3125,49.65625,0.45177260331445357
8277690297,61,Masculino,Chicago,Medio,3,5.82,Sí,Sí,Vegetariano,No,Tarjeta,3405,Vegetariano/Vegano,2.0,4.1,847.0,0.02648563557654467
9509410913,67,Masculino,Chicago,Bajo,1,6.04,Sí,No,Vegano,No,Tarjeta,1061,Vegetariano/Vegano,2.0,4.1,847.0,0.02648563557654467
2987078920,43,Femenino,Chicago,Alto,5,45.04,No,No,Otro,Sí,Efectivo,7647,Otro,191.0,4.39738219895288,3.094240837696335,7.250028200789622
3098249631,42,Masculino,Chicago,Medio,4,16.12,Sí,Sí,Vegetariano,Sí,Tarjeta,1669,Vegetariano/Vegano,2.0,4.1,847.0,0.02648563557654467
4094274007,31,Masculino,Chicago,Alto,6,56.46,No,No,Carnes,Sí,Tarjeta,6625,Carnes,32.0,4.3125,49.65625,0.45177260331445357
6464008146,50,Masculino,Chicago,Muy Alto,5,68.9,Sí,No,Carnes,Sí,Tarjeta,15138,Carnes,32.0,4.3125,49.65625,0.45177260331445357
8093179263,55,Masculino,Chicago,Alto,5,14.23,Sí,No,Vegano,No,Tarjeta,5452,Vegetariano/Vegano,2.0,4.1,847.0,0.02648563557654467
3656916250,34,Femenino,Chicago,Alto,6,30.39,No,Sí,Carnes,No,App,7298,Carnes,32.0,4.3125,49.65625,0.45177260331445357
5274006089,65,Femenino,Chicago,Medio,4,12.2,No,Sí,Carnes,Sí,App,3032,Carnes,32.0,4.3125,49.65625,0.45177260331445357
4110573421,76,Femenino,Chicago,Muy Alto,6,24.4,Sí,Sí,Sin dato,Sí,Efectivo,16494,Sin dato,,,,
7238095915,52,Femenino,Chicago,Medio,4,5.96,No,Sí,Vegetariano,No,App,2824,Vegetariano/Vegano,2.0,4.1,847.0,0.02648563557654467
9044274809,52,Femenino,Chicago,Medio,2,13.42,Sí,No,Otro,No,App,2102,Otro,191.0,4.39738219895288,3.094240837696335,7.250028200789622
8162715496,22,Masculino,Chicago,Bajo,0,0.0,No,Sí,Carnes,No,App,1456,Carnes,32.0,4.3125,49.65625,0.45177260331445357
2178816289,79,Femenino,Chicago,Muy Alto,7,17.24,No,No,Carnes,Sí,Efectivo,16834,Carnes,32.0,4.3125,49.65625,0.45177260331445357
4534096467,31,Masculino,Chicago,Medio,4,21.94,No,No,Mariscos,No,App,2334,Mariscos y pescado,21.0,4.409523809523809,59.142857142857146,0.37930756843800323
3853234069,59,Masculino,Chicago,Bajo,1,7.0,Sí,Sí,Pescado,No,Efectivo,1126,Mariscos y pescado,21.0,4.409523809523809,59.142857142857146,0.37930756843800323
7555411814,63,Masculino,Chicago,Bajo,2,9.88,No,No,Carnes,No,Tarjeta,1326,Carnes,32.0,4.3125,49.65625,0.45177260331445357
6202017883,50,Femenino,Chicago,Muy Alto,5,43.78,No,Sí,Carnes,Sí,Tarjeta,17538,Carnes,32.0,4.3125,49.65625,0.45177260331445357
3162040254,71,Masculino,Chicago,Muy Alto,6,18.9,No,Sí,Carnes,Sí,App,12295,Carnes,32.0,4.3125,49.65625,0.45177260331445357
3234675380,23,Femenino,Chicago,Bajo,3,7.37,No,Sí,Vegetariano,No,App,867,Vegetariano/Vegano,2.0,4.1,847.0,0.02648563557654467
8724594395,57,Femenino,Chicago,Muy Alto,10,50.28,Sí,No,Vegetariano,Sí,Tarjeta,16492,Vegetariano/Vegano,2.0,4.1,847.0,0.02648563557654467
9065342132,33,Femenino,Chicago,Bajo,1,7.2,Sí,Sí,Mariscos,No,App,1554,Mariscos y pescado,21.0,4.409523809523809,59.142857142857146,0.37930756843800323
5899984156,58,Masculino,Chicago,Alto,4,47.84,Sí,Sí,Otro,Sí,Criptomoneda,8702,Otro,191.0,4.39738219895288,3.094240837696335,7.250028200789622
2137651678,36,Masculino,Chicago,Alto,5,27.5,No,Sí,Pescado,Sí,Efectivo,6337,Mariscos y pescado,21.0,4.409523809523809,59.142857142857146,0.37930756843800323
8992756218,63,Femenino,Chicago,Bajo,0,0.0,No,No,Vegetariano,No,Efectivo,1442,Vegetariano/Vegano,2.0,4.1,847.0,0.02648563557654467
3392652436,58,Femenino,Chicago,Alto,4,11.71,Sí,Sí,Pescado,Sí,Tarjeta,8735,Mariscos y pescado,21.0,4.409523809523809,59.142857142857146,0.37930756843800323
1574058151,74,Femenino,Chicago,Medio,3,15.35,Sí,No,Mariscos,No,App,2048,Mariscos y pescado,21.0,4.409523809523809,59.142857142857146,0.37930756843800323
8991964239,49,Femenino,Chicago,Bajo,2,6.23,Sí,No,Otro,No,Efectivo,1267,Otro,191.0,4.39738219895288,3.094240837696335,7.250028200789622
2500493518,31,Masculino,Chicago,Medio,5,10.15,No,Sí,Carnes,No,Efectivo,3362,Carnes,32.0,4.3125,49.65625,0.45177260331445357
9950088288,30,Femenino,Chicago,Bajo,2,7.46,No,Sí,Carnes,No,Tarjeta,887,Carnes,32.0,4.3125,49.65625,0.45177260331445357
1196030879,55,Femenino,Chicago,Alto,5,19.11,Sí,Sí,Carnes,Sí,Efectivo,5618,Carnes,32.0,4.3125,49.65625,0.45177260331445357
6646855056,24,Masculino,Chicago,Bajo,1,9.3,No,Sí,Otro,No,Tarjeta,1267,Otro,191.0,4.39738219895288,3.094240837696335,7.250028200789622
3768901084,42,Masculino,Chicago,Muy Alto,6,23.89,No,No,Carnes,Sí,App,13970,Carnes,32.0,4.3125,49.65625,0.45177260331445357
9270246399,68,Femenino,Chicago,Medio,5,28.39,No,Sí,Vegetariano,Sí,Efectivo,2497,Vegetariano/Vegano,2.0,4.1,847.0,0.02648563557654467
8078245708,65,Masculino,Chicago,Medio,4,14.22,Sí,Sí,Sin dato,No,App,2589,Sin dato,,,,
5491218283,41,Femenino,Chicago,Alto,5,43.06,Sí,Sí,Vegetariano,No,Efectivo,3701,Vegetariano/Vegano,2.0,4.1,847.0,0.02648563557654467
7700539859,55,Masculino,Chicago,Alto,5,9.28,No,No,Vegetariano,Sí,Tarjeta,3623,Vegetariano/Vegano,2.0,4.1,847.0,0.02648563557654467
1033141252,51,Femenino,Chicago,Bajo,3,7.38,Sí,Sí,Vegetariano,No,Tarjeta,1310,Vegetariano/Vegano,2.0,4.1,847.0,0.02648563557654467
8203324176,54,Masculino,Chicago,Bajo,3,6.55,Sí,Sí,Vegetariano,No,Tarjeta,1557,Vegetariano/Vegano,2.0,4.1,847.0,0.02648563557654467
5027337925,47,Femenino,Chicago,Muy Alto,5,63.81,No,No,Carnes,Sí,Tarjeta,16305,Carnes,32.0,4.3125,49.65625,0.45177260331445357
7518775782,23,Femenino,Chicago,Muy Alto,9,60.41,No,Sí,Vegano,Sí,App,11726,Vegetariano/Vegano,2.0,4.1,847.0,0.02648563557654467
3280805846,33,Masculino,Chicago,Medio,5,28.66,Sí,Sí,Carnes,No,Efectivo,2476,Carnes,32.0,4.3125,49.65625,0.45177260331445357
9829760398,69,Masculino,Chicago,Muy Alto,7,81.39,No,No,Pescado,Sí,Efectivo,14145,Mariscos y pescado,21.0,4.409523809523809,59.142857142857146,0.37930756843800323
7035349951,24,Femenino,Chicago,Medio,3,10.37,Sí,Sí,Otro,No,Efectivo,1846,Otro,191.0,4.39738219895288,3.094240837696335,7.250028200789622
8765447816,63,Masculino,Chicago,Alto,4,26.06,Sí,No,Vegetariano,Sí,App,5627,Vegetariano/Vegano,2.0,4.1,847.0,0.02648563557654467
7165825974,68,Masculino,Chicago,Bajo,2,6.15,Sí,No,Carnes,No,Tarjeta,1052,Carnes,32.0,4.3125,49.65625,0.45177260331445357
5403510324,34,Femenino,Chicago,Muy Alto,8,57.1,Sí,Sí,Carnes,Sí,Tarjeta,15720,Carnes,32.0,4.3125,49.65625,0.45177260331445357
7056842024,49,Masculino,Chicago,Medio,3,20.6,Sí,No,Carnes,No,Tarjeta,2575,Carnes,32.0,4.3125,49.65625,0.45177260331445357
7951820749,78,Masculino,Chicago,Muy Alto,7,13.21,Sí,Sí,Vegetariano,Sí,Efectivo,14442,Vegetariano/Vegano,2.0,4.1,847.0,0.02648563557654467
8261861030,24,Femenino,Chicago,Alto,4,49.66,Sí,Sí,Pescado,Sí,App,7981,Mariscos y pescado,21.0,4.409523809523809,59.142857142857146,0.37930756843800323
8830610301,46,Femenino,Chicago,Alto,4,46.74,Sí,Sí,Vegano,No,Efectivo,7581,Vegetariano/Vegano,2.0,4.1,847.0,0.02648563557654467
9632592561,59,Femenino,Chicago,Muy Alto,7,53.18,No,No,Sin dato,Sí,Efectivo,10953,Sin dato,,,,
9953440827,66,Femenino,Chicago,Bajo,0,0.0,Sí,Sí,Vegetariano,No,Tarjeta,1389,Vegetariano/Vegano,2.0,4.1,847.0,0.02648563557654467
9948441695,39,Femenino,Chicago,Alto,6,55.21,No,Sí,Otro,Sí,Efectivo,6104,Otro,191.0,4.39738219895288,3.094240837696335,7.250028200789622
6848136102,21,Femenino,Chicago,Bajo,2,9.49,Sí,No,Vegano,No,Efectivo,883,Vegetariano/Vegano,2.0,4.1,847.0,0.02648563557654467
2165883683,74,Femenino,Chicago,Muy Alto,7,14.55,Sí,No,Carnes,Sí,Efectivo,12099,Carnes,32.0,4.3125,49.65625,0.45177260331445357
6789448659,24,Femenino,Chicago,Muy Alto,7,58.67,No,Sí,Mariscos,Sí,Efectivo,16360,Mariscos y pescado,21.0,4.409523809523809,59.142857142857146,0.37930756843800323
7243172391,61,Masculino,Chicago,Alto,5,8.98,No,Sí,Carnes,Sí,Efectivo,5574,Carnes,32.0,4.3125,49.65625,0.45177260331445357
6622840063,72,Femenino,Chicago,Medio,5,11.36,Sí,No,Carnes,No,Efectivo,2475,Carnes,32.0,4.3125,49.65625,0.45177260331445357
7802399223,42,Femenino,Chicago,Bajo,0,0.0,Sí,No,Pescado,No,Efectivo,1332,Mariscos y pescado,21.0,4.409523809523809,59.142857142857146,0.37930756843800323
2568334904,69,Femenino,Chicago,Alto,6,12.92,Sí,Sí,Sin dato,Sí,Criptomoneda,7779,Sin dato,,,,
6504290428,46,Masculino,Chicago,Bajo,0,0.0,Sí,No,Carnes,No,Efectivo,997,Carnes,32.0,4.3125,49.65625,0.45177260331445357
8446676790,56,Femenino,Chicago,Muy Alto,6,32.96,No,Sí,Vegetariano,Sí,Tarjeta,12696,Vegetariano/Vegano,2.0,4.1,847.0,0.02648563557654467
3817614885,19,Femenino,Chicago,Muy Alto,8,69.3,Sí,Sí,Vegetariano,Sí,Efectivo,15575,Vegetariano/Vegano,2.0,4.1,847.0,0.02648563557654467
1443614797,64,Masculino,Chicago,Alto,4,39.62,No,Sí,Carnes,No,Efectivo,4345,Carnes,32.0,4.3125,49.65625,0.45177260331445357
4688553363,58,Masculino,Chicago,Medio,4,27.82,No,No,Otro,No,Tarjeta,2080,Otro,191.0,4.39738219895288,3.094240837696335,7.250028200789622
5504196105,71,Femenino,Chicago,Muy Alto,8,27.51,No,Sí,Vegetariano,Sí,App,15123,Vegetariano/Vegano,2.0,4.1,847.0,0.02648563557654467
5078551333,62,Masculino,Chicago,Medio,5,11.57,Sí,Sí,Vegetariano,No,App,2376,Vegetariano/Vegano,2.0,4.1,847.0,0.02648563557654467
9380438386,39,Masculino,Chicago,Alto,5,53.86,Sí,Sí,Otro,Sí,Efectivo,8431,Otro,191.0,4.39738219895288,3.094240837696335,7.250028200789622
4163624812,62,Masculino,Chicago,Alto,4,22.35,No,Sí,Vegetariano,Sí,Tarjeta,6073,Vegetariano/Vegano,2.0,4.1,847.0,0.02648563557654467
2522712544,65,Masculino,Chicago,Bajo,0,0.0,Sí,Sí,Carnes,No,Efectivo,1501,Carnes,32.0,4.3125,49.65625,0.45177260331445357
5549966649,52,Masculino,Chicago,Alto,6,43.33,No,Sí,Carnes,Sí,App,7142,Carnes,32.0,4.3125,49.65625,0.45177260331445357
3719856191,43,Femenino,Chicago,Medio,4,6.46,Sí,No,Mariscos,Sí,App,1965,Mariscos y pescado,21.0,4.409523809523809,59.142857142857146,0.37930756843800323
7773470371,24,Masculino,Chicago,Bajo,3,5.7,No,Sí,Carnes,No,Efectivo,965,Carnes,32.0,4.3125,49.65625,0.45177260331445357
1091062861,41,Femenino,Chicago,Muy Alto,7,44.65,No,Sí,Carnes,Sí,Efectivo,17275,Carnes,32.0,4.3125,49.65625,0.45177260331445357
4584144878,47,Masculino,Chicago,Bajo,3,7.55,Sí,No,Vegano,No,Tarjeta,851,Vegetariano/Vegano,2.0,4.1,847.0,0.02648563557654467
6622221695,78,Femenino,Chicago,Alto,6,31.93,No,No,Carnes,Sí,Efectivo,4333,Carnes,32.0,4.3125,49.65625,0.45177260331445357
4641461286,21,Masculino,Chicago,Alto,5,8.32,Sí,Sí,Otro,No,Efectivo,8633,Otro,191.0,4.39738219895288,3.094240837696335,7.250028200789622
6326916471,38,Masculino,Chicago,Medio,4,6.63,No,No,Vegano,No,Efectivo,3331,Vegetariano/Vegano,2.0,4.1,847.0,0.02648563557654467
4466589567,79,Masculino,Chicago,Medio,5,12.19,Sí,Sí,Vegetariano,No,Efectivo,2661,Vegetariano/Vegano,2.0,4.1,847.0,0.02648563557654467
2439265956,41,Masculino,Chicago,Bajo,1,7.75,No,No,Pescado,No,Efectivo,1144,Mariscos y pescado,21.0,4.409523809523809,59.142857142857146,0.37930756843800323
8441393731,34,Femenino,Chicago,Bajo,2,9.96,Sí,No,Vegetariano,No,Efectivo,865,Vegetariano/Vegano,2.0,4.1,847.0,0.02648563557654467
7962877595,25,Masculino,Chicago,Bajo,1,7.2,No,No,Vegetariano,No,Tarjeta,1293,Vegetariano/Vegano,2.0,4.1,847.0,0.02648563557654467
3759039920,20,Femenino,Chicago,Muy Alto,7,18.15,No,Sí,Sin dato,Sí,Tarjeta,15841,Sin dato,,,,
5605171053,56,Femenino,Chicago,Muy Alto,10,98.85,No,No,Carnes,Sí,App,16207,Carnes,32.0,4.3125,49.65625,0.45177260331445357
8614472242,39,Masculino,Chicago,Alto,4,23.06,No,Sí,Vegetariano,Sí,Efectivo,4189,Vegetariano/Vegano,2.0,4.1,847.0,0.02648563557654467
7785686812,35,Masculino,Chicago,Alto,4,35.93,Sí,No,Sin dato,Sí,Tarjeta,7980,Sin dato,,,,
1466305100,23,Femenino,Chicago,Muy Alto,10,14.46,No,Sí,Vegetariano,Sí,Criptomoneda,10510,Vegetariano/Vegano,2.0,4.1,847.0,0.02648563557654467
9895478523,70,Femenino,Chicago,Bajo,0,0.0,Sí,Sí,Vegetariano,No,Tarjeta,903,Vegetariano/Vegano,2.0,4.1,847.0,0.02648563557654467
5538582598,20,Femenino,Chicago,Muy Alto,7,7.31,Sí,Sí,Vegetariano,Sí,App,16037,Vegetariano/Vegano,2.0,4.1,847.0,0.02648563557654467
5102618056,57,Masculino,Chicago,Muy Alto,10,43.88,Sí,Sí,Vegetariano,Sí,Efectivo,15836,Vegetariano/Vegano,2.0,4.1,847.0,0.02648563557654467
8880179270,21,Masculino,Chicago,Bajo,3,9.87,Sí,Sí,Vegetariano,No,Efectivo,1259,Vegetariano/Vegano,2.0,4.1,847.0,0.02648563557654467
1965067727,75,Femenino,Chicago,Medio,3,28.71,No,No,Otro,No,Efectivo,2794,Otro,191.0,4.39738219895288,3.094240837696335,7.250028200789622
4384696270,24,Masculino,Chicago,Alto,4,14.42,No,Sí,Vegetariano,Sí,App,4405,Vegetariano/Vegano,2.0,4.1,847.0,0.02648563557654467
9760043705,39,Femenino,Chicago,Muy Alto,8,67.83,No,No,Vegetariano,Sí,App,14445,Vegetariano/Vegano,2.0,4.1,847.0,0.02648563557654467
3898947170,66,Masculino,Chicago,Alto,6,7.04,Sí,Sí,Carnes,Sí,Efectivo,7819,Carnes,32.0,4.3125,49.65625,0.45177260331445357
9538256817,20,Masculino,Chicago,Alto,6,43.41,No,Sí,Mariscos,No,Efectivo,6595,Mariscos y pescado,21.0,4.409523809523809,59.142857142857146,0.37930756843800323
9068857465,51,Masculino,Chicago,Medio,4,21.52,Sí,No,Vegetariano,No,Efectivo,3454,Vegetariano/Vegano,2.0,4.1,847.0,0.02648563557654467
5185211818,18,Masculino,Chicago,Medio,5,28.8,Sí,Sí,Vegano,No,App,2833,Vegetariano/Vegano,2.0,4.1,847.0,0.02648563557654467
5137193856,54,Femenino,Chicago,Medio,4,7.81,No,Sí,Vegano,No,Efectivo,2887,Vegetariano/Vegano,2.0,4.1,847.0,0.02648563557654467
6440776288,36,Femenino,Chicago,Alto,5,56.43,Sí,No,Mariscos,Sí,Tarjeta,4334,Mariscos y pescado,21.0,4.409523809523809,59.142857142857146,0.37930756843800323
6673002683,34,Femenino,Chicago,Bajo,1,6.38,No,Sí,Mariscos,No,Efectivo,1316,Mariscos y pescado,21.0,4.409523809523809,59.142857142857146,0.37930756843800323
7066294016,46,Masculino,Chicago,Bajo,0,0.0,No,No,Vegetariano,No,App,1142,Vegetariano/Vegano,2.0,4.1,847.0,0.02648563557654467
3046773145,35,Femenino,Chicago,Medio,2,27.91,No,Sí,Mariscos,No,Tarjeta,2011,Mariscos y pescado,21.0,4.409523809523809,59.142857142857146,0.37930756843800323
6097146801,46,Femenino,Chicago,Bajo,1,9.4,Sí,Sí,Carnes,No,Tarjeta,1146,Carnes,32.0,4.3125,49.65625,0.45177260331445357
4860111577,70,Masculino,Chicago,Bajo,3,6.67,Sí,No,Mariscos,No,App,902,Mariscos y pescado,21.0,4.409523809523809,59.142857142857146,0.37930756843800323
5154789593,45,Femenino,Chicago,Muy Alto,5,74.14,Sí,Sí,Pescado,Sí,Efectivo,10222,Mariscos y pescado,21.0,4.409523809523809,59.142857142857146,0.37930756843800323
5082686463,68,Masculino,Chicago,Bajo,2,5.89,No,No,Mariscos,No,App,968,Mariscos y pescado,21.0,4.409523809523809,59.142857142857146,0.37930756843800323
9533876576,80,Masculino,Chicago,Alto,6,31.98,Sí,No,Vegano,No,App,7276,Vegetariano/Vegano,2.0,4.1,847.0,0.02648563557654467
3436427903,46,Masculino,Chicago,Alto,6,35.25,No,Sí,Mariscos,Sí,Tarjeta,6465,Mariscos y pescado,21.0,4.409523809523809,59.142857142857146,0.37930756843800323
3468061102,49,Masculino,Chicago,Medio,4,5.56,No,No,Vegetariano,No,App,2740,Vegetariano/Vegano,2.0,4.1,847.0,0.02648563557654467
3445907524,72,Masculino,Chicago,Alto,4,59.99,Sí,Sí,Mariscos,Sí,Efectivo,3507,Mariscos y pescado,21.0,4.409523809523809,59.142857142857146,0.37930756843800323
4092720574,38,Masculino,Chicago,Medio,5,13.66,No,Sí,Otro,No,App,3156,Otro,191.0,4.39738219895288,3.094240837696335,7.250028200789622
9427354683,46,Masculino,Chicago,Medio,2,28.41,No,No,Carnes,No,App,2017,Carnes,32.0,4.3125,49.65625,0.45177260331445357
4540774757,48,Masculino,Chicago,Bajo,3,7.94,Sí,No,Mariscos,No,App,905,Mariscos y pescado,21.0,4.409523809523809,59.142857142857146,0.37930756843800323
1439921366,19,Femenino,Chicago,Medio,3,15.91,No,Sí,Pescado,No,Tarjeta,2298,Mariscos y pescado,21.0,4.409523809523809,59.142857142857146,0.37930756843800323
9154846678,60,Masculino,Chicago,Medio,4,15.36,No,Sí,Mariscos,No,Tarjeta,1691,Mariscos y pescado,21.0,4.409523809523809,59.142857142857146,0.37930756843800323
2031926400,78,Masculino,Chicago,Medio,4,28.98,No,No,Carnes,No,Efectivo,1807,Carnes,32.0,4.3125,49.65625,0.45177260331445357
1600783078,33,Masculino,Chicago,Medio,4,20.67,No,No,Mariscos,No,App,3322,Mariscos y pescado,21.0,4.409523809523809,59.142857142857146,0.37930756843800323
8577963750,32,Femenino,Chicago,Alto,4,48.2,No,Sí,Otro,Sí,Efectivo,6260,Otro,191.0,4.39738219895288,3.094240837696335,7.250028200789622
2699118333,73,Masculino,Chicago,Bajo,2,6.34,Sí,No,Vegetariano,No,Efectivo,872,Vegetariano/Vegano,2.0,4.1,847.0,0.02648563557654467
4272403062,29,Masculino,Chicago,Bajo,2,5.56,No,Sí,Vegetariano,No,App,1205,Vegetariano/Vegano,2.0,4.1,847.0,0.02648563557654467
8017321885,58,Femenino,Chicago,Medio,2,9.5,Sí,Sí,Pescado,Sí,Tarjeta,3301,Mariscos y pescado,21.0,4.409523809523809,59.142857142857146,0.37930756843800323
6609495751,59,Masculino,Chicago,Medio,5,11.49,Sí,Sí,Vegano,No,Tarjeta,1794,Vegetariano/Vegano,2.0,4.1,847.0,0.02648563557654467
8867100560,75,Masculino,Chicago,Muy Alto,6,83.2,No,Sí,Vegetariano,Sí,Tarjeta,13280,Vegetariano/Vegano,2.0,4.1,847.0,0.02648563557654467
9803393159,40,Femenino,Chicago,Bajo,0,0.0,No,Sí,Carnes,No,Efectivo,894,Carnes,32.0,4.3125,49.65625,0.45177260331445357
9843965585,42,Femenino,Chicago,Medio,2,10.65,Sí,No,Vegetariano,No,Criptomoneda,3001,Vegetariano/Vegano,2.0,4.1,847.0,0.02648563557654467
6471335489,24,Masculino,Chicago,Medio,3,10.52,No,No,Mariscos,No,Tarjeta,2382,Mariscos y pescado,21.0,4.409523809523809,59.142857142857146,0.37930756843800323
9633533290,47,Femenino,Chicago,Alto,6,36.03,No,No,Carnes,Sí,Efectivo,7681,Carnes,32.0,4.3125,49.65625,0.45177260331445357
6827915017,50,Masculino,Chicago,Bajo,0,0.0,Sí,No,Mariscos,No,Efectivo,1170,Mariscos y pescado,21.0,4.409523809523809,59.142857142857146,0.37930756843800323
9120243954,32,Femenino,Chicago,Alto,5,29.43,No,No,Carnes,Sí,App,8867,Carnes,32.0,4.3125,49.65625,0.45177260331445357
7462554807,75,Femenino,Chicago,Bajo,2,5.4,Sí,No,Vegano,No,Tarjeta,1079,Vegetariano/Vegano,2.0,4.1,847.0,0.02648563557654467
9141894221,71,Masculino,Chicago,Alto,5,51.84,Sí,No,Sin dato,No,Tarjeta,5441,Sin dato,,,,
6053165948,22,Femenino,Chicago,Medio,2,11.31,No,Sí,Otro,Sí,App,2670,Otro,191.0,4.39738219895288,3.094240837696335,7.250028200789622
3707882231,40,Femenino,Chicago,Medio,5,6.85,No,No,Mariscos,No,App,1850,Mariscos y pescado,21.0,4.409523809523809,59.142857142857146,0.37930756843800323
8487886592,74,Femenino,Chicago,Muy Alto,7,42.57,No,No,Mariscos,Sí,Efectivo,11232,Mariscos y pescado,21.0,4.409523809523809,59.142857142857146,0.37930756843800323
5184054736,52,Masculino,Chicago,Alto,5,48.21,No,No,Sin dato,Sí,Efectivo,4500,Sin dato,,,,
9650936041,54,Femenino,Chicago,Medio,3,22.67,Sí,Sí,Vegetariano,No,Efectivo,2289,Vegetariano/Vegano,2.0,4.1,847.0,0.02648563557654467
3685515992,55,Femenino,Chicago,Muy Alto,7,53.73,Sí,Sí,Vegetariano,Sí,Tarjeta,11999,Vegetariano/Vegano,2.0,4.1,847.0,0.02648563557654467
8238084374,58,Masculino,Chicago,Medio,5,14.04,Sí,Sí,Otro,No,App,2901,Otro,191.0,4.39738219895288,3.094240837696335,7.250028200789622
5205680331,21,Masculino,Chicago,Muy Alto,5,51.75,Sí,Sí,Vegetariano,Sí,Efectivo,14671,Vegetariano/Vegano,2.0,4.1,847.0,0.02648563557654467
4398250825,19,Masculino,Chicago,Muy Alto,5,76.41,No,Sí,Otro,Sí,Efectivo,13557,Otro,191.0,4.39738219895288,3.094240837696335,7.250028200789622
9525423626,54,Femenino,Chicago,Bajo,2,5.47,Sí,Sí,Sin dato,No,Tarjeta,972,Sin dato,,,,
2588876294,62,Femenino,Chicago,Medio,3,25.47,No,No,Vegetariano,Sí,Efectivo,3053,Vegetariano/Vegano,2.0,4.1,847.0,0.02648563557654467
6373582220,74,Femenino,Chicago,Alto,6,43.83,No,No,Carnes,No,Tarjeta,4078,Carnes,32.0,4.3125,49.65625,0.45177260331445357
1458851026,35,Masculino,Chicago,Alto,4,15.83,Sí,Sí,Otro,No,Efectivo,7261,Otro,191.0,4.39738219895288,3.094240837696335,7.250028200789622
7223496867,56,Masculino,Chicago,Bajo,1,6.32,No,Sí,Carnes,No,Tarjeta,805,Carnes,32.0,4.3125,49.65625,0.45177260331445357
7692678533,72,Femenino,Chicago,Bajo,1,5.42,No,No,Carnes,No,Efectivo,1354,Carnes,32.0,4.3125,49.65625,0.45177260331445357
3468100218,63,Masculino,Chicago,Muy Alto,5,95.76,No,Sí,Carnes,Sí,Efectivo,10565,Carnes,32.0,4.3125,49.65625,0.45177260331445357
4768651356,67,Femenino,Chicago,Muy Alto,10,75.12,No,No,Carnes,Sí,Efectivo,16986,Carnes,32.0,4.3125,49.65625,0.45177260331445357
7663320708,57,Femenino,Chicago,Bajo,1,9.3,No,Sí,Vegetariano,No,App,1057,Vegetariano/Vegano,2.0,4.1,847.0,0.02648563557654467
6125551262,56,Femenino,Chicago,Medio,4,16.45,No,Sí,Vegetariano,No,Tarjeta,2256,Vegetariano/Vegano,2.0,4.1,847.0,0.02648563557654467
7692011021,31,Masculino,Chicago,Muy Alto,7,69.5,No,Sí,Carnes,Sí,Efectivo,10681,Carnes,32.0,4.3125,49.65625,0.45177260331445357
8351491401,56,Masculino,Chicago,Medio,3,26.83,Sí,Sí,Vegano,No,App,2111,Vegetariano/Vegano,2.0,4.1,847.0,0.02648563557654467
4755910761,26,Masculino,Chicago,Medio,3,5.43,No,Sí,Otro,No,App,3363,Otro,191.0,4.39738219895288,3.094240837696335,7.250028200789622
1365097623,39,Masculino,Chicago,Bajo,3,5.23,No,No,Vegetariano,No,Efectivo,1263,Vegetariano/Vegano,2.0,4.1,847.0,0.02648563557654467
7552222992,71,Masculino,Chicago,Medio,4,11.16,No,No,Carnes,No,Efectivo,2356,Carnes,32.0,4.3125,49.65625,0.45177260331445357
4275261101,23,Masculino,Chicago,Bajo,2,8.75,No,Sí,Mariscos,No,Tarjeta,1515,Mariscos y pescado,21.0,4.409523809523809,59.142857142857146,0.37930756843800323
4479410205,21,Femenino,Chicago,Alto,6,37.74,Sí,Sí,Pescado,Sí,Efectivo,7088,Mariscos y pescado,21.0,4.409523809523809,59.142857142857146,0.37930756843800323
3672911638,67,Masculino,Chicago,Medio,2,14.26,No,Sí,Vegetariano,No,Tarjeta,3020,Vegetariano/Vegano,2.0,4.1,847.0,0.02648563557654467
5227243184,63,Masculino,Chicago,Bajo,0,0.0,Sí,Sí,Carnes,No,Efectivo,1059,Carnes,32.0,4.3125,49.65625,0.45177260331445357
2898175619,63,Femenino,Chicago,Bajo,0,0.0,No,Sí,Carnes,No,Tarjeta,843,Carnes,32.0,4.3125,49.65625,0.45177260331445357
9349463709,24,Femenino,Chicago,Alto,4,50.71,Sí,Sí,Carnes,Sí,Efectivo,4866,Carnes,32.0,4.3125,49.65625,0.45177260331445357
6321755673,57,Femenino,Chicago,Medio,2,14.19,No,Sí,Pescado,No,Tarjeta,2850,Mariscos y pescado,21.0,4.409523809523809,59.142857142857146,0.37930756843800323
4387725726,50,Femenino,Chicago,Alto,5,10.49,No,Sí,Carnes,No,Efectivo,8498,Carnes,32.0,4.3125,49.65625,0.45177260331445357
5333944511,69,Masculino,Chicago,Alto,6,38.59,Sí,No,Carnes,No,Efectivo,5855,Carnes,32.0,4.3125,49.65625,0.45177260331445357
9337515433,49,Femenino,Chicago,Alto,6,24.22,Sí,No,Pescado,Sí,Efectivo,5832,Mariscos y pescado,21.0,4.409523809523809,59.142857142857146,0.37930756843800323
8841458420,30,Femenino,Chicago,Alto,4,51.72,Sí,No,Sin dato,Sí,Efectivo,4117,Sin dato,,,,
4344391830,70,Masculino,Chicago,Medio,4,17.19,Sí,No,Sin dato,No,App,2313,Sin dato,,,,
3220653118,76,Femenino,Chicago,Bajo,2,8.53,Sí,Sí,Carnes,No,Efectivo,1348,Carnes,32.0,4.3125,49.65625,0.45177260331445357
5453979997,74,Femenino,Chicago,Bajo,1,5.96,Sí,No,Mariscos,No,Tarjeta,986,Mariscos y pescado,21.0,4.409523809523809,59.142857142857146,0.37930756843800323
6770485440,51,Femenino,Chicago,Medio,4,19.13,No,Sí,Mariscos,No,App,1874,Mariscos y pescado,21.0,4.409523809523809,59.142857142857146,0.37930756843800323
9554291576,42,Masculino,Chicago,Bajo,2,7.02,No,No,Pescado,No,Tarjeta,1247,Mariscos y pescado,21.0,4.409523809523809,59.142857142857146,0.37930756843800323
4133391767,32,Masculino,Chicago,Alto,5,41.0,Sí,No,Carnes,No,App,4365,Carnes,32.0,4.3125,49.65625,0.45177260331445357
2419888806,25,Femenino,Chicago,Medio,4,14.68,Sí,Sí,Carnes,No,Efectivo,2223,Carnes,32.0,4.3125,49.65625,0.45177260331445357
3480788274,22,Femenino,Chicago,Medio,4,23.65,Sí,Sí,Mariscos,No,App,2135,Mariscos y pescado,21.0,4.409523809523809,59.142857142857146,0.37930756843800323
7793734097,35,Femenino,Chicago,Bajo,3,7.77,No,Sí,Vegetariano,No,Efectivo,853,Vegetariano/Vegano,2.0,4.1,847.0,0.02648563557654467
1011225863,48,Masculino,Chicago,Muy Alto,10,90.74,No,Sí,Otro,No,Tarjeta,15937,Otro,191.0,4.39738219895288,3.094240837696335,7.250028200789622
9047710198,26,Femenino,Chicago,Muy Alto,8,36.69,Sí,Sí,Vegano,Sí,Tarjeta,11582,Vegetariano/Vegano,2.0,4.1,847.0,0.02648563557654467
3226009278,65,Masculino,Chicago,Muy Alto,6,16.32,No,Sí,Carnes,Sí,App,16630,Carnes,32.0,4.3125,49.65625,0.45177260331445357
6525987378,40,Femenino,Chicago,Bajo,0,0.0,No,No,Carnes,No,App,1139,Carnes,32.0,4.3125,49.65625,0.45177260331445357
6282009986,34,Masculino,Chicago,Muy Alto,7,6.72,Sí,Sí,Sin dato,Sí,Tarjeta,16841,Sin dato,,,,
8212526850,36,Femenino,Chicago,Alto,5,20.6,No,No,Mariscos,No,Efectivo,4861,Mariscos y pescado,21.0,4.409523809523809,59.142857142857146,0.37930756843800323
5082964045,20,Masculino,Chicago,Medio,5,22.59,Sí,No,Carnes,No,Tarjeta,2053,Carnes,32.0,4.3125,49.65625,0.45177260331445357
7277823614,39,Masculino,Chicago,Medio,3,10.55,Sí,No,Carnes,Sí,App,2748,Carnes,32.0,4.3125,49.65625,0.45177260331445357
2104601207,79,Femenino,Chicago,Alto,5,37.17,No,No,Carnes,Sí,Efectivo,5370,Carnes,32.0,4.3125,49.65625,0.45177260331445357
6501732573,55,Femenino,Chicago,Bajo,0,0.0,No,No,Vegano,No,Tarjeta,1245,Vegetariano/Vegano,2.0,4.1,847.0,0.02648563557654467
8073367682,40,Femenino,Chicago,Medio,4,22.47,Sí,No,Carnes,No,Tarjeta,3225,Carnes,32.0,4.3125,49.65625,0.45177260331445357
8552304952,33,Femenino,Chicago,Bajo,2,9.79,Sí,Sí,Vegano,No,Tarjeta,1246,Vegetariano/Vegano,2.0,4.1,847.0,0.02648563557654467
6146514161,49,Femenino,Chicago,Medio,4,19.11,Sí,No,Carnes,No,Efectivo,2928,Carnes,32.0,4.3125,49.65625,0.45177260331445357
4507883159,56,Femenino,Chicago,Muy Alto,9,102.76,No,Sí,Carnes,Sí,Tarjeta,15324,Carnes,32.0,4.3125,49.65625,0.45177260331445357
5684378987,29,Femenino,Chicago,Medio,3,7.38,Sí,Sí,Pescado,Sí,App,2533,Mariscos y pescado,21.0,4.409523809523809,59.142857142857146,0.37930756843800323
1469809301,31,Masculino,Chicago,Alto,5,22.17,Sí,No,Mariscos,Sí,Tarjeta,6616,Mariscos y pescado,21.0,4.409523809523809,59.142857142857146,0.37930756843800323
2822191146,72,Masculino,Chicago,Medio,2,19.95,Sí,No,Sin dato,No,App,2333,Sin dato,,,,
8739143112,64,Femenino,Chicago,Medio,5,8.18,Sí,Sí,Mariscos,No,App,2171,Mariscos y pescado,21.0,4.409523809523809,59.142857142857146,0.37930756843800323
4392640827,19,Femenino,Chicago,Medio,3,7.15,Sí,Sí,Carnes,No,Tarjeta,2786,Carnes,32.0,4.3125,49.65625,0.45177260331445357
8277440848,42,Masculino,Chicago,Alto,5,24.56,Sí,No,Carnes,Sí,App,4378,Carnes,32.0,4.3125,49.65625,0.45177260331445357
4860887479,43,Femenino,Chicago,Medio,3,8.32,Sí,Sí,Sin dato,No,App,2522,Sin dato,,,,
2180845948,18,Masculino,Chicago,Bajo,1,6.5,Sí,Sí,Otro,No,Tarjeta,939,Otro,191.0,4.39738219895288,3.094240837696335,7.250028200789622
7752955351,18,Femenino,Chicago,Medio,4,28.54,Sí,Sí,Mariscos,No,Efectivo,2330,Mariscos y pescado,21.0,4.409523809523809,59.142857142857146,0.37930756843800323
3627549477,24,Masculino,Chicago,Alto,6,19.37,No,Sí,Sin dato,Sí,Tarjeta,8818,Sin dato,,,,
2678276347,23,Masculino,Chicago,Medio,5,18.25,Sí,Sí,Carnes,No,Efectivo,1942,Carnes,32.0,4.3125,49.65625,0.45177260331445357
5179751288,57,Masculino,Chicago,Alto,6,9.55,Sí,No,Mariscos,Sí,App,5048,Mariscos y pescado,21.0,4.409523809523809,59.142857142857146,0.37930756843800323
6889727970,29,Masculino,Chicago,Muy Alto,6,18.49,Sí,Sí,Vegano,Sí,Efectivo,10930,Vegetariano/Vegano,2.0,4.1,847.0,0.02648563557654467
1500228324,43,Masculino,Chicago,Bajo,1,7.17,No,Sí,Carnes,No,Efectivo,1131,Carnes,32.0,4.3125,49.65625,0.45177260331445357
7613797397,63,Masculino,Chicago,Alto,5,25.92,No,No,Carnes,No,App,8278,Carnes,32.0,4.3125,49.65625,0.45177260331445357
9569531051,19,Femenino,Chicago,Alto,5,40.4,Sí,Sí,Otro,Sí,Efectivo,6577,Otro,191.0,4.39738219895288,3.094240837696335,7.250028200789622
6466077547,67,Femenino,Chicago,Muy Alto,8,26.03,No,Sí,Carnes,Sí,Tarjeta,9995,Carnes,32.0,4.3125,49.65625,0.45177260331445357
1245813758,40,Masculino,Chicago,Bajo,1,7.77,No,Sí,Carnes,No,App,1177,Carnes,32.0,4.3125,49.65625,0.45177260331445357
4364526708,22,Femenino,Chicago,Alto,6,52.36,No,Sí,Pescado,Sí,Tarjeta,8813,Mariscos y pescado,21.0,4.409523809523809,59.142857142857146,0.37930756843800323
3818914683,45,Femenino,Chicago,Alto,4,49.4,Sí,No,Carnes,Sí,Efectivo,6741,Carnes,32.0,4.3125,49.65625,0.45177260331445357
9062028075,61,Masculino,Chicago,Medio,2,21.66,No,Sí,Carnes,Sí,Efectivo,3031,Carnes,32.0,4.3125,49.65625,0.45177260331445357
9334861755,43,Femenino,Chicago,Bajo,3,5.83,No,No,Carnes,No,Efectivo,926,Carnes,32.0,4.3125,49.65625,0.45177260331445357
7119956976,29,Masculino,Chicago,Medio,5,15.23,Sí,No,Pescado,No,Tarjeta,1882,Mariscos y pescado,21.0,4.409523809523809,59.142857142857146,0.37930756843800323
6636843941,71,Masculino,Chicago,Medio,2,26.26,Sí,Sí,Carnes,No,Tarjeta,2213,Carnes,32.0,4.3125,49.65625,0.45177260331445357
1539709649,39,Masculino,Chicago,Alto,4,21.5,Sí,No,Otro,No,Tarjeta,8881,Otro,191.0,4.39738219895288,3.094240837696335,7.250028200789622
6890240063,46,Masculino,Chicago,Medio,4,6.05,Sí,No,Mariscos,No,App,2038,Mariscos y pescado,21.0,4.409523809523809,59.142857142857146,0.37930756843800323
1897785201,67,Femenino,Chicago,Medio,3,24.67,No,No,Carnes,Sí,App,2315,Carnes,32.0,4.3125,49.65625,0.45177260331445357
1183851649,76,Masculino,Chicago,Muy Alto,5,75.17,No,Sí,Pescado,Sí,Efectivo,13003,Mariscos y pescado,21.0,4.409523809523809,59.142857142857146,0.37930756843800323
9933123409,54,Masculino,Chicago,Medio,5,19.85,Sí,No,Vegetariano,No,App,1631,Vegetariano/Vegano,2.0,4.1,847.0,0.02648563557654467
8872092528,39,Masculino,Chicago,Medio,3,12.84,Sí,Sí,Carnes,No,Efectivo,3093,Carnes,32.0,4.3125,49.65625,0.45177260331445357
6587537178,55,Femenino,Chicago,Bajo,2,6.54,Sí,No,Otro,No,Tarjeta,1013,Otro,191.0,4.39738219895288,3.094240837696335,7.250028200789622
4871835158,42,Femenino,Chicago,Bajo,1,6.7,Sí,Sí,Carnes,No,Tarjeta,919,Carnes,32.0,4.3125,49.65625,0.45177260331445357
7088451458,38,Masculino,Chicago,Muy Alto,6,11.34,Sí,Sí,Vegano,Sí,App,13373,Vegetariano/Vegano,2.0,4.1,847.0,0.02648563557654467
5831150934,18,Femenino,Chicago,Medio,3,5.47,No,Sí,Sin dato,No,Tarjeta,1846,Sin dato,,,,
5188411716,80,Femenino,Chicago,Medio,4,14.08,No,Sí,Carnes,No,Efectivo,2596,Carnes,32.0,4.3125,49.65625,0.45177260331445357
3374662487,28,Femenino,Chicago,Muy Alto,9,89.53,Sí,Sí,Vegano,Sí,App,17472,Vegetariano/Vegano,2.0,4.1,847.0,0.02648563557654467
5935362233,78,Masculino,Chicago,Muy Alto,10,23.1,Sí,Sí,Pescado,Sí,Efectivo,9979,Mariscos y pescado,21.0,4.409523809523809,59.142857142857146,0.37930756843800323
1480850393,49,Masculino,Chicago,Medio,2,17.35,Sí,Sí,Vegano,No,Tarjeta,1638,Vegetariano/Vegano,2.0,4.1,847.0,0.02648563557654467
1054686685,62,Masculino,Chicago,Bajo,0,0.0,No,No,Carnes,No,Efectivo,1280,Carnes,32.0,4.3125,49.65625,0.45177260331445357
6823128871,40,Masculino,Chicago,Alto,5,36.3,No,No,Pescado,Sí,App,5994,Mariscos y pescado,21.0,4.409523809523809,59.142857142857146,0.37930756843800323
4872521694,64,Masculino,Chicago,Muy Alto,6,29.68,Sí,No,Vegano,Sí,Efectivo,15243,Vegetariano/Vegano,2.0,4.1,847.0,0.02648563557654467
9098746608,65,Masculino,Chicago,Medio,3,21.78,Sí,No,Vegetariano,No,App,1628,Vegetariano/Vegano,2.0,4.1,847.0,0.02648563557654467
5557772773,31,Masculino,Chicago,Medio,4,15.34,Sí,Sí,Carnes,No,Tarjeta,2389,Carnes,32.0,4.3125,49.65625,0.45177260331445357
1417436465,51,Masculino,Chicago,Muy Alto,7,61.57,Sí,Sí,Carnes,Sí,Tarjeta,12949,Carnes,32.0,4.3125,49.65625,0.45177260331445357
2114317366,79,Femenino,Chicago,Alto,4,29.03,No,Sí,Carnes,Sí,App,4977,Carnes,32.0,4.3125,49.65625,0.45177260331445357
7965460607,22,Femenino,Chicago,Medio,4,27.45,No,Sí,Carnes,No,Tarjeta,3368,Carnes,32.0,4.3125,49.65625,0.45177260331445357
8885111529,63,Femenino,Chicago,Medio,2,20.66,No,No,Mariscos,No,Efectivo,2366,Mariscos y pescado,21.0,4.409523809523809,59.142857142857146,0.37930756843800323
7081213036,40,Femenino,Chicago,Bajo,0,0.0,No,No,Vegano,No,App,855,Vegetariano/Vegano,2.0,4.1,847.0,0.02648563557654467
6709313280,28,Femenino,Chicago,Bajo,0,0.0,Sí,Sí,Sin dato,No,Tarjeta,1092,Sin dato,,,,
4072032711,18,Femenino,Chicago,Bajo,2,6.33,No,Sí,Sin dato,No,Tarjeta,1012,Sin dato,,,,
3855462767,19,Masculino,Chicago,Alto,5,22.53,No,No,Otro,No,Tarjeta,5844,Otro,191.0,4.39738219895288,3.094240837696335,7.250028200789622
1192650241,77,Femenino,Chicago,Alto,6,7.91,Sí,No,Vegetariano,Sí,Tarjeta,5321,Vegetariano/Vegano,2.0,4.1,847.0,0.02648563557654467
6764794940,73,Masculino,Chicago,Medio,4,23.93,No,No,Vegetariano,No,App,2421,Vegetariano/Vegano,2.0,4.1,847.0,0.02648563557654467
1769534424,49,Femenino,Chicago,Bajo,0,0.0,No,Sí,Vegetariano,No,Tarjeta,1349,Vegetariano/Vegano,2.0,4.1,847.0,0.02648563557654467
2338334796,44,Masculino,Chicago,Alto,4,24.48,No,No,Carnes,Sí,Efectivo,3911,Carnes,32.0,4.3125,49.65625,0.45177260331445357
4425081216,20,Masculino,Chicago,Medio,3,17.575,Sí,Sí,Mariscos,No,Efectivo,2243,Mariscos y pescado,21.0,4.409523809523809,59.142857142857146,0.37930756843800323
8231933700,28,Masculino,Chicago,Medio,5,14.76,No,Sí,Pescado,No,Efectivo,2209,Mariscos y pescado,21.0,4.409523809523809,59.142857142857146,0.37930756843800323
2845988316,63,Femenino,Chicago,Alto,5,21.22,No,No,Vegano,Sí,App,7775,Vegetariano/Vegano,2.0,4.1,847.0,0.02648563557654467
5119117424,79,Femenino,Chicago,Medio,4,14.54,No,Sí,Carnes,No,Tarjeta,1656,Carnes,32.0,4.3125,49.65625,0.45177260331445357
9538092528,53,Femenino,Chicago,Medio,4,16.41,Sí,Sí,Carnes,No,Efectivo,2122,Carnes,32.0,4.3125,49.65625,0.45177260331445357
6136463901,45,Femenino,Chicago,Alto,5,32.23,Sí,No,Otro,No,Tarjeta,4986,Otro,191.0,4.39738219895288,3.094240837696335,7.250028200789622
3161601606,30,Femenino,Chicago,Medio,3,29.44,Sí,Sí,Vegano,No,Tarjeta,2565,Vegetariano/Vegano,2.0,4.1,847.0,0.02648563557654467
1572827654,57,Masculino,Chicago,Medio,3,20.99,Sí,Sí,Carnes,No,Tarjeta,2372,Carnes,32.0,4.3125,49.65625,0.45177260331445357
2156991983,43,Femenino,Chicago,Alto,4,44.7,No,Sí,Carnes,No,App,5231,Carnes,32.0,4.3125,49.65625,0.45177260331445357
2981028339,38,Masculino,Chicago,Alto,6,54.49,No,No,Sin dato,Sí,Tarjeta,5301,Sin dato,,,,
6742199636,42,Masculino,Chicago,Bajo,3,9.24,Sí,No,Pescado,No,Efectivo,896,Mariscos y pescado,21.0,4.409523809523809,59.142857142857146,0.37930756843800323
4082960786,37,Masculino,Chicago,Medio,3,19.74,Sí,Sí,Otro,No,Efectivo,2305,Otro,191.0,4.39738219895288,3.094240837696335,7.250028200789622
8533341510,25,Masculino,Chicago,Alto,6,43.57,Sí,Sí,Vegetariano,Sí,Tarjeta,7954,Vegetariano/Vegano,2.0,4.1,847.0,0.02648563557654467
3907074032,29,Femenino,Chicago,Medio,2,22.97,No,Sí,Carnes,No,Efectivo,2420,Carnes,32.0,4.3125,49.65625,0.45177260331445357
8251009913,19,Masculino,Chicago,Bajo,2,8.75,Sí,Sí,Mariscos,No,Tarjeta,1369,Mariscos y pescado,21.0,4.409523809523809,59.142857142857146,0.37930756843800323
5464888540,60,Femenino,Chicago,Muy Alto,9,43.99,Sí,Sí,Sin dato,Sí,Efectivo,11246,Sin dato,,,,
9973832043,69,Masculino,Chicago,Bajo,2,5.53,Sí,No,Otro,No,Efectivo,1135,Otro,191.0,4.39738219895288,3.094240837696335,7.250028200789622
7641707102,43,Femenino,Chicago,Medio,2,25.12,Sí,Sí,Carnes,No,Efectivo,1998,Carnes,32.0,4.3125,49.65625,0.45177260331445357
3559595400,48,Femenino,Chicago,Medio,4,13.0,No,Sí,Pescado,No,App,2950,Mariscos y pescado,21.0,4.409523809523809,59.142857142857146,0.37930756843800323
3659104032,57,Masculino,Chicago,Bajo,2,7.15,No,Sí,Vegetariano,No,Tarjeta,1072,Vegetariano/Vegano,2.0,4.1,847.0,0.02648563557654467
6644556579,46,Masculino,Chicago,Alto,5,20.64,No,Sí,Carnes,Sí,Tarjeta,3745,Carnes,32.0,4.3125,49.65625,0.45177260331445357
6837975356,29,Masculino,Chicago,Alto,4,38.82,No,Sí,Carnes,Sí,Efectivo,6665,Carnes,32.0,4.3125,49.65625,0.45177260331445357
8389750357,47,Masculino,Chicago,Alto,5,33.64,No,Sí,Mariscos,No,Efectivo,5816,Mariscos y pescado,21.0,4.409523809523809,59.142857142857146,0.37930756843800323
6700342356,70,Femenino,Chicago,Bajo,3,5.48,Sí,Sí,Vegetariano,No,Efectivo,1331,Vegetariano/Vegano,2.0,4.1,847.0,0.02648563557654467
7833025787,79,Femenino,Chicago,Alto,5,36.63,Sí,Sí,Mariscos,Sí,Tarjeta,8017,Mariscos y pescado,21.0,4.409523809523809,59.142857142857146,0.37930756843800323
7029440590,31,Masculino,Chicago,Bajo,3,8.62,No,Sí,Mariscos,No,Efectivo,916,Mariscos y pescado,21.0,4.409523809523809,59.142857142857146,0.37930756843800323
9820014011,69,Masculino,Chicago,Muy Alto,10,98.62,Sí,Sí,Mariscos,Sí,Tarjeta,12823,Mariscos y pescado,21.0,4.409523809523809,59.142857142857146,0.37930756843800323
2072226456,51,Femenino,Chicago,Bajo,1,7.82,No,Sí,Vegetariano,No,Efectivo,946,Vegetariano/Vegano,2.0,4.1,847.0,0.02648563557654467
2407377479,48,Masculino,Chicago,Alto,5,8.17,No,No,Vegano,No,Efectivo,5534,Vegetariano/Vegano,2.0,4.1,847.0,0.02648563557654467
4408423851,79,Masculino,Chicago,Muy Alto,8,14.93,Sí,No,Otro,Sí,Tarjeta,14837,Otro,191.0,4.39738219895288,3.094240837696335,7.250028200789622
5563593235,18,Femenino,Chicago,Medio,5,7.58,Sí,Sí,Carnes,No,Tarjeta,1979,Carnes,32.0,4.3125,49.65625,0.45177260331445357
2025737309,28,Masculino,Chicago,Bajo,3,6.4,Sí,No,Carnes,No,Tarjeta,1323,Carnes,32.0,4.3125,49.65625,0.45177260331445357
4048664376,71,Masculino,Chicago,Bajo,1,6.6,No,No,Carnes,No,Efectivo,981,Carnes,32.0,4.3125,49.65625,0.45177260331445357
3128647054,26,Masculino,Chicago,Alto,5,26.97,No,Sí,Vegetariano,Sí,Tarjeta,8333,Vegetariano/Vegano,2.0,4.1,847.0,0.02648563557654467
9162632179,28,Femenino,Chicago,Bajo,0,0.0,Sí,Sí,Mariscos,No,Efectivo,1024,Mariscos y pescado,21.0,4.409523809523809,59.142857142857146,0.37930756843800323
3367952685,37,Femenino,Chicago,Alto,6,49.97,No,No,Sin dato,Sí,Efectivo,5973,Sin dato,,,,
7805324697,37,Masculino,Chicago,Medio,4,11.24,No,No,Vegetariano,No,App,1616,Vegetariano/Vegano,2.0,4.1,847.0,0.02648563557654467
3348686869,35,Masculino,Chicago,Bajo,2,8.21,No,No,Pescado,No,Efectivo,1234,Mariscos y pescado,21.0,4.409523809523809,59.142857142857146,0.37930756843800323
7846403103,53,Masculino,Chicago,Medio,2,8.24,Sí,No,Carnes,No,Efectivo,3453,Carnes,32.0,4.3125,49.65625,0.45177260331445357
8244514196,64,Femenino,Chicago,Medio,2,23.39,Sí,Sí,Mariscos,No,Efectivo,2953,Mariscos y pescado,21.0,4.409523809523809,59.142857142857146,0.37930756843800323
5852564405,68,Femenino,Chicago,Medio,3,29.54,Sí,No,Carnes,No,Tarjeta,2269,Carnes,32.0,4.3125,49.65625,0.45177260331445357
1677541437,56,Masculino,Chicago,Alto,6,49.51,Sí,Sí,Vegetariano,Sí,Efectivo,4985,Vegetariano/Vegano,2.0,4.1,847.0,0.02648563557654467
2734909435,50,Femenino,Chicago,Medio,5,22.43,Sí,Sí,Carnes,No,Tarjeta,2108,Carnes,32.0,4.3125,49.65625,0.45177260331445357
8330593321,53,Masculino,Chicago,Muy Alto,6,22.94,No,Sí,Otro,Sí,Tarjeta,11551,Otro,191.0,4.39738219895288,3.094240837696335,7.250028200789622
5353983527,33,Masculino,Chicago,Alto,4,32.14,No,No,Vegano,Sí,Efectivo,4717,Vegetariano/Vegano,2.0,4.1,847.0,0.02648563557654467
5084320126,39,Masculino,Chicago,Alto,6,39.26,Sí,No,Mariscos,Sí,Tarjeta,5649,Mariscos y pescado,21.0,4.409523809523809,59.142857142857146,0.37930756843800323
4751414261,50,Femenino,Chicago,Medio,5,20.22,No,Sí,Vegetariano,No,Tarjeta,2446,Vegetariano/Vegano,2.0,4.1,847.0,0.02648563557654467
5178391171,65,Masculino,Chicago,Alto,6,51.36,Sí,No,Carnes,Sí,Efectivo,3521,Carnes,32.0,4.3125,49.65625,0.45177260331445357
2853081959,59,Masculino,Chicago,Medio,4,17.1,Sí,Sí,Otro,No,App,1780,Otro,191.0,4.39738219895288,3.094240837696335,7.250028200789622
9458620027,78,Masculino,Chicago,Alto,6,37.14,No,No,Vegano,No,Efectivo,5606,Vegetariano/Vegano,2.0,4.1,847.0,0.02648563557654467
4220479048,26,Masculino,Chicago,Muy Alto,6,48.17,No,Sí,Otro,Sí,Tarjeta,11011,Otro,191.0,4.39738219895288,3.094240837696335,7.250028200789622
9789699083,69,Masculino,Chicago,Alto,6,13.07,No,Sí,Carnes,Sí,Efectivo,3944,Carnes,32.0,4.3125,49.65625,0.45177260331445357
5349481923,76,Masculino,Chicago,Medio,5,9.3,No,No,Vegetariano,No,Tarjeta,1950,Vegetariano/Vegano,2.0,4.1,847.0,0.02648563557654467
3598504816,30,Masculino,Chicago,Medio,2,22.22,Sí,Sí,Carnes,No,Tarjeta,3459,Carnes,32.0,4.3125,49.65625,0.45177260331445357
6359398315,60,Femenino,Chicago,Muy Alto,8,54.27,Sí,No,Sin dato,Sí,App,16368,Sin dato,,,,
1673494457,52,Femenino,Chicago,Alto,6,12.59,Sí,Sí,Carnes,Sí,App,3939,Carnes,32.0,4.3125,49.65625,0.45177260331445357
7515565008,28,Femenino,Chicago,Medio,4,17.64,No,Sí,Carnes,No,Efectivo,2529,Carnes,32.0,4.3125,49.65625,0.45177260331445357
8362261450,42,Masculino,Chicago,Muy Alto,9,103.13,Sí,No,Vegano,Sí,App,15113,Vegetariano/Vegano,2.0,4.1,847.0,0.02648563557654467
2301072326,43,Femenino,Chicago,Medio,5,13.42,Sí,No,Vegetariano,No,App,3313,Vegetariano/Vegano,2.0,4.1,847.0,0.02648563557654467
8766902671,49,Masculino,Chicago,Medio,3,11.84,Sí,Sí,Carnes,No,Tarjeta,3441,Carnes,32.0,4.3125,49.65625,0.45177260331445357
3022175213,31,Masculino,Chicago,Muy Alto,10,6.74,No,Sí,Carnes,Sí,Efectivo,15233,Carnes,32.0,4.3125,49.65625,0.45177260331445357
1948262046,62,Masculino,Chicago,Medio,4,27.98,No,Sí,Carnes,No,App,1919,Carnes,32.0,4.3125,49.65625,0.45177260331445357
2387414613,68,Femenino,Chicago,Bajo,3,9.58,Sí,Sí,Vegetariano,No,App,869,Vegetariano/Vegano,2.0,4.1,847.0,0.02648563557654467
3367704310,29,Femenino,Chicago,Medio,4,22.46,No,No,Vegetariano,No,Efectivo,2191,Vegetariano/Vegano,2.0,4.1,847.0,0.02648563557654467
4760385504,74,Masculino,Chicago,Bajo,3,9.56,Sí,No,Vegetariano,No,Efectivo,821,Vegetariano/Vegano,2.0,4.1,847.0,0.02648563557654467
2401321791,79,Masculino,Chicago,Medio,4,9.46,No,Sí,Vegano,No,App,2696,Vegetariano/Vegano,2.0,4.1,847.0,0.02648563557654467
8824192025,72,Masculino,Chicago,Alto,6,11.62,Sí,Sí,Pescado,Sí,Tarjeta,3998,Mariscos y pescado,21.0,4.409523809523809,59.142857142857146,0.37930756843800323
8042650940,67,Masculino,Chicago,Alto,5,53.1,No,Sí,Pescado,Sí,Efectivo,6184,Mariscos y pescado,21.0,4.409523809523809,59.142857142857146,0.37930756843800323
7786222794,36,Femenino,Chicago,Medio,4,19.57,No,Sí,Carnes,Sí,Tarjeta,2172,Carnes,32.0,4.3125,49.65625,0.45177260331445357
1600566083,19,Femenino,Chicago,Alto,6,26.56,No,Sí,Otro,Sí,App,4596,Otro,191.0,4.39738219895288,3.094240837696335,7.250028200789622
2495016079,68,Femenino,Chicago,Bajo,1,7.15,No,Sí,Sin dato,No,App,908,Sin dato,,,,
9510952234,71,Femenino,Chicago,Alto,6,8.8,No,Sí,Pescado,Sí,Efectivo,5246,Mariscos y pescado,21.0,4.409523809523809,59.142857142857146,0.37930756843800323
7102211781,35,Masculino,Chicago,Muy Alto,7,13.66,No,Sí,Mariscos,Sí,Efectivo,14296,Mariscos y pescado,21.0,4.409523809523809,59.142857142857146,0.37930756843800323
5375354357,33,Femenino,Chicago,Medio,5,8.61,Sí,Sí,Vegetariano,No,App,2960,Vegetariano/Vegano,2.0,4.1,847.0,0.02648563557654467
6248947770,25,Femenino,Chicago,Medio,5,26.68,No,Sí,Pescado,No,Tarjeta,1809,Mariscos y pescado,21.0,4.409523809523809,59.142857142857146,0.37930756843800323
9229145004,69,Masculino,Chicago,Muy Alto,6,78.84,Sí,No,Sin dato,Sí,Efectivo,12088,Sin dato,,,,
6321174377,55,Femenino,Chicago,Bajo,2,6.65,Sí,Sí,Carnes,No,Tarjeta,1279,Carnes,32.0,4.3125,49.65625,0.45177260331445357
3150162284,24,Masculino,Chicago,Bajo,2,8.95,No,Sí,Carnes,No,Tarjeta,1466,Carnes,32.0,4.3125,49.65625,0.45177260331445357
7121713134,72,Femenino,Chicago,Alto,4,23.93,No,No,Vegetariano,No,Tarjeta,5364,Vegetariano/Vegano,2.0,4.1,847.0,0.02648563557654467
6472086746,30,Femenino,Chicago,Muy Alto,7,29.57,No,Sí,Carnes,Sí,App,13388,Carnes,32.0,4.3125,49.65625,0.45177260331445357
3006112966,65,Masculino,Chicago,Alto,6,30.95,No,Sí,Mariscos,Sí,App,8663,Mariscos y pescado,21.0,4.409523809523809,59.142857142857146,0.37930756843800323
1277683972,66,Masculino,Chicago,Bajo,1,6.96,No,Sí,Mariscos,No,Efectivo,1498,Mariscos y pescado,21.0,4.409523809523809,59.142857142857146,0.37930756843800323
1125791798,34,Masculino,Chicago,Bajo,2,7.88,Sí,No,Carnes,No,Efectivo,1116,Carnes,32.0,4.3125,49.65625,0.45177260331445357
9775430744,44,Femenino,Chicago,Medio,5,7.99,No,No,Vegetariano,Sí,Tarjeta,1741,Vegetariano/Vegano,2.0,4.1,847.0,0.02648563557654467
7486045851,23,Masculino,Chicago,Alto,5,27.49,Sí,Sí,Mariscos,Sí,App,7007,Mariscos y pescado,21.0,4.409523809523809,59.142857142857146,0.37930756843800323
4353200746,71,Femenino,Chicago,Alto,4,23.19,No,Sí,Mariscos,Sí,Tarjeta,8186,Mariscos y pescado,21.0,4.409523809523809,59.142857142857146,0.37930756843800323
9315926417,77,Femenino,Chicago,Medio,4,6.15,Sí,Sí,Mariscos,No,App,2311,Mariscos y pescado,21.0,4.409523809523809,59.142857142857146,0.37930756843800323
2947232305,79,Masculino,Chicago,Alto,6,36.16,Sí,No,Mariscos,No,Efectivo,6698,Mariscos y pescado,21.0,4.409523809523809,59.142857142857146,0.37930756843800323
4668522545,33,Masculino,Chicago,Medio,5,25.66,Sí,No,Carnes,Sí,Efectivo,3125,Carnes,32.0,4.3125,49.65625,0.45177260331445357
4333330668,52,Masculino,Chicago,Alto,4,22.05,No,No,Pescado,No,Efectivo,8468,Mariscos y pescado,21.0,4.409523809523809,59.142857142857146,0.37930756843800323
9906016729,59,Masculino,Chicago,Medio,2,20.98,Sí,Sí,Carnes,No,App,2752,Carnes,32.0,4.3125,49.65625,0.45177260331445357
5145032329,21,Femenino,Chicago,Alto,6,52.95,Sí,Sí,Carnes,Sí,Tarjeta,5941,Carnes,32.0,4.3125,49.65625,0.45177260331445357
4192791245,70,Femenino,Chicago,Muy Alto,6,10.58,No,Sí,Carnes,Sí,App,11190,Carnes,32.0,4.3125,49.65625,0.45177260331445357
7129511050,55,Femenino,Chicago,Alto,6,5.29,No,No,Vegano,Sí,Efectivo,6619,Vegetariano/Vegano,2.0,4.1,847.0,0.02648563557654467
2880657409,37,Femenino,Chicago,Muy Alto,7,47.74,Sí,Sí,Carnes,Sí,Efectivo,14709,Carnes,32.0,4.3125,49.65625,0.45177260331445357
9876704672,45,Masculino,Chicago,Medio,4,11.74,No,Sí,Vegetariano,No,App,2613,Vegetariano/Vegano,2.0,4.1,847.0,0.02648563557654467
5666005361,53,Femenino,Chicago,Muy Alto,8,73.38,Sí,Sí,Mariscos,Sí,App,14528,Mariscos y pescado,21.0,4.409523809523809,59.142857142857146,0.37930756843800323
6054678460,26,Masculino,Chicago,Medio,5,6.04,No,Sí,Sin dato,Sí,Efectivo,1800,Sin dato,,,,
8804564187,77,Masculino,Chicago,Muy Alto,7,36.22,Sí,No,Carnes,Sí,Tarjeta,10802,Carnes,32.0,4.3125,49.65625,0.45177260331445357
4608057383,54,Masculino,Chicago,Alto,6,57.39,Sí,Sí,Mariscos,Sí,App,4024,Mariscos y pescado,21.0,4.409523809523809,59.142857142857146,0.37930756843800323
7297011791,48,Masculino,Chicago,Medio,4,24.7,Sí,Sí,Carnes,No,App,2255,Carnes,32.0,4.3125,49.65625,0.45177260331445357
5371842591,41,Femenino,Chicago,Muy Alto,5,26.78,Sí,Sí,Carnes,Sí,App,13695,Carnes,32.0,4.3125,49.65625,0.45177260331445357
6049646750,56,Femenino,Chicago,Alto,6,22.8,No,Sí,Vegano,Sí,Efectivo,6933,Vegetariano/Vegano,2.0,4.1,847.0,0.02648563557654467
5851463945,51,Femenino,Chicago,Medio,5,11.26,No,No,Mariscos,No,Efectivo,1626,Mariscos y pescado,21.0,4.409523809523809,59.142857142857146,0.37930756843800323
5683650794,49,Masculino,Chicago,Muy Alto,7,6.9,No,No,Carnes,Sí,Efectivo,17854,Carnes,32.0,4.3125,49.65625,0.45177260331445357
7923014252,49,Masculino,Chicago,Alto,5,6.66,Sí,Sí,Vegetariano,Sí,Tarjeta,4781,Vegetariano/Vegano,2.0,4.1,847.0,0.02648563557654467
2896412521,25,Masculino,Chicago,Muy Alto,10,9.32,Sí,Sí,Vegano,Sí,App,12851,Vegetariano/Vegano,2.0,4.1,847.0,0.02648563557654467
3357731126,79,Masculino,Chicago,Alto,5,13.6,No,Sí,Carnes,Sí,Tarjeta,6954,Carnes,32.0,4.3125,49.65625,0.45177260331445357
6131986440,21,Masculino,Chicago,Alto,4,52.61,Sí,Sí,Carnes,No,Efectivo,7735,Carnes,32.0,4.3125,49.65625,0.45177260331445357
7266703729,71,Femenino,Chicago,Medio,4,20.97,No,No,Sin dato,No,Efectivo,2389,Sin dato,,,,
6264784119,28,Masculino,Chicago,Alto,4,33.02,Sí,Sí,Carnes,No,Efectivo,4212,Carnes,32.0,4.3125,49.65625,0.45177260331445357
1162773838,51,Femenino,Chicago,Bajo,0,0.0,Sí,No,Vegetariano,No,Tarjeta,1201,Vegetariano/Vegano,2.0,4.1,847.0,0.02648563557654467
4518779153,25,Masculino,Chicago,Alto,5,37.74,No,Sí,Carnes,No,Efectivo,5802,Carnes,32.0,4.3125,49.65625,0.45177260331445357
7417551985,67,Masculino,Chicago,Muy Alto,9,35.92,No,Sí,Carnes,Sí,App,15840,Carnes,32.0,4.3125,49.65625,0.45177260331445357
1252199807,29,Masculino,Chicago,Alto,5,15.95,Sí,Sí,Vegano,Sí,Tarjeta,6851,Vegetariano/Vegano,2.0,4.1,847.0,0.02648563557654467
2905452099,76,Masculino,Chicago,Muy Alto,7,80.52,Sí,No,Mariscos,Sí,Efectivo,14426,Mariscos y pescado,21.0,4.409523809523809,59.142857142857146,0.37930756843800323
7801180691,69,Femenino,Chicago,Bajo,3,5.07,No,Sí,Vegano,No,Tarjeta,948,Vegetariano/Vegano,2.0,4.1,847.0,0.02648563557654467
6575109287,56,Masculino,Chicago,Alto,5,13.29,No,Sí,Vegano,Sí,Efectivo,8073,Vegetariano/Vegano,2.0,4.1,847.0,0.02648563557654467
9459116455,66,Masculino,Chicago,Alto,6,50.4,Sí,Sí,Carnes,Sí,Tarjeta,5365,Carnes,32.0,4.3125,49.65625,0.45177260331445357
1591756286,43,Femenino,Chicago,Medio,3,18.52,No,Sí,Carnes,Sí,Efectivo,2893,Carnes,32.0,4.3125,49.65625,0.45177260331445357
1069027317,63,Femenino,Chicago,Alto,4,44.36,Sí,No,Mariscos,Sí,Efectivo,8525,Mariscos y pescado,21.0,4.409523809523809,59.142857142857146,0.37930756843800323
8623372888,23,Masculino,Chicago,Medio,4,24.39,Sí,Sí,Carnes,No,App,3492,Carnes,32.0,4.3125,49.65625,0.45177260331445357
3979507921,65,Masculino,Chicago,Alto,4,32.955,No,Sí,Mariscos,No,Efectivo,5788,Mariscos y pescado,21.0,4.409523809523809,59.142857142857146,0.37930756843800323
9928431740,20,Masculino,Chicago,Muy Alto,7,45.8,No,Sí,Carnes,Sí,App,12316,Carnes,32.0,4.3125,49.65625,0.45177260331445357
1963404085,58,Femenino,Chicago,Muy Alto,10,78.22,No,Sí,Mariscos,Sí,App,12780,Mariscos y pescado,21.0,4.409523809523809,59.142857142857146,0.37930756843800323
5058899988,73,Femenino,Chicago,Medio,3,10.98,No,Sí,Carnes,No,Tarjeta,2019,Carnes,32.0,4.3125,49.65625,0.45177260331445357
1741832283,49,Masculino,Chicago,Medio,2,6.9,No,Sí,Otro,No,App,2990,Otro,191.0,4.39738219895288,3.094240837696335,7.250028200789622
1807174408,53,Femenino,Chicago,Muy Alto,7,13.7,Sí,Sí,Mariscos,No,App,15640,Mariscos y pescado,21.0,4.409523809523809,59.142857142857146,0.37930756843800323
1392574404,33,Femenino,Chicago,Alto,5,8.39,Sí,No,Otro,Sí,Efectivo,5057,Otro,191.0,4.39738219895288,3.094240837696335,7.250028200789622
8502753037,39,Masculino,Chicago,Muy Alto,9,94.8,Sí,No,Vegano,Sí,Efectivo,11381,Vegetariano/Vegano,2.0,4.1,847.0,0.02648563557654467
2742972475,61,Masculino,Chicago,Muy Alto,10,26.85,Sí,No,Carnes,Sí,App,14781,Carnes,32.0,4.3125,49.65625,0.45177260331445357
2957579670,26,Femenino,Chicago,Muy Alto,9,81.61,No,Sí,Pescado,Sí,Tarjeta,9448,Mariscos y pescado,21.0,4.409523809523809,59.142857142857146,0.37930756843800323
1615206079,36,Femenino,Chicago,Alto,6,5.08,Sí,No,Vegetariano,Sí,App,7785,Vegetariano/Vegano,2.0,4.1,847.0,0.02648563557654467
3013367681,47,Masculino,Chicago,Alto,5,10.96,Sí,No,Otro,No,Tarjeta,6621,Otro,191.0,4.39738219895288,3.094240837696335,7.250028200789622
9261936907,23,Masculino,Chicago,Muy Alto,5,47.93,Sí,Sí,Carnes,Sí,App,15812,Carnes,32.0,4.3125,49.65625,0.45177260331445357
2783209739,64,Femenino,Chicago,Medio,5,14.92,Sí,No,Mariscos,Sí,Tarjeta,2398,Mariscos y pescado,21.0,4.409523809523809,59.142857142857146,0.37930756843800323
9908203906,31,Femenino,Chicago,Medio,4,8.54,No,Sí,Vegetariano,No,Criptomoneda,2382,Vegetariano/Vegano,2.0,4.1,847.0,0.02648563557654467
1180232446,28,Masculino,Chicago,Medio,4,28.25,Sí,Sí,Otro,No,Tarjeta,2291,Otro,191.0,4.39738219895288,3.094240837696335,7.250028200789622
4429677390,56,Masculino,Chicago,Medio,2,22.48,Sí,No,Carnes,No,App,2732,Carnes,32.0,4.3125,49.65625,0.45177260331445357
3223687972,59,Femenino,Chicago,Medio,3,13.91,No,No,Sin dato,Sí,Efectivo,3475,Sin dato,,,,
6609001134,44,Masculino,Chicago,Bajo,0,0.0,Sí,No,Vegetariano,No,Criptomoneda,1550,Vegetariano/Vegano,2.0,4.1,847.0,0.02648563557654467
7356389526,60,Masculino,Chicago,Alto,6,46.65,Sí,No,Mariscos,Sí,Efectivo,5272,Mariscos y pescado,21.0,4.409523809523809,59.142857142857146,0.37930756843800323
5454064409,70,Femenino,Chicago,Alto,5,56.3,Sí,Sí,Pescado,No,Tarjeta,5100,Mariscos y pescado,21.0,4.409523809523809,59.142857142857146,0.37930756843800323
3105824567,57,Femenino,Chicago,Alto,4,12.63,No,Sí,Mariscos,Sí,Efectivo,8823,Mariscos y pescado,21.0,4.409523809523809,59.142857142857146,0.37930756843800323
7334044046,42,Femenino,Chicago,Alto,4,23.31,No,Sí,Vegetariano,Sí,Tarjeta,7885,Vegetariano/Vegano,2.0,4.1,847.0,0.02648563557654467
4017419758,28,Masculino,Chicago,Muy Alto,5,25.92,No,Sí,Pescado,Sí,Tarjeta,9041,Mariscos y pescado,21.0,4.409523809523809,59.142857142857146,0.37930756843800323
4290574162,58,Femenino,Chicago,Muy Alto,6,96.83,Sí,Sí,Pescado,Sí,Efectivo,13356,Mariscos y pescado,21.0,4.409523809523809,59.142857142857146,0.37930756843800323
6305545090,34,Masculino,Chicago,Medio,2,17.5,No,Sí,Vegetariano,No,App,3041,Vegetariano/Vegano,2.0,4.1,847.0,0.02648563557654467
2288928005,23,Femenino,Chicago,Alto,5,22.89,Sí,Sí,Carnes,No,Efectivo,4623,Carnes,32.0,4.3125,49.65625,0.45177260331445357
6048175932,36,Femenino,Chicago,Alto,4,25.47,Sí,Sí,Vegano,Sí,Efectivo,6521,Vegetariano/Vegano,2.0,4.1,847.0,0.02648563557654467
3994843857,62,Femenino,Chicago,Muy Alto,6,67.77,Sí,Sí,Carnes,Sí,App,15297,Carnes,32.0,4.3125,49.65625,0.45177260331445357
4389957422,66,Masculino,Chicago,Medio,3,27.34,Sí,Sí,Vegano,No,Efectivo,1645,Vegetariano/Vegano,2.0,4.1,847.0,0.02648563557654467
2377246195,25,Femenino,Chicago,Alto,4,8.51,No,Sí,Otro,Sí,Efectivo,8759,Otro,191.0,4.39738219895288,3.094240837696335,7.250028200789622
2741435254,46,Masculino,Chicago,Alto,4,47.3,No,Sí,Otro,Sí,Tarjeta,6758,Otro,191.0,4.39738219895288,3.094240837696335,7.250028200789622
1414678103,72,Masculino,Chicago,Bajo,1,6.42,Sí,No,Carnes,No,App,1383,Carnes,32.0,4.3125,49.65625,0.45177260331445357
6643416067,26,Masculino,Chicago,Alto,5,16.45,No,Sí,Vegano,Sí,Efectivo,7924,Vegetariano/Vegano,2.0,4.1,847.0,0.02648563557654467
2515744164,30,Femenino,Chicago,Medio,3,18.57,No,Sí,Vegano,No,Efectivo,1900,Vegetariano/Vegano,2.0,4.1,847.0,0.02648563557654467
6419009717,75,Masculino,Chicago,Medio,3,16.2,Sí,No,Pescado,No,App,2014,Mariscos y pescado,21.0,4.409523809523809,59.142857142857146,0.37930756843800323
1452251749,68,Femenino,Chicago,Muy Alto,5,41.82,Sí,Sí,Mariscos,Sí,Efectivo,11593,Mariscos y pescado,21.0,4.409523809523809,59.142857142857146,0.37930756843800323
7120270725,18,Masculino,Chicago,Alto,6,37.99,No,Sí,Vegano,Sí,Efectivo,4935,Vegetariano/Vegano,2.0,4.1,847.0,0.02648563557654467
6911557560,32,Femenino,Chicago,Bajo,1,8.5,No,No,Mariscos,No,Efectivo,1500,Mariscos y pescado,21.0,4.409523809523809,59.142857142857146,0.37930756843800323
6051628882,19,Femenino,Chicago,Medio,2,20.93,No,Sí,Carnes,No,Tarjeta,2886,Carnes,32.0,4.3125,49.65625,0.45177260331445357
5604092022,28,Femenino,Chicago,Muy Alto,10,68.46,Sí,Sí,Carnes,Sí,Tarjeta,17711,Carnes,32.0,4.3125,49.65625,0.45177260331445357
6829679552,26,Femenino,Chicago,Medio,5,27.97,No,Sí,Otro,No,App,2720,Otro,191.0,4.39738219895288,3.094240837696335,7.250028200789622
1356883272,24,Masculino,Chicago,Alto,6,20.36,Sí,Sí,Mariscos,Sí,Tarjeta,5807,Mariscos y pescado,21.0,4.409523809523809,59.142857142857146,0.37930756843800323
4693510920,49,Masculino,Chicago,Bajo,2,6.37,Sí,No,Mariscos,No,Efectivo,819,Mariscos y pescado,21.0,4.409523809523809,59.142857142857146,0.37930756843800323
2065031404,68,Femenino,Chicago,Muy Alto,7,80.17,Sí,Sí,Vegetariano,Sí,Efectivo,11774,Vegetariano/Vegano,2.0,4.1,847.0,0.02648563557654467
3199900930,77,Femenino,Chicago,Muy Alto,6,47.89,Sí,No,Sin dato,Sí,Tarjeta,17833,Sin dato,,,,
7442920663,64,Masculino,Chicago,Muy Alto,8,85.72,Sí,Sí,Mariscos,Sí,App,10798,Mariscos y pescado,21.0,4.409523809523809,59.142857142857146,0.37930756843800323
8915869081,19,Masculino,Chicago,Bajo,2,7.6,No,Sí,Otro,No,Efectivo,1358,Otro,191.0,4.39738219895288,3.094240837696335,7.250028200789622
9351765086,72,Masculino,Chicago,Muy Alto,7,6.82,Sí,No,Carnes,Sí,App,13485,Carnes,32.0,4.3125,49.65625,0.45177260331445357
5662174676,80,Masculino,Chicago,Bajo,1,8.91,Sí,Sí,Mariscos,No,Tarjeta,1237,Mariscos y pescado,21.0,4.409523809523809,59.142857142857146,0.37930756843800323
9862976486,57,Masculino,Chicago,Bajo,0,0.0,Sí,No,Vegetariano,No,Tarjeta,1225,Vegetariano/Vegano,2.0,4.1,847.0,0.02648563557654467
4128625791,50,Masculino,Chicago,Medio,5,24.77,Sí,No,Sin dato,No,Efectivo,2116,Sin dato,,,,
3928011361,40,Femenino,Chicago,Bajo,2,6.63,No,Sí,Mariscos,No,Efectivo,1293,Mariscos y pescado,21.0,4.409523809523809,59.142857142857146,0.37930756843800323
1872745172,28,Masculino,Chicago,Alto,5,41.0,No,Sí,Carnes,No,Efectivo,4663,Carnes,32.0,4.3125,49.65625,0.45177260331445357
2899488748,22,Masculino,Chicago,Alto,6,38.82,Sí,Sí,Carnes,Sí,Efectivo,6138,Carnes,32.0,4.3125,49.65625,0.45177260331445357
7483366056,65,Femenino,Chicago,Alto,5,35.68,Sí,No,Vegetariano,Sí,App,3943,Vegetariano/Vegano,2.0,4.1,847.0,0.02648563557654467
6998828419,38,Masculino,Chicago,Medio,4,29.49,Sí,No,Mariscos,No,Tarjeta,3111,Mariscos y pescado,21.0,4.409523809523809,59.142857142857146,0.37930756843800323
2085885792,43,Masculino,Chicago,Bajo,0,0.0,No,Sí,Sin dato,No,App,1057,Sin dato,,,,
5174015719,49,Masculino,Chicago,Alto,4,9.92,Sí,Sí,Vegano,Sí,Efectivo,3614,Vegetariano/Vegano,2.0,4.1,847.0,0.02648563557654467
8415300767,55,Masculino,Chicago,Alto,4,28.0,No,Sí,Mariscos,No,Efectivo,6318,Mariscos y pescado,21.0,4.409523809523809,59.142857142857146,0.37930756843800323
1921171206,59,Masculino,Chicago,Medio,4,24.24,Sí,Sí,Otro,No,Tarjeta,2869,Otro,191.0,4.39738219895288,3.094240837696335,7.250028200789622
7855383664,27,Masculino,Chicago,Alto,6,24.41,No,Sí,Carnes,No,App,4871,Carnes,32.0,4.3125,49.65625,0.45177260331445357
1659402725,72,Masculino,Chicago,Bajo,0,0.0,Sí,No,Sin dato,No,Efectivo,1075,Sin dato,,,,
6124128956,51,Masculino,Chicago,Medio,5,25.5,Sí,No,Vegetariano,No,Efectivo,1868,Vegetariano/Vegano,2.0,4.1,847.0,0.02648563557654467
5235541974,41,Masculino,Chicago,Bajo,2,8.53,Sí,No,Vegano,No,App,821,Vegetariano/Vegano,2.0,4.1,847.0,0.02648563557654467
4083359279,49,Masculino,Chicago,Alto,5,31.61,No,Sí,Vegetariano,Sí,App,8003,Vegetariano/Vegano,2.0,4.1,847.0,0.02648563557654467
1706665083,24,Masculino,Chicago,Bajo,1,6.29,Sí,Sí,Otro,No,Tarjeta,1019,Otro,191.0,4.39738219895288,3.094240837696335,7.250028200789622
1570006006,66,Masculino,Chicago,Alto,4,42.19,Sí,Sí,Carnes,No,Efectivo,6309,Carnes,32.0,4.3125,49.65625,0.45177260331445357
9503597301,59,Femenino,Chicago,Medio,5,12.57,No,Sí,Carnes,Sí,Efectivo,1933,Carnes,32.0,4.3125,49.65625,0.45177260331445357
6117404598,38,Masculino,Chicago,Alto,5,39.55,Sí,Sí,Vegetariano,Sí,App,7266,Vegetariano/Vegano,2.0,4.1,847.0,0.02648563557654467
3731502219,21,Femenino,Chicago,Bajo,3,8.81,No,Sí,Pescado,No,App,936,Mariscos y pescado,21.0,4.409523809523809,59.142857142857146,0.37930756843800323
2203038781,46,Masculino,Chicago,Bajo,3,9.13,No,Sí,Pescado,No,Efectivo,1352,Mariscos y pescado,21.0,4.409523809523809,59.142857142857146,0.37930756843800323
4002317824,41,Masculino,Chicago,Medio,2,7.46,Sí,No,Vegano,No,App,2140,Vegetariano/Vegano,2.0,4.1,847.0,0.02648563557654467
9702802741,23,Femenino,Chicago,Medio,5,19.16,No,Sí,Mariscos,No,App,3296,Mariscos y pescado,21.0,4.409523809523809,59.142857142857146,0.37930756843800323
7531513968,53,Femenino,Chicago,Muy Alto,7,17.78,Sí,Sí,Carnes,Sí,App,12955,Carnes,32.0,4.3125,49.65625,0.45177260331445357
8410083072,72,Femenino,Chicago,Medio,2,13.9,Sí,No,Pescado,No,Efectivo,2504,Mariscos y pescado,21.0,4.409523809523809,59.142857142857146,0.37930756843800323
6413230684,75,Masculino,Chicago,Bajo,2,7.97,No,No,Carnes,No,Efectivo,1412,Carnes,32.0,4.3125,49.65625,0.45177260331445357
1656126124,28,Femenino,Chicago,Bajo,0,0.0,No,Sí,Carnes,No,App,1469,Carnes,32.0,4.3125,49.65625,0.45177260331445357
3667942069,18,Masculino,Chicago,Medio,3,9.56,Sí,No,Vegetariano,No,Tarjeta,2178,Vegetariano/Vegano,2.0,4.1,847.0,0.02648563557654467
8745652908,40,Femenino,Chicago,Bajo,1,8.35,Sí,Sí,Carnes,No,App,1042,Carnes,32.0,4.3125,49.65625,0.45177260331445357
5880145797,53,Masculino,Chicago,Bajo,0,0.0,Sí,Sí,Carnes,No,Efectivo,1254,Carnes,32.0,4.3125,49.65625,0.45177260331445357
9362506777,71,Masculino,Chicago,Alto,6,45.22,Sí,No,Vegano,Sí,Efectivo,4020,Vegetariano/Vegano,2.0,4.1,847.0,0.02648563557654467
4290414320,75,Femenino,Chicago,Bajo,3,9.1,No,No,Carnes,No,Efectivo,863,Carnes,32.0,4.3125,49.65625,0.45177260331445357
4301805593,37,Femenino,Chicago,Alto,5,55.98,Sí,No,Pescado,Sí,App,5882,Mariscos y pescado,21.0,4.409523809523809,59.142857142857146,0.37930756843800323
8527715219,58,Masculino,Chicago,Medio,2,22.56,No,No,Pescado,No,Efectivo,3128,Mariscos y pescado,21.0,4.409523809523809,59.142857142857146,0.37930756843800323
7878818522,28,Masculino,Chicago,Bajo,2,8.42,No,Sí,Carnes,No,Efectivo,1327,Carnes,32.0,4.3125,49.65625,0.45177260331445357
4387166452,61,Masculino,Chicago,Alto,4,8.32,No,Sí,Pescado,Sí,Tarjeta,7826,Mariscos y pescado,21.0,4.409523809523809,59.142857142857146,0.37930756843800323
4137153076,41,Femenino,Chicago,Alto,6,13.74,Sí,No,Vegano,Sí,Tarjeta,6903,Vegetariano/Vegano,2.0,4.1,847.0,0.02648563557654467
5759761714,57,Masculino,Chicago,Medio,2,8.85,No,Sí,Otro,No,Efectivo,1663,Otro,191.0,4.39738219895288,3.094240837696335,7.250028200789622
9039661288,58,Masculino,Chicago,Muy Alto,5,13.31,Sí,Sí,Vegetariano,Sí,Efectivo,10775,Vegetariano/Vegano,2.0,4.1,847.0,0.02648563557654467
1047980874,59,Masculino,Chicago,Bajo,2,6.38,No,Sí,Otro,No,App,1561,Otro,191.0,4.39738219895288,3.094240837696335,7.250028200789622
3476221045,30,Masculino,Chicago,Medio,2,15.83,No,Sí,Pescado,No,Efectivo,1891,Mariscos y pescado,21.0,4.409523809523809,59.142857142857146,0.37930756843800323
7286152640,66,Masculino,Chicago,Medio,4,18.52,No,Sí,Vegetariano,No,Efectivo,2314,Vegetariano/Vegano,2.0,4.1,847.0,0.02648563557654467
8979441020,56,Masculino,Chicago,Muy Alto,5,9.66,Sí,No,Otro,Sí,Efectivo,9180,Otro,191.0,4.39738219895288,3.094240837696335,7.250028200789622
4474875888,25,Masculino,Chicago,Muy Alto,9,51.24,No,Sí,Vegano,No,App,14357,Vegetariano/Vegano,2.0,4.1,847.0,0.02648563557654467
9611033518,30,Masculino,Chicago,Medio,4,29.49,Sí,Sí,Mariscos,Sí,App,2456,Mariscos y pescado,21.0,4.409523809523809,59.142857142857146,0.37930756843800323
3641461201,33,Masculino,Chicago,Medio,5,12.06,No,No,Vegetariano,No,Efectivo,2096,Vegetariano/Vegano,2.0,4.1,847.0,0.02648563557654467
8995045543,58,Masculino,Chicago,Medio,5,15.27,No,Sí,Otro,No,Tarjeta,1777,Otro,191.0,4.39738219895288,3.094240837696335,7.250028200789622
5680777433,27,Masculino,Chicago,Alto,6,49.78,No,Sí,Carnes,Sí,Efectivo,8680,Carnes,32.0,4.3125,49.65625,0.45177260331445357
8522080878,31,Masculino,Chicago,Bajo,3,9.07,No,Sí,Vegetariano,No,App,1489,Vegetariano/Vegano,2.0,4.1,847.0,0.02648563557654467
5876328741,60,Masculino,Chicago,Alto,6,49.9,Sí,No,Carnes,Sí,App,7046,Carnes,32.0,4.3125,49.65625,0.45177260331445357
8266023817,66,Masculino,Chicago,Medio,4,23.95,No,Sí,Otro,No,Efectivo,2375,Otro,191.0,4.39738219895288,3.094240837696335,7.250028200789622
3165440111,41,Masculino,Chicago,Alto,4,27.96,No,No,Carnes,No,Tarjeta,6688,Carnes,32.0,4.3125,49.65625,0.45177260331445357
2026410321,61,Masculino,Chicago,Medio,2,15.04,No,Sí,Carnes,No,Tarjeta,2295,Carnes,32.0,4.3125,49.65625,0.45177260331445357
1005452306,49,Masculino,Chicago,Medio,5,10.56,No,Sí,Mariscos,No,Efectivo,2875,Mariscos y pescado,21.0,4.409523809523809,59.142857142857146,0.37930756843800323
4798729163,18,Masculino,Chicago,Alto,5,30.61,Sí,Sí,Vegano,Sí,App,8980,Vegetariano/Vegano,2.0,4.1,847.0,0.02648563557654467
1201334906,59,Masculino,Chicago,Bajo,1,8.85,No,No,Carnes,No,Tarjeta,1277,Carnes,32.0,4.3125,49.65625,0.45177260331445357
7761100005,33,Masculino,Chicago,Bajo,2,5.61,No,No,Mariscos,No,Efectivo,817,Mariscos y pescado,21.0,4.409523809523809,59.142857142857146,0.37930756843800323
3596720287,42,Femenino,Chicago,Medio,4,20.09,Sí,No,Otro,No,Efectivo,2333,Otro,191.0,4.39738219895288,3.094240837696335,7.250028200789622
5512448811,71,Masculino,Chicago,Muy Alto,8,6.95,No,Sí,Carnes,Sí,App,15714,Carnes,32.0,4.3125,49.65625,0.45177260331445357
4091608595,58,Masculino,Chicago,Alto,5,55.31,Sí,Sí,Vegano,Sí,Tarjeta,4241,Vegetariano/Vegano,2.0,4.1,847.0,0.02648563557654467
8631177201,41,Masculino,Chicago,Muy Alto,10,36.82,Sí,No,Otro,Sí,Tarjeta,14131,Otro,191.0,4.39738219895288,3.094240837696335,7.250028200789622
1761588643,70,Masculino,Chicago,Muy Alto,10,63.38,No,Sí,Mariscos,Sí,Tarjeta,10039,Mariscos y pescado,21.0,4.409523809523809,59.142857142857146,0.37930756843800323
9068916300,63,Femenino,Chicago,Bajo,1,8.93,Sí,No,Carnes,No,App,1336,Carnes,32.0,4.3125,49.65625,0.45177260331445357
7774406867,41,Femenino,Chicago,Bajo,0,0.0,Sí,Sí,Mariscos,No,Efectivo,1564,Mariscos y pescado,21.0,4.409523809523809,59.142857142857146,0.37930756843800323
9135903314,54,Femenino,Chicago,Alto,6,6.83,Sí,No,Mariscos,Sí,Efectivo,6373,Mariscos y pescado,21.0,4.409523809523809,59.142857142857146,0.37930756843800323
3476563115,18,Masculino,Chicago,Alto,6,12.57,No,Sí,Pescado,Sí,Tarjeta,5251,Mariscos y pescado,21.0,4.409523809523809,59.142857142857146,0.37930756843800323
6806422489,78,Masculino,Chicago,Medio,3,16.45,Sí,Sí,Vegetariano,No,App,3490,Vegetariano/Vegano,2.0,4.1,847.0,0.02648563557654467
4241751556,59,Femenino,Chicago,Muy Alto,10,101.34,No,No,Pescado,Sí,App,13403,Mariscos y pescado,21.0,4.409523809523809,59.142857142857146,0.37930756843800323
7699971723,56,Femenino,Chicago,Alto,4,13.19,No,No,Carnes,No,App,4458,Carnes,32.0,4.3125,49.65625,0.45177260331445357
9156301387,39,Femenino,Chicago,Alto,4,52.63,Sí,Sí,Mariscos,Sí,App,7420,Mariscos y pescado,21.0,4.409523809523809,59.142857142857146,0.37930756843800323
8741304368,27,Masculino,Chicago,Bajo,2,5.62,No,Sí,Vegano,No,Efectivo,851,Vegetariano/Vegano,2.0,4.1,847.0,0.02648563557654467
2838321816,75,Femenino,Chicago,Alto,5,52.09,No,No,Pescado,Sí,Efectivo,3832,Mariscos y pescado,21.0,4.409523809523809,59.142857142857146,0.37930756843800323
4327357022,69,Femenino,Chicago,Alto,5,28.89,Sí,Sí,Carnes,No,Efectivo,5995,Carnes,32.0,4.3125,49.65625,0.45177260331445357
1715110804,19,Femenino,Chicago,Bajo,2,7.43,Sí,Sí,Vegetariano,No,Efectivo,1024,Vegetariano/Vegano,2.0,4.1,847.0,0.02648563557654467
5737564340,33,Femenino,Chicago,Muy Alto,10,31.13,No,No,Carnes,Sí,Efectivo,14330,Carnes,32.0,4.3125,49.65625,0.45177260331445357
6580427322,43,Masculino,Chicago,Muy Alto,9,27.4,Sí,Sí,Otro,No,App,11981,Otro,191.0,4.39738219895288,3.094240837696335,7.250028200789622
3919315148,36,Femenino,Chicago,Medio,3,11.91,Sí,No,Mariscos,No,Efectivo,2239,Mariscos y pescado,21.0,4.409523809523809,59.142857142857146,0.37930756843800323
4408903107,30,Femenino,Chicago,Medio,2,21.39,No,Sí,Mariscos,No,Efectivo,3281,Mariscos y pescado,21.0,4.409523809523809,59.142857142857146,0.37930756843800323
9264377780,56,Femenino,Chicago,Muy Alto,5,61.67,No,No,Vegetariano,Sí,Tarjeta,17672,Vegetariano/Vegano,2.0,4.1,847.0,0.02648563557654467
4147069306,65,Masculino,Chicago,Medio,3,6.32,Sí,No,Sin dato,No,Efectivo,2975,Sin dato,,,,
9769466392,27,Femenino,Chicago,Medio,3,12.04,No,No,Vegano,No,Tarjeta,1655,Vegetariano/Vegano,2.0,4.1,847.0,0.02648563557654467
1839522247,29,Masculino,Chicago,Muy Alto,8,54.53,Sí,Sí,Vegetariano,Sí,App,12955,Vegetariano/Vegano,2.0,4.1,847.0,0.02648563557654467
1791382644,38,Masculino,Chicago,Medio,5,18.02,No,Sí,Vegetariano,No,Tarjeta,1865,Vegetariano/Vegano,2.0,4.1,847.0,0.02648563557654467
8233192374,44,Femenino,Chicago,Muy Alto,7,85.82,No,Sí,Vegetariano,Sí,Efectivo,12242,Vegetariano/Vegano,2.0,4.1,847.0,0.02648563557654467
1159071944,62,Femenino,Chicago,Medio,4,25.21,No,Sí,Mariscos,No,Efectivo,1678,Mariscos y pescado,21.0,4.409523809523809,59.142857142857146,0.37930756843800323
6255110825,33,Masculino,Chicago,Alto,6,36.39,No,Sí,Otro,Sí,Tarjeta,7461,Otro,191.0,4.39738219895288,3.094240837696335,7.250028200789622
6821113146,77,Femenino,Chicago,Alto,4,29.68,Sí,No,Vegetariano,Sí,App,7176,Vegetariano/Vegano,2.0,4.1,847.0,0.02648563557654467
9266605491,45,Femenino,Chicago,Alto,4,45.9,Sí,Sí,Mariscos,Sí,Tarjeta,8565,Mariscos y pescado,21.0,4.409523809523809,59.142857142857146,0.37930756843800323
7798241428,42,Masculino,Chicago,Alto,4,22.9,No,Sí,Mariscos,Sí,Efectivo,4915,Mariscos y pescado,21.0,4.409523809523809,59.142857142857146,0.37930756843800323
1502393558,76,Femenino,Chicago,Medio,5,29.96,Sí,Sí,Vegano,No,Efectivo,1804,Vegetariano/Vegano,2.0,4.1,847.0,0.02648563557654467
5749236808,19,Femenino,Chicago,Medio,4,29.29,Sí,Sí,Vegetariano,No,App,1847,Vegetariano/Vegano,2.0,4.1,847.0,0.02648563557654467
3066770841,29,Femenino,Chicago,Alto,4,42.03,No,No,Carnes,Sí,Tarjeta,4271,Carnes,32.0,4.3125,49.65625,0.45177260331445357
2994047442,31,Femenino,Chicago,Medio,5,22.3,Sí,No,Vegetariano,No,Efectivo,3325,Vegetariano/Vegano,2.0,4.1,847.0,0.02648563557654467
8109891300,64,Femenino,Chicago,Medio,5,25.39,No,No,Carnes,No,Tarjeta,3075,Carnes,32.0,4.3125,49.65625,0.45177260331445357
6676450587,50,Masculino,Chicago,Medio,4,21.53,No,Sí,Vegetariano,No,Tarjeta,3308,Vegetariano/Vegano,2.0,4.1,847.0,0.02648563557654467
2212069537,32,Masculino,Chicago,Alto,4,17.21,No,Sí,Carnes,Sí,App,8820,Carnes,32.0,4.3125,49.65625,0.45177260331445357
2881342606,21,Femenino,Chicago,Alto,5,16.54,Sí,Sí,Pescado,Sí,Tarjeta,5362,Mariscos y pescado,21.0,4.409523809523809,59.142857142857146,0.37930756843800323
1641889887,51,Femenino,Chicago,Alto,6,37.87,Sí,Sí,Pescado,Sí,App,5511,Mariscos y pescado,21.0,4.409523809523809,59.142857142857146,0.37930756843800323
7914010874,37,Femenino,Chicago,Bajo,2,6.57,No,Sí,Vegetariano,No,Efectivo,1538,Vegetariano/Vegano,2.0,4.1,847.0,0.02648563557654467
5580715652,38,Femenino,Chicago,Alto,6,26.02,Sí,No,Pescado,Sí,Tarjeta,7189,Mariscos y pescado,21.0,4.409523809523809,59.142857142857146,0.37930756843800323
7202879915,31,Femenino,Chicago,Medio,5,14.01,Sí,No,Carnes,No,Efectivo,2386,Carnes,32.0,4.3125,49.65625,0.45177260331445357
7271837118,27,Femenino,Chicago,Medio,2,17.02,Sí,Sí,Carnes,No,Criptomoneda,2985,Carnes,32.0,4.3125,49.65625,0.45177260331445357
5513676403,28,Masculino,Chicago,Alto,5,17.94,No,No,Sin dato,Sí,Tarjeta,5880,Sin dato,,,,
8457268473,39,Femenino,Chicago,Alto,5,36.8,Sí,Sí,Vegetariano,Sí,Tarjeta,4909,Vegetariano/Vegano,2.0,4.1,847.0,0.02648563557654467
3208422084,72,Masculino,Chicago,Bajo,2,7.72,No,No,Vegano,No,Efectivo,1206,Vegetariano/Vegano,2.0,4.1,847.0,0.02648563557654467
3209589489,52,Masculino,Chicago,Alto,4,9.82,Sí,No,Pescado,Sí,Efectivo,6064,Mariscos y pescado,21.0,4.409523809523809,59.142857142857146,0.37930756843800323
1911648705,18,Masculino,Chicago,Medio,2,15.86,No,Sí,Carnes,No,Efectivo,2443,Carnes,32.0,4.3125,49.65625,0.45177260331445357
2086680310,53,Femenino,Chicago,Medio,3,8.46,No,No,Vegano,No,Efectivo,3460,Vegetariano/Vegano,2.0,4.1,847.0,0.02648563557654467
9754446168,22,Femenino,Chicago,Muy Alto,7,8.93,Sí,Sí,Mariscos,Sí,Tarjeta,16576,Mariscos y pescado,21.0,4.409523809523809,59.142857142857146,0.37930756843800323
3161931577,59,Femenino,Chicago,Muy Alto,7,53.35,No,No,Vegetariano,Sí,Tarjeta,9938,Vegetariano/Vegano,2.0,4.1,847.0,0.02648563557654467
3784783625,66,Masculino,Chicago,Bajo,0,0.0,No,Sí,Pescado,No,Tarjeta,1175,Mariscos y pescado,21.0,4.409523809523809,59.142857142857146,0.37930756843800323
3219862116,54,Masculino,Chicago,Medio,5,10.02,Sí,No,Otro,No,App,2063,Otro,191.0,4.39738219895288,3.094240837696335,7.250028200789622
2914554078,49,Masculino,Chicago,Alto,6,44.71,Sí,No,Otro,No,Tarjeta,5742,Otro,191.0,4.39738219895288,3.094240837696335,7.250028200789622
6124563547,73,Masculino,Chicago,Alto,5,34.38,No,No,Vegano,Sí,App,8454,Vegetariano/Vegano,2.0,4.1,847.0,0.02648563557654467
9292636884,27,Femenino,Chicago,Medio,5,12.82,Sí,Sí,Vegetariano,No,Tarjeta,3088,Vegetariano/Vegano,2.0,4.1,847.0,0.02648563557654467
4889978691,26,Masculino,Chicago,Medio,2,5.92,No,No,Carnes,No,Efectivo,3050,Carnes,32.0,4.3125,49.65625,0.45177260331445357
2056853355,32,Masculino,Chicago,Bajo,3,6.02,Sí,No,Pescado,No,App,1134,Mariscos y pescado,21.0,4.409523809523809,59.142857142857146,0.37930756843800323
2378507697,68,Femenino,Chicago,Alto,5,59.52,Sí,No,Carnes,Sí,Tarjeta,7907,Carnes,32.0,4.3125,49.65625,0.45177260331445357
5889794652,61,Femenino,Chicago,Muy Alto,7,68.65,Sí,Sí,Vegano,Sí,Tarjeta,17550,Vegetariano/Vegano,2.0,4.1,847.0,0.02648563557654467
8845255956,76,Masculino,Chicago,Medio,2,27.66,Sí,No,Vegetariano,No,Efectivo,2807,Vegetariano/Vegano,2.0,4.1,847.0,0.02648563557654467
4473306055,32,Femenino,Chicago,Bajo,2,6.85,Sí,Sí,Carnes,No,App,1135,Carnes,32.0,4.3125,49.65625,0.45177260331445357
1856778208,34,Masculino,Chicago,Bajo,1,5.31,Sí,Sí,Carnes,No,Tarjeta,1574,Carnes,32.0,4.3125,49.65625,0.45177260331445357
4261977356,47,Masculino,Chicago,Muy Alto,9,74.57,Sí,Sí,Vegetariano,Sí,Tarjeta,11893,Vegetariano/Vegano,2.0,4.1,847.0,0.02648563557654467
1891381682,74,Masculino,Chicago,Bajo,1,5.3,Sí,No,Otro,No,Efectivo,1195,Otro,191.0,4.39738219895288,3.094240837696335,7.250028200789622
1457988738,24,Masculino,Chicago,Medio,3,26.15,No,No,Carnes,No,Tarjeta,1627,Carnes,32.0,4.3125,49.65625,0.45177260331445357
7542604726,27,Masculino,Chicago,Bajo,2,7.64,Sí,Sí,Vegano,No,Efectivo,1351,Vegetariano/Vegano,2.0,4.1,847.0,0.02648563557654467
4287687478,68,Masculino,Chicago,Medio,5,26.33,Sí,Sí,Sin dato,No,Tarjeta,3429,Sin dato,,,,
8706438472,80,Femenino,Chicago,Bajo,1,8.73,Sí,No,Mariscos,No,Tarjeta,1388,Mariscos y pescado,21.0,4.409523809523809,59.142857142857146,0.37930756843800323
8696935879,59,Femenino,Chicago,Alto,4,6.42,No,No,Carnes,Sí,Efectivo,3720,Carnes,32.0,4.3125,49.65625,0.45177260331445357
5440351015,20,Masculino,Chicago,Medio,3,16.44,Sí,Sí,Vegano,No,Efectivo,2961,Vegetariano/Vegano,2.0,4.1,847.0,0.02648563557654467
7377696905,71,Masculino,Chicago,Bajo,3,8.63,Sí,No,Vegetariano,No,Efectivo,985,Vegetariano/Vegano,2.0,4.1,847.0,0.02648563557654467
3496697192,50,Femenino,Chicago,Medio,5,24.69,No,No,Vegano,No,Efectivo,2323,Vegetariano/Vegano,2.0,4.1,847.0,0.02648563557654467
6661427336,34,Masculino,Chicago,Medio,4,17.66,Sí,No,Carnes,No,App,2552,Carnes,32.0,4.3125,49.65625,0.45177260331445357
5377604860,49,Masculino,Chicago,Bajo,1,5.18,No,No,Pescado,No,Efectivo,1394,Mariscos y pescado,21.0,4.409523809523809,59.142857142857146,0.37930756843800323
1394235376,63,Masculino,Chicago,Medio,5,25.41,No,Sí,Carnes,No,Tarjeta,1966,Carnes,32.0,4.3125,49.65625,0.45177260331445357
1379088056,76,Femenino,Chicago,Medio,5,11.3,No,Sí,Vegetariano,Sí,Tarjeta,3176,Vegetariano/Vegano,2.0,4.1,847.0,0.02648563557654467
7204980367,44,Femenino,Chicago,Alto,4,12.87,No,Sí,Mariscos,No,App,4168,Mariscos y pescado,21.0,4.409523809523809,59.142857142857146,0.37930756843800323
3886955525,33,Masculino,Chicago,Medio,3,17.07,No,Sí,Carnes,No,Tarjeta,2646,Carnes,32.0,4.3125,49.65625,0.45177260331445357
7723662655,54,Masculino,Chicago,Medio,5,18.04,Sí,No,Otro,No,App,2967,Otro,191.0,4.39738219895288,3.094240837696335,7.250028200789622
3486504625,72,Masculino,Chicago,Muy Alto,10,95.23,Sí,No,Mariscos,Sí,Efectivo,16272,Mariscos y pescado,21.0,4.409523809523809,59.142857142857146,0.37930756843800323
7393250879,55,Femenino,Chicago,Muy Alto,9,11.8,Sí,Sí,Vegetariano,Sí,Tarjeta,10497,Vegetariano/Vegano,2.0,4.1,847.0,0.02648563557654467
9456944029,78,Femenino,Chicago,Alto,6,45.19,Sí,Sí,Vegano,Sí,Efectivo,5825,Vegetariano/Vegano,2.0,4.1,847.0,0.02648563557654467
9570157526,49,Masculino,Chicago,Alto,5,32.46,Sí,No,Otro,Sí,Efectivo,4782,Otro,191.0,4.39738219895288,3.094240837696335,7.250028200789622
5455048748,55,Femenino,Chicago,Medio,2,24.31,Sí,No,Mariscos,No,Tarjeta,2183,Mariscos y pescado,21.0,4.409523809523809,59.142857142857146,0.37930756843800323
2916728422,23,Masculino,Chicago,Alto,6,35.06,No,Sí,Vegetariano,Sí,Tarjeta,3681,Vegetariano/Vegano,2.0,4.1,847.0,0.02648563557654467
3133234079,49,Masculino,Chicago,Medio,3,11.22,Sí,Sí,Carnes,No,Efectivo,2173,Carnes,32.0,4.3125,49.65625,0.45177260331445357
2233203084,36,Femenino,Chicago,Bajo,0,0.0,Sí,Sí,Vegetariano,No,Tarjeta,1256,Vegetariano/Vegano,2.0,4.1,847.0,0.02648563557654467
4114469844,56,Masculino,Chicago,Alto,4,40.19,No,Sí,Mariscos,Sí,App,5891,Mariscos y pescado,21.0,4.409523809523809,59.142857142857146,0.37930756843800323
6700029200,64,Femenino,Chicago,Bajo,0,0.0,Sí,No,Vegetariano,No,Tarjeta,1197,Vegetariano/Vegano,2.0,4.1,847.0,0.02648563557654467
8453233454,80,Masculino,Chicago,Medio,4,21.14,Sí,No,Mariscos,No,App,2612,Mariscos y pescado,21.0,4.409523809523809,59.142857142857146,0.37930756843800323
9763943705,76,Masculino,Chicago,Muy Alto,8,65.01,No,No,Vegetariano,Sí,App,14260,Vegetariano/Vegano,2.0,4.1,847.0,0.02648563557654467
2084083707,77,Femenino,Chicago,Muy Alto,7,7.93,Sí,No,Mariscos,Sí,Efectivo,13962,Mariscos y pescado,21.0,4.409523809523809,59.142857142857146,0.37930756843800323
3537868976,31,Masculino,Chicago,Medio,4,17.34,Sí,Sí,Carnes,No,Tarjeta,3249,Carnes,32.0,4.3125,49.65625,0.45177260331445357
9395351774,42,Masculino,Chicago,Bajo,0,0.0,Sí,No,Carnes,No,Efectivo,1512,Carnes,32.0,4.3125,49.65625,0.45177260331445357
9699361254,33,Masculino,Chicago,Muy Alto,9,37.92,Sí,No,Otro,Sí,App,13640,Otro,191.0,4.39738219895288,3.094240837696335,7.250028200789622
1062966273,46,Femenino,Chicago,Muy Alto,8,63.38,No,Sí,Otro,Sí,Efectivo,10533,Otro,191.0,4.39738219895288,3.094240837696335,7.250028200789622
4401573612,75,Masculino,Chicago,Alto,5,57.92,No,No,Carnes,Sí,Tarjeta,7967,Carnes,32.0,4.3125,49.65625,0.45177260331445357
8182541746,52,Masculino,Chicago,Alto,4,35.8,Sí,Sí,Mariscos,Sí,Tarjeta,6549,Mariscos y pescado,21.0,4.409523809523809,59.142857142857146,0.37930756843800323
3914231895,61,Femenino,Chicago,Bajo,1,9.97,No,Sí,Vegetariano,No,App,873,Vegetariano/Vegano,2.0,4.1,847.0,0.02648563557654467
5808769393,72,Masculino,Chicago,Medio,3,19.72,Sí,No,Carnes,Sí,Tarjeta,2930,Carnes,32.0,4.3125,49.65625,0.45177260331445357
1932901824,39,Masculino,Chicago,Medio,4,21.45,No,Sí,Vegetariano,No,Efectivo,3092,Vegetariano/Vegano,2.0,4.1,847.0,0.02648563557654467
6306659694,72,Masculino,Chicago,Medio,3,7.25,Sí,Sí,Carnes,Sí,Efectivo,2350,Carnes,32.0,4.3125,49.65625,0.45177260331445357
6167646708,52,Masculino,Chicago,Muy Alto,7,74.44,Sí,No,Otro,Sí,Tarjeta,11987,Otro,191.0,4.39738219895288,3.094240837696335,7.250028200789622
1338882832,35,Masculino,Chicago,Bajo,3,6.28,No,Sí,Carnes,No,Efectivo,813,Carnes,32.0,4.3125,49.65625,0.45177260331445357
5386637801,75,Femenino,Chicago,Alto,4,47.46,Sí,Sí,Mariscos,No,Tarjeta,7743,Mariscos y pescado,21.0,4.409523809523809,59.142857142857146,0.37930756843800323
7364506926,54,Femenino,Chicago,Muy Alto,6,49.78,Sí,No,Vegetariano,Sí,Tarjeta,12750,Vegetariano/Vegano,2.0,4.1,847.0,0.02648563557654467
5169624957,32,Femenino,Chicago,Alto,6,12.91,Sí,Sí,Carnes,No,Efectivo,7517,Carnes,32.0,4.3125,49.65625,0.45177260331445357
5322359258,72,Masculino,Chicago,Muy Alto,5,33.28,Sí,No,Otro,Sí,Efectivo,14508,Otro,191.0,4.39738219895288,3.094240837696335,7.250028200789622
9105079674,22,Femenino,Chicago,Muy Alto,5,84.37,No,Sí,Pescado,Sí,Tarjeta,15386,Mariscos y pescado,21.0,4.409523809523809,59.142857142857146,0.37930756843800323
7940878005,57,Femenino,Chicago,Muy Alto,10,15.55,Sí,Sí,Otro,Sí,Tarjeta,16892,Otro,191.0,4.39738219895288,3.094240837696335,7.250028200789622
7454380175,75,Femenino,Chicago,Medio,4,27.96,No,No,Otro,Sí,App,3191,Otro,191.0,4.39738219895288,3.094240837696335,7.250028200789622
1948937453,70,Femenino,Chicago,Medio,4,14.35,Sí,Sí,Carnes,No,App,1711,Carnes,32.0,4.3125,49.65625,0.45177260331445357
2401220813,26,Femenino,Chicago,Muy Alto,6,20.67,No,Sí,Vegetariano,Sí,Efectivo,10548,Vegetariano/Vegano,2.0,4.1,847.0,0.02648563557654467
5839949187,18,Masculino,Chicago,Medio,2,7.96,No,Sí,Pescado,No,Efectivo,2792,Mariscos y pescado,21.0,4.409523809523809,59.142857142857146,0.37930756843800323
6132068458,77,Masculino,Chicago,Bajo,2,9.52,Sí,No,Otro,No,Efectivo,1080,Otro,191.0,4.39738219895288,3.094240837696335,7.250028200789622
1147617239,38,Masculino,Chicago,Medio,4,9.92,Sí,No,Mariscos,Sí,Efectivo,2896,Mariscos y pescado,21.0,4.409523809523809,59.142857142857146,0.37930756843800323
4129590603,34,Masculino,Chicago,Muy Alto,5,12.42,No,Sí,Vegano,Sí,App,17167,Vegetariano/Vegano,2.0,4.1,847.0,0.02648563557654467
5035616611,73,Masculino,Chicago,Muy Alto,6,24.37,No,Sí,Mariscos,Sí,Efectivo,11592,Mariscos y pescado,21.0,4.409523809523809,59.142857142857146,0.37930756843800323
8934292253,49,Masculino,Chicago,Medio,5,17.57,Sí,Sí,Carnes,No,Efectivo,2002,Carnes,32.0,4.3125,49.65625,0.45177260331445357
8792981656,72,Femenino,Chicago,Bajo,1,8.72,No,Sí,Vegetariano,No,Efectivo,1263,Vegetariano/Vegano,2.0,4.1,847.0,0.02648563557654467
8664760500,30,Femenino,Chicago,Medio,2,22.45,No,Sí,Carnes,No,Efectivo,2072,Carnes,32.0,4.3125,49.65625,0.45177260331445357
8486541975,25,Masculino,Chicago,Medio,5,17.31,Sí,Sí,Vegetariano,No,Tarjeta,3307,Vegetariano/Vegano,2.0,4.1,847.0,0.02648563557654467
7390043735,54,Masculino,Chicago,Alto,5,30.29,No,No,Vegetariano,Sí,Efectivo,5505,Vegetariano/Vegano,2.0,4.1,847.0,0.02648563557654467
8517357684,35,Femenino,Chicago,Medio,5,12.35,No,Sí,Carnes,No,Efectivo,3280,Carnes,32.0,4.3125,49.65625,0.45177260331445357
9417116826,56,Masculino,Chicago,Muy Alto,9,69.93,No,No,Carnes,Sí,Efectivo,10481,Carnes,32.0,4.3125,49.65625,0.45177260331445357
1553155490,40,Femenino,Chicago,Bajo,0,0.0,Sí,Sí,Carnes,No,Efectivo,1004,Carnes,32.0,4.3125,49.65625,0.45177260331445357
3347715190,70,Masculino,Chicago,Muy Alto,8,68.63,Sí,Sí,Vegetariano,Sí,Efectivo,16265,Vegetariano/Vegano,2.0,4.1,847.0,0.02648563557654467
6700521446,23,Masculino,Chicago,Muy Alto,6,8.25,Sí,Sí,Carnes,Sí,Efectivo,9911,Carnes,32.0,4.3125,49.65625,0.45177260331445357
8108763502,54,Femenino,Chicago,Alto,5,19.84,No,Sí,Carnes,Sí,App,5415,Carnes,32.0,4.3125,49.65625,0.45177260331445357
2550511237,29,Masculino,Chicago,Alto,5,45.03,No,Sí,Sin dato,Sí,Tarjeta,3622,Sin dato,,,,
1061266588,63,Masculino,Chicago,Alto,5,13.19,No,Sí,Vegetariano,No,Efectivo,3552,Vegetariano/Vegano,2.0,4.1,847.0,0.02648563557654467
1601683984,40,Masculino,Chicago,Medio,2,9.94,No,Sí,Vegetariano,Sí,Tarjeta,1664,Vegetariano/Vegano,2.0,4.1,847.0,0.02648563557654467
4372386632,42,Masculino,Chicago,Muy Alto,7,63.21,No,Sí,Vegano,Sí,Efectivo,10192,Vegetariano/Vegano,2.0,4.1,847.0,0.02648563557654467
8440776496,45,Femenino,Chicago,Bajo,1,6.44,Sí,No,Carnes,No,Efectivo,1221,Carnes,32.0,4.3125,49.65625,0.45177260331445357
4587839741,78,Femenino,Chicago,Muy Alto,6,59.33,No,Sí,Vegetariano,Sí,Efectivo,17442,Vegetariano/Vegano,2.0,4.1,847.0,0.02648563557654467
7032388799,31,Masculino,Chicago,Muy Alto,9,65.79,No,Sí,Vegetariano,Sí,Tarjeta,12162,Vegetariano/Vegano,2.0,4.1,847.0,0.02648563557654467
3409640440,69,Femenino,Chicago,Medio,3,17.67,No,Sí,Carnes,No,App,2328,Carnes,32.0,4.3125,49.65625,0.45177260331445357
1028834177,28,Femenino,Chicago,Medio,3,21.83,No,Sí,Carnes,No,Efectivo,2227,Carnes,32.0,4.3125,49.65625,0.45177260331445357
8311872268,59,Masculino,Chicago,Bajo,2,8.8,No,No,Carnes,No,App,879,Carnes,32.0,4.3125,49.65625,0.45177260331445357
8497052444,73,Masculino,Chicago,Bajo,2,9.06,Sí,No,Pescado,No,Efectivo,1019,Mariscos y pescado,21.0,4.409523809523809,59.142857142857146,0.37930756843800323
9366141694,32,Femenino,Chicago,Medio,4,5.24,No,Sí,Otro,No,Tarjeta,2393,Otro,191.0,4.39738219895288,3.094240837696335,7.250028200789622
5229174084,37,Masculino,Chicago,Medio,2,19.19,Sí,No,Otro,Sí,Efectivo,3188,Otro,191.0,4.39738219895288,3.094240837696335,7.250028200789622
9298095107,32,Masculino,Chicago,Alto,6,40.93,No,Sí,Mariscos,Sí,Tarjeta,8212,Mariscos y pescado,21.0,4.409523809523809,59.142857142857146,0.37930756843800323
9921699273,79,Femenino,Chicago,Bajo,0,0.0,No,No,Carnes,No,App,1188,Carnes,32.0,4.3125,49.65625,0.45177260331445357
1335454449,61,Masculino,Chicago,Bajo,3,9.34,No,Sí,Otro,No,Efectivo,941,Otro,191.0,4.39738219895288,3.094240837696335,7.250028200789622
8197340689,25,Masculino,Chicago,Muy Alto,9,76.06,No,Sí,Mariscos,Sí,Tarjeta,9504,Mariscos y pescado,21.0,4.409523809523809,59.142857142857146,0.37930756843800323
6580604174,43,Masculino,Chicago,Alto,6,17.13,No,No,Vegano,Sí,Efectivo,6438,Vegetariano/Vegano,2.0,4.1,847.0,0.02648563557654467
9127852657,29,Femenino,Chicago,Medio,5,10.55,Sí,Sí,Carnes,Sí,App,3419,Carnes,32.0,4.3125,49.65625,0.45177260331445357
8131455756,80,Masculino,Chicago,Muy Alto,8,104.01,No,No,Mariscos,Sí,App,12692,Mariscos y pescado,21.0,4.409523809523809,59.142857142857146,0.37930756843800323
6774514149,38,Femenino,Chicago,Bajo,1,7.76,No,No,Vegetariano,No,Tarjeta,1041,Vegetariano/Vegano,2.0,4.1,847.0,0.02648563557654467
2377469224,29,Femenino,Chicago,Alto,6,5.39,Sí,Sí,Carnes,No,Efectivo,7950,Carnes,32.0,4.3125,49.65625,0.45177260331445357
9159876163,29,Femenino,Chicago,Alto,6,35.52,No,Sí,Carnes,Sí,Tarjeta,6912,Carnes,32.0,4.3125,49.65625,0.45177260331445357
6413407687,19,Femenino,Chicago,Alto,4,17.6,Sí,Sí,Mariscos,Sí,Efectivo,5839,Mariscos y pescado,21.0,4.409523809523809,59.142857142857146,0.37930756843800323
6372506646,27,Masculino,Chicago,Medio,5,10.5,No,Sí,Sin dato,No,Tarjeta,3073,Sin dato,,,,
1192969175,47,Femenino,Chicago,Medio,5,7.53,Sí,Sí,Otro,No,App,2885,Otro,191.0,4.39738219895288,3.094240837696335,7.250028200789622
3381691296,25,Masculino,Chicago,Medio,5,26.35,Sí,Sí,Vegetariano,No,Efectivo,2622,Vegetariano/Vegano,2.0,4.1,847.0,0.02648563557654467
6353758928,52,Femenino,Chicago,Alto,6,16.31,Sí,No,Pescado,Sí,Tarjeta,6853,Mariscos y pescado,21.0,4.409523809523809,59.142857142857146,0.37930756843800323
8710334610,80,Femenino,Chicago,Muy Alto,7,18.58,No,No,Vegetariano,Sí,App,17057,Vegetariano/Vegano,2.0,4.1,847.0,0.02648563557654467
2953863961,49,Masculino,Chicago,Alto,6,35.5,No,No,Pescado,Sí,App,6663,Mariscos y pescado,21.0,4.409523809523809,59.142857142857146,0.37930756843800323
5260523439,20,Femenino,Chicago,Medio,4,28.36,Sí,Sí,Carnes,No,App,1653,Carnes,32.0,4.3125,49.65625,0.45177260331445357
1164504900,55,Femenino,Chicago,Alto,4,11.16,Sí,Sí,Vegano,Sí,Tarjeta,4303,Vegetariano/Vegano,2.0,4.1,847.0,0.02648563557654467
8438520404,43,Masculino,Chicago,Bajo,1,6.78,Sí,No,Vegetariano,No,App,1109,Vegetariano/Vegano,2.0,4.1,847.0,0.02648563557654467
3136984143,76,Masculino,Chicago,Bajo,0,0.0,No,No,Vegetariano,No,App,1550,Vegetariano/Vegano,2.0,4.1,847.0,0.02648563557654467
5745338247,76,Masculino,Chicago,Medio,3,13.15,Sí,No,Vegetariano,No,Efectivo,1788,Vegetariano/Vegano,2.0,4.1,847.0,0.02648563557654467
8303966961,40,Masculino,Chicago,Muy Alto,6,69.23,No,Sí,Vegetariano,Sí,App,11772,Vegetariano/Vegano,2.0,4.1,847.0,0.02648563557654467
6722035083,63,Femenino,Chicago,Alto,5,27.75,Sí,Sí,Vegano,No,Tarjeta,5680,Vegetariano/Vegano,2.0,4.1,847.0,0.02648563557654467
5844171168,20,Femenino,Chicago,Medio,4,5.29,No,Sí,Vegetariano,No,Tarjeta,2974,Vegetariano/Vegano,2.0,4.1,847.0,0.02648563557654467
2635436629,32,Masculino,Chicago,Medio,3,12.49,No,Sí,Vegano,Sí,Efectivo,2833,Vegetariano/Vegano,2.0,4.1,847.0,0.02648563557654467
3301175286,76,Masculino,Chicago,Medio,4,25.64,Sí,No,Vegetariano,Sí,App,2054,Vegetariano/Vegano,2.0,4.1,847.0,0.02648563557654467
8197884940,34,Masculino,Chicago,Alto,4,42.97,Sí,No,Carnes,Sí,Efectivo,6269,Carnes,32.0,4.3125,49.65625,0.45177260331445357
3271810528,31,Masculino,Chicago,Medio,4,29.22,No,Sí,Mariscos,No,Efectivo,1887,Mariscos y pescado,21.0,4.409523809523809,59.142857142857146,0.37930756843800323
2939605341,62,Femenino,Chicago,Medio,5,20.76,No,Sí,Otro,No,Efectivo,2089,Otro,191.0,4.39738219895288,3.094240837696335,7.250028200789622
5075917481,19,Masculino,Chicago,Medio,5,6.43,Sí,Sí,Otro,No,Tarjeta,2964,Otro,191.0,4.39738219895288,3.094240837696335,7.250028200789622
2676338980,73,Masculino,Chicago,Bajo,2,6.92,Sí,No,Vegetariano,No,App,1374,Vegetariano/Vegano,2.0,4.1,847.0,0.02648563557654467
2012034523,39,Femenino,Chicago,Alto,4,51.0,No,Sí,Carnes,No,App,7133,Carnes,32.0,4.3125,49.65625,0.45177260331445357
5103162544,77,Masculino,Chicago,Muy Alto,6,72.32,Sí,Sí,Carnes,Sí,Tarjeta,13807,Carnes,32.0,4.3125,49.65625,0.45177260331445357
3922334868,55,Masculino,Chicago,Medio,5,27.3,No,No,Carnes,No,App,1967,Carnes,32.0,4.3125,49.65625,0.45177260331445357
7659496134,79,Masculino,Chicago,Bajo,3,7.6,No,No,Mariscos,No,Tarjeta,1354,Mariscos y pescado,21.0,4.409523809523809,59.142857142857146,0.37930756843800323
6708196810,31,Masculino,Chicago,Muy Alto,8,27.47,No,No,Vegetariano,Sí,Efectivo,9888,Vegetariano/Vegano,2.0,4.1,847.0,0.02648563557654467
3505651251,57,Femenino,Chicago,Alto,6,11.84,Sí,Sí,Carnes,No,Efectivo,5220,Carnes,32.0,4.3125,49.65625,0.45177260331445357
8768199216,43,Masculino,Chicago,Alto,5,5.37,No,Sí,Vegetariano,No,App,7531,Vegetariano/Vegano,2.0,4.1,847.0,0.02648563557654467
9539979154,28,Masculino,Chicago,Medio,2,19.7,No,Sí,Vegetariano,No,Tarjeta,3066,Vegetariano/Vegano,2.0,4.1,847.0,0.02648563557654467
7598186836,36,Masculino,Chicago,Medio,2,10.57,No,Sí,Vegetariano,No,Tarjeta,3443,Vegetariano/Vegano,2.0,4.1,847.0,0.02648563557654467
8249244683,49,Femenino,Chicago,Alto,4,56.27,Sí,Sí,Vegetariano,No,App,4904,Vegetariano/Vegano,2.0,4.1,847.0,0.02648563557654467
6294297230,52,Femenino,Chicago,Muy Alto,7,49.2,No,No,Mariscos,No,Tarjeta,9588,Mariscos y pescado,21.0,4.409523809523809,59.142857142857146,0.37930756843800323
6505786272,33,Femenino,Chicago,Muy Alto,9,69.36,Sí,No,Carnes,Sí,Efectivo,10705,Carnes,32.0,4.3125,49.65625,0.45177260331445357
9114346734,34,Femenino,Chicago,Alto,4,43.61,Sí,Sí,Otro,Sí,Tarjeta,5523,Otro,191.0,4.39738219895288,3.094240837696335,7.250028200789622
7083067988,19,Femenino,Chicago,Bajo,2,5.61,No,Sí,Vegetariano,No,Tarjeta,1474,Vegetariano/Vegano,2.0,4.1,847.0,0.02648563557654467
6787580727,30,Femenino,Chicago,Medio,3,21.54,No,Sí,Vegano,No,Tarjeta,3406,Vegetariano/Vegano,2.0,4.1,847.0,0.02648563557654467
6059488803,59,Femenino,Chicago,Bajo,1,5.31,No,Sí,Mariscos,No,Efectivo,1096,Mariscos y pescado,21.0,4.409523809523809,59.142857142857146,0.37930756843800323
3034708132,35,Masculino,Chicago,Medio,4,14.3,Sí,Sí,Carnes,No,App,2627,Carnes,32.0,4.3125,49.65625,0.45177260331445357
5386868563,20,Femenino,Chicago,Bajo,2,7.23,No,Sí,Vegetariano,No,Tarjeta,1074,Vegetariano/Vegano,2.0,4.1,847.0,0.02648563557654467
9492935196,19,Masculino,Chicago,Medio,4,27.21,Sí,Sí,Vegetariano,Sí,Tarjeta,1917,Vegetariano/Vegano,2.0,4.1,847.0,0.02648563557654467
4638292954,76,Masculino,Chicago,Bajo,0,0.0,No,No,Vegano,No,Efectivo,1292,Vegetariano/Vegano,2.0,4.1,847.0,0.02648563557654467
5043030920,29,Masculino,Chicago,Muy Alto,8,7.74,No,Sí,Otro,Sí,Tarjeta,11420,Otro,191.0,4.39738219895288,3.094240837696335,7.250028200789622
6875760028,20,Femenino,Chicago,Muy Alto,8,71.31,Sí,Sí,Pescado,Sí,Efectivo,14914,Mariscos y pescado,21.0,4.409523809523809,59.142857142857146,0.37930756843800323
1378134712,21,Masculino,Chicago,Alto,5,35.09,Sí,Sí,Mariscos,Sí,Tarjeta,7868,Mariscos y pescado,21.0,4.409523809523809,59.142857142857146,0.37930756843800323
7669124006,63,Masculino,Chicago,Medio,5,23.2,Sí,Sí,Carnes,No,App,1974,Carnes,32.0,4.3125,49.65625,0.45177260331445357
3755618874,27,Femenino,Chicago,Medio,5,21.98,Sí,Sí,Carnes,No,App,3250,Carnes,32.0,4.3125,49.65625,0.45177260331445357
4454487559,24,Masculino,Chicago,Medio,4,8.44,Sí,Sí,Pescado,No,App,2588,Mariscos y pescado,21.0,4.409523809523809,59.142857142857146,0.37930756843800323
4799083636,43,Femenino,Chicago,Medio,4,24.12,No,No,Pescado,No,Efectivo,1847,Mariscos y pescado,21.0,4.409523809523809,59.142857142857146,0.37930756843800323
8104390575,59,Femenino,Chicago,Muy Alto,5,25.48,Sí,Sí,Pescado,Sí,Tarjeta,14611,Mariscos y pescado,21.0,4.409523809523809,59.142857142857146,0.37930756843800323
5871107480,61,Masculino,Chicago,Alto,6,32.97,No,No,Pescado,Sí,Tarjeta,4337,Mariscos y pescado,21.0,4.409523809523809,59.142857142857146,0.37930756843800323
3962452613,74,Masculino,Chicago,Medio,4,13.24,Sí,Sí,Mariscos,No,Tarjeta,2321,Mariscos y pescado,21.0,4.409523809523809,59.142857142857146,0.37930756843800323
1937614470,28,Femenino,Chicago,Bajo,0,0.0,No,Sí,Otro,No,Efectivo,1596,Otro,191.0,4.39738219895288,3.094240837696335,7.250028200789622
8388975352,26,Masculino,Chicago,Medio,2,5.84,No,Sí,Vegetariano,No,Efectivo,2958,Vegetariano/Vegano,2.0,4.1,847.0,0.02648563557654467
7080764576,77,Masculino,Chicago,Alto,5,18.63,No,No,Otro,Sí,Tarjeta,6421,Otro,191.0,4.39738219895288,3.094240837696335,7.250028200789622
3245260270,52,Masculino,Chicago,Bajo,2,7.18,No,No,Carnes,No,App,1458,Carnes,32.0,4.3125,49.65625,0.45177260331445357
9506363475,78,Femenino,Chicago,Muy Alto,7,95.74,No,No,Carnes,Sí,Tarjeta,13978,Carnes,32.0,4.3125,49.65625,0.45177260331445357
7824021560,75,Femenino,Chicago,Alto,6,45.78,Sí,Sí,Otro,Sí,Efectivo,8262,Otro,191.0,4.39738219895288,3.094240837696335,7.250028200789622
4794051620,53,Masculino,Chicago,Bajo,3,9.84,No,Sí,Carnes,No,Tarjeta,1594,Carnes,32.0,4.3125,49.65625,0.45177260331445357
5980276724,37,Femenino,Chicago,Alto,5,27.13,Sí,No,Carnes,Sí,App,7423,Carnes,32.0,4.3125,49.65625,0.45177260331445357
7307173065,54,Femenino,Chicago,Muy Alto,8,47.82,No,No,Sin dato,Sí,App,10307,Sin dato,,,,
2591376682,75,Masculino,Chicago,Alto,6,59.06,No,No,Carnes,Sí,Efectivo,8098,Carnes,32.0,4.3125,49.65625,0.45177260331445357
5931947375,48,Femenino,Chicago,Medio,5,26.03,Sí,Sí,Carnes,No,Tarjeta,2906,Carnes,32.0,4.3125,49.65625,0.45177260331445357
3602486829,26,Femenino,Chicago,Medio,2,5.09,No,Sí,Mariscos,No,App,3358,Mariscos y pescado,21.0,4.409523809523809,59.142857142857146,0.37930756843800323
9412142507,60,Masculino,Chicago,Bajo,1,6.88,No,Sí,Carnes,No,Efectivo,1361,Carnes,32.0,4.3125,49.65625,0.45177260331445357
2225124755,31,Femenino,Chicago,Muy Alto,8,75.63,Sí,Sí,Pescado,Sí,Tarjeta,15677,Mariscos y pescado,21.0,4.409523809523809,59.142857142857146,0.37930756843800323
3787895119,73,Femenino,Chicago,Medio,3,5.55,No,Sí,Vegetariano,No,App,1648,Vegetariano/Vegano,2.0,4.1,847.0,0.02648563557654467
3078393766,71,Masculino,Chicago,Muy Alto,10,66.69,No,No,Vegano,Sí,App,14954,Vegetariano/Vegano,2.0,4.1,847.0,0.02648563557654467
3547412200,49,Masculino,Chicago,Medio,3,29.24,Sí,Sí,Vegano,No,Tarjeta,2537,Vegetariano/Vegano,2.0,4.1,847.0,0.02648563557654467
5918148433,78,Femenino,Chicago,Medio,3,17.12,No,Sí,Otro,No,Tarjeta,1872,Otro,191.0,4.39738219895288,3.094240837696335,7.250028200789622
5641539068,64,Femenino,Chicago,Medio,3,22.9,Sí,No,Vegetariano,No,App,3298,Vegetariano/Vegano,2.0,4.1,847.0,0.02648563557654467
1113870637,59,Masculino,Chicago,Medio,4,20.4,No,Sí,Vegetariano,No,App,2913,Vegetariano/Vegano,2.0,4.1,847.0,0.02648563557654467
7469293591,22,Masculino,Chicago,Alto,4,36.05,No,No,Vegetariano,Sí,Efectivo,6949,Vegetariano/Vegano,2.0,4.1,847.0,0.02648563557654467
3506204532,67,Masculino,Chicago,Alto,5,29.62,Sí,Sí,Mariscos,Sí,App,5336,Mariscos y pescado,21.0,4.409523809523809,59.142857142857146,0.37930756843800323
9475505437,29,Masculino,Chicago,Medio,2,10.46,No,Sí,Otro,No,Tarjeta,1712,Otro,191.0,4.39738219895288,3.094240837696335,7.250028200789622
9411765836,55,Femenino,Chicago,Medio,2,19.04,No,Sí,Carnes,No,Efectivo,2722,Carnes,32.0,4.3125,49.65625,0.45177260331445357
4297864575,29,Femenino,Chicago,Alto,5,15.5,Sí,Sí,Sin dato,No,Criptomoneda,4924,Sin dato,,,,
4941292832,24,Femenino,Chicago,Medio,3,24.15,No,Sí,Carnes,No,Tarjeta,2574,Carnes,32.0,4.3125,49.65625,0.45177260331445357
3856763483,72,Femenino,Chicago,Alto,6,37.85,Sí,Sí,Pescado,No,Tarjeta,7553,Mariscos y pescado,21.0,4.409523809523809,59.142857142857146,0.37930756843800323
9096071469,52,Masculino,Chicago,Medio,4,15.32,No,Sí,Pescado,No,App,2022,Mariscos y pescado,21.0,4.409523809523809,59.142857142857146,0.37930756843800323
9050856851,52,Masculino,Chicago,Alto,4,9.98,No,No,Carnes,Sí,App,7485,Carnes,32.0,4.3125,49.65625,0.45177260331445357
1037707143,52,Femenino,Chicago,Bajo,2,8.81,No,Sí,Vegano,No,Tarjeta,1436,Vegetariano/Vegano,2.0,4.1,847.0,0.02648563557654467
5641051170,30,Masculino,Chicago,Alto,4,31.63,Sí,Sí,Otro,No,App,6072,Otro,191.0,4.39738219895288,3.094240837696335,7.250028200789622
1932921278,30,Femenino,Chicago,Alto,6,25.66,No,Sí,Carnes,No,Tarjeta,6567,Carnes,32.0,4.3125,49.65625,0.45177260331445357
9430997415,67,Femenino,Chicago,Bajo,2,8.54,No,Sí,Mariscos,No,Efectivo,1592,Mariscos y pescado,21.0,4.409523809523809,59.142857142857146,0.37930756843800323
1442826314,30,Femenino,Chicago,Muy Alto,7,7.59,No,Sí,Carnes,Sí,Tarjeta,14760,Carnes,32.0,4.3125,49.65625,0.45177260331445357
2561924266,34,Masculino,Chicago,Bajo,3,7.83,Sí,No,Vegetariano,No,Tarjeta,1150,Vegetariano/Vegano,2.0,4.1,847.0,0.02648563557654467
1432549348,31,Masculino,Chicago,Medio,4,17.61,No,No,Carnes,No,Efectivo,1909,Carnes,32.0,4.3125,49.65625,0.45177260331445357
5934042475,69,Femenino,Chicago,Alto,6,58.35,Sí,Sí,Carnes,Sí,Efectivo,4079,Carnes,32.0,4.3125,49.65625,0.45177260331445357
5813534059,50,Masculino,Chicago,Medio,5,23.73,Sí,No,Mariscos,No,Tarjeta,2908,Mariscos y pescado,21.0,4.409523809523809,59.142857142857146,0.37930756843800323
7049586255,44,Masculino,Chicago,Alto,4,32.81,No,No,Vegetariano,Sí,App,5833,Vegetariano/Vegano,2.0,4.1,847.0,0.02648563557654467
1109673244,70,Femenino,Chicago,Alto,4,48.72,Sí,Sí,Vegetariano,Sí,App,7935,Vegetariano/Vegano,2.0,4.1,847.0,0.02648563557654467
2545797952,58,Masculino,Chicago,Medio,4,15.24,No,No,Carnes,No,App,2532,Carnes,32.0,4.3125,49.65625,0.45177260331445357
4021322191,27,Femenino,Chicago,Medio,5,16.97,No,Sí,Carnes,No,Efectivo,2214,Carnes,32.0,4.3125,49.65625,0.45177260331445357
3166860023,30,Femenino,Chicago,Alto,6,8.02,No,Sí,Vegano,Sí,App,5493,Vegetariano/Vegano,2.0,4.1,847.0,0.02648563557654467
2928097540,32,Femenino,Chicago,Alto,5,40.8,Sí,No,Vegetariano,Sí,App,7873,Vegetariano/Vegano,2.0,4.1,847.0,0.02648563557654467
5719001545,23,Femenino,Chicago,Alto,5,42.67,No,Sí,Vegano,Sí,Tarjeta,8349,Vegetariano/Vegano,2.0,4.1,847.0,0.02648563557654467
2911979713,35,Femenino,Chicago,Bajo,0,0.0,Sí,Sí,Mariscos,No,Tarjeta,921,Mariscos y pescado,21.0,4.409523809523809,59.142857142857146,0.37930756843800323
7272132968,58,Femenino,Chicago,Alto,6,42.24,Sí,No,Vegano,Sí,Efectivo,8953,Vegetariano/Vegano,2.0,4.1,847.0,0.02648563557654467
7018648122,41,Femenino,Chicago,Alto,6,59.14,Sí,No,Vegetariano,Sí,Efectivo,8351,Vegetariano/Vegano,2.0,4.1,847.0,0.02648563557654467
9851551233,79,Masculino,Chicago,Muy Alto,8,83.63,Sí,No,Pescado,Sí,Efectivo,17623,Mariscos y pescado,21.0,4.409523809523809,59.142857142857146,0.37930756843800323
1777846023,67,Masculino,Chicago,Muy Alto,6,42.48,Sí,Sí,Vegano,Sí,Criptomoneda,13564,Vegetariano/Vegano,2.0,4.1,847.0,0.02648563557654467
8809871735,25,Femenino,Chicago,Muy Alto,9,25.37,No,No,Carnes,Sí,Efectivo,12263,Carnes,32.0,4.3125,49.65625,0.45177260331445357
6989624736,68,Femenino,Chicago,Alto,6,9.52,Sí,No,Vegano,Sí,Efectivo,6952,Vegetariano/Vegano,2.0,4.1,847.0,0.02648563557654467
4481415390,21,Femenino,Chicago,Bajo,3,5.89,Sí,Sí,Pescado,No,Tarjeta,1338,Mariscos y pescado,21.0,4.409523809523809,59.142857142857146,0.37930756843800323
8572137003,59,Masculino,Chicago,Muy Alto,5,35.89,Sí,Sí,Carnes,Sí,Tarjeta,15701,Carnes,32.0,4.3125,49.65625,0.45177260331445357
5574575788,30,Masculino,Chicago,Medio,4,10.6,No,Sí,Mariscos,No,Tarjeta,3459,Mariscos y pescado,21.0,4.409523809523809,59.142857142857146,0.37930756843800323
4352408091,54,Masculino,Chicago,Alto,5,47.2,Sí,No,Carnes,Sí,App,4740,Carnes,32.0,4.3125,49.65625,0.45177260331445357
9462806178,73,Masculino,Chicago,Muy Alto,7,67.14,Sí,No,Vegetariano,Sí,App,15518,Vegetariano/Vegano,2.0,4.1,847.0,0.02648563557654467
4308407878,35,Masculino,Chicago,Medio,2,15.99,No,No,Carnes,No,Tarjeta,1843,Carnes,32.0,4.3125,49.65625,0.45177260331445357
2801493906,78,Femenino,Chicago,Medio,2,6.34,No,No,Pescado,No,Tarjeta,2907,Mariscos y pescado,21.0,4.409523809523809,59.142857142857146,0.37930756843800323
9757827766,40,Masculino,Chicago,Medio,4,14.1,Sí,Sí,Pescado,No,Tarjeta,2851,Mariscos y pescado,21.0,4.409523809523809,59.142857142857146,0.37930756843800323
5136607835,77,Femenino,Chicago,Medio,4,8.61,Sí,Sí,Carnes,No,Efectivo,2970,Carnes,32.0,4.3125,49.65625,0.45177260331445357
4638575113,43,Masculino,Chicago,Alto,4,24.39,Sí,Sí,Carnes,No,Efectivo,8804,Carnes,32.0,4.3125,49.65625,0.45177260331445357
9074244869,33,Femenino,Chicago,Alto,6,49.7,No,Sí,Mariscos,No,Tarjeta,5166,Mariscos y pescado,21.0,4.409523809523809,59.142857142857146,0.37930756843800323
2818381356,23,Masculino,Chicago,Alto,5,10.99,Sí,Sí,Vegano,No,App,5255,Vegetariano/Vegano,2.0,4.1,847.0,0.02648563557654467
7339824309,37,Masculino,Chicago,Muy Alto,7,49.9,No,Sí,Mariscos,Sí,App,15565,Mariscos y pescado,21.0,4.409523809523809,59.142857142857146,0.37930756843800323
9174259566,51,Masculino,Chicago,Alto,4,58.54,No,Sí,Pescado,Sí,App,7480,Mariscos y pescado,21.0,4.409523809523809,59.142857142857146,0.37930756843800323
9650944765,53,Masculino,Chicago,Bajo,1,8.15,No,Sí,Vegano,No,Efectivo,1339,Vegetariano/Vegano,2.0,4.1,847.0,0.02648563557654467
6037168610,48,Femenino,Chicago,Muy Alto,6,32.69,No,No,Mariscos,Sí,Tarjeta,16482,Mariscos y pescado,21.0,4.409523809523809,59.142857142857146,0.37930756843800323
6684731034,59,Masculino,Chicago,Medio,2,29.61,Sí,Sí,Mariscos,No,Efectivo,2204,Mariscos y pescado,21.0,4.409523809523809,59.142857142857146,0.37930756843800323
4298479493,69,Masculino,Chicago,Bajo,1,8.4,No,Sí,Otro,No,App,1337,Otro,191.0,4.39738219895288,3.094240837696335,7.250028200789622
8608203236,45,Femenino,Chicago,Alto,5,52.94,Sí,Sí,Mariscos,Sí,Tarjeta,5643,Mariscos y pescado,21.0,4.409523809523809,59.142857142857146,0.37930756843800323
1798483374,19,Masculino,Chicago,Medio,3,11.95,No,Sí,Carnes,No,Tarjeta,3389,Carnes,32.0,4.3125,49.65625,0.45177260331445357
7213328054,58,Femenino,Chicago,Alto,5,11.5,Sí,Sí,Carnes,Sí,Efectivo,4526,Carnes,32.0,4.3125,49.65625,0.45177260331445357
2556100457,54,Femenino,Chicago,Medio,3,25.66,Sí,No,Pescado,No,Tarjeta,3360,Mariscos y pescado,21.0,4.409523809523809,59.142857142857146,0.37930756843800323
3538581660,46,Masculino,Chicago,Alto,4,55.62,No,Sí,Carnes,No,App,8975,Carnes,32.0,4.3125,49.65625,0.45177260331445357
6145458987,25,Femenino,Chicago,Medio,4,26.95,Sí,Sí,Sin dato,Sí,Efectivo,2508,Sin dato,,,,
9195949248,32,Masculino,Chicago,Medio,3,12.44,No,No,Sin dato,No,Tarjeta,1946,Sin dato,,,,
7692375192,74,Masculino,Chicago,Bajo,3,8.7,No,No,Pescado,No,Tarjeta,1415,Mariscos y pescado,21.0,4.409523809523809,59.142857142857146,0.37930756843800323
7485728824,49,Masculino,Chicago,Alto,6,42.47,No,Sí,Carnes,Sí,Efectivo,4869,Carnes,32.0,4.3125,49.65625,0.45177260331445357
5986954186,49,Femenino,Chicago,Alto,4,52.58,Sí,Sí,Vegetariano,Sí,Tarjeta,5537,Vegetariano/Vegano,2.0,4.1,847.0,0.02648563557654467
4254556460,79,Masculino,Chicago,Alto,5,56.02,Sí,No,Otro,Sí,App,5600,Otro,191.0,4.39738219895288,3.094240837696335,7.250028200789622
6843137425,33,Masculino,Chicago,Bajo,1,8.73,Sí,Sí,Mariscos,No,Tarjeta,1471,Mariscos y pescado,21.0,4.409523809523809,59.142857142857146,0.37930756843800323
9573276057,23,Femenino,Chicago,Medio,4,6.04,No,Sí,Vegano,No,Tarjeta,2626,Vegetariano/Vegano,2.0,4.1,847.0,0.02648563557654467
9929387132,57,Femenino,Chicago,Alto,5,28.31,Sí,Sí,Vegano,Sí,Efectivo,5639,Vegetariano/Vegano,2.0,4.1,847.0,0.02648563557654467
2269041320,49,Masculino,Chicago,Medio,3,24.55,No,Sí,Carnes,No,Tarjeta,2279,Carnes,32.0,4.3125,49.65625,0.45177260331445357
6082707337,19,Masculino,Chicago,Medio,3,12.38,Sí,Sí,Vegano,No,Efectivo,2865,Vegetariano/Vegano,2.0,4.1,847.0,0.02648563557654467
4651911764,25,Femenino,Chicago,Bajo,1,5.8,Sí,Sí,Vegetariano,No,App,1395,Vegetariano/Vegano,2.0,4.1,847.0,0.02648563557654467
5653652250,70,Masculino,Chicago,Muy Alto,8,55.14,Sí,No,Carnes,Sí,App,11997,Carnes,32.0,4.3125,49.65625,0.45177260331445357
8869123941,70,Masculino,Chicago,Alto,5,54.56,Sí,Sí,Carnes,Sí,Criptomoneda,3511,Carnes,32.0,4.3125,49.65625,0.45177260331445357
3527258525,53,Femenino,Chicago,Medio,4,9.1,Sí,Sí,Mariscos,No,Efectivo,3324,Mariscos y pescado,21.0,4.409523809523809,59.142857142857146,0.37930756843800323
8754350767,72,Masculino,Chicago,Bajo,2,6.84,No,No,Carnes,No,Tarjeta,875,Carnes,32.0,4.3125,49.65625,0.45177260331445357
1354289787,59,Masculino,Chicago,Alto,4,53.18,Sí,Sí,Mariscos,Sí,Efectivo,4990,Mariscos y pescado,21.0,4.409523809523809,59.142857142857146,0.37930756843800323
5604055120,75,Femenino,Chicago,Muy Alto,7,38.55,Sí,No,Carnes,Sí,App,17846,Carnes,32.0,4.3125,49.65625,0.45177260331445357
8958564999,67,Masculino,Chicago,Alto,5,35.5,Sí,Sí,Pescado,Sí,Efectivo,8107,Mariscos y pescado,21.0,4.409523809523809,59.142857142857146,0.37930756843800323
1599464678,55,Masculino,Chicago,Alto,5,37.37,Sí,Sí,Sin dato,Sí,App,7129,Sin dato,,,,
4649297119,66,Femenino,Chicago,Bajo,1,9.5,Sí,No,Vegetariano,No,Efectivo,903,Vegetariano/Vegano,2.0,4.1,847.0,0.02648563557654467
9934677282,76,Masculino,Chicago,Bajo,3,9.21,No,No,Carnes,No,Efectivo,1267,Carnes,32.0,4.3125,49.65625,0.45177260331445357
3026897060,35,Femenino,Chicago,Medio,4,18.36,No,No,Vegano,No,Efectivo,2665,Vegetariano/Vegano,2.0,4.1,847.0,0.02648563557654467
2554851828,64,Masculino,Chicago,Medio,3,13.43,No,Sí,Otro,Sí,Tarjeta,2124,Otro,191.0,4.39738219895288,3.094240837696335,7.250028200789622
9963991398,20,Masculino,Chicago,Alto,5,27.34,Sí,Sí,Vegetariano,Sí,Efectivo,3817,Vegetariano/Vegano,2.0,4.1,847.0,0.02648563557654467
7185179917,77,Masculino,Chicago,Bajo,2,6.3,No,No,Mariscos,No,Efectivo,1506,Mariscos y pescado,21.0,4.409523809523809,59.142857142857146,0.37930756843800323
3476497538,39,Masculino,Chicago,Bajo,0,0.0,Sí,No,Otro,No,Efectivo,1102,Otro,191.0,4.39738219895288,3.094240837696335,7.250028200789622
8480530923,66,Femenino,Chicago,Bajo,3,6.49,Sí,No,Vegetariano,No,Tarjeta,1370,Vegetariano/Vegano,2.0,4.1,847.0,0.02648563557654467
8865957665,24,Femenino,Chicago,Bajo,1,8.26,No,Sí,Vegetariano,No,App,900,Vegetariano/Vegano,2.0,4.1,847.0,0.02648563557654467
8594220487,19,Masculino,Chicago,Bajo,1,5.58,No,Sí,Vegano,No,App,1385,Vegetariano/Vegano,2.0,4.1,847.0,0.02648563557654467
1483240056,47,Masculino,Chicago,Alto,5,49.01,No,No,Mariscos,No,Efectivo,7366,Mariscos y pescado,21.0,4.409523809523809,59.142857142857146,0.37930756843800323
8889964892,25,Femenino,Chicago,Muy Alto,7,28.1,Sí,Sí,Mariscos,Sí,App,15079,Mariscos y pescado,21.0,4.409523809523809,59.142857142857146,0.37930756843800323
5633103603,29,Masculino,Chicago,Bajo,2,5.61,Sí,Sí,Carnes,No,Efectivo,1431,Carnes,32.0,4.3125,49.65625,0.45177260331445357
2684104567,24,Femenino,Chicago,Alto,4,26.39,No,Sí,Sin dato,Sí,Tarjeta,8959,Sin dato,,,,
1349227244,31,Masculino,Chicago,Medio,3,23.97,No,Sí,Pescado,No,Tarjeta,2864,Mariscos y pescado,21.0,4.409523809523809,59.142857142857146,0.37930756843800323
5700774530,19,Masculino,Chicago,Muy Alto,7,27.5,Sí,Sí,Pescado,Sí,Tarjeta,10837,Mariscos y pescado,21.0,4.409523809523809,59.142857142857146,0.37930756843800323
1417410239,26,Masculino,Chicago,Alto,4,55.56,No,Sí,Pescado,No,Criptomoneda,6885,Mariscos y pescado,21.0,4.409523809523809,59.142857142857146,0.37930756843800323
8531118333,62,Femenino,Chicago,Muy Alto,7,51.42,No,No,Vegetariano,Sí,Tarjeta,12514,Vegetariano/Vegano,2.0,4.1,847.0,0.02648563557654467
9266144191,53,Masculino,Chicago,Bajo,0,0.0,Sí,No,Vegetariano,No,App,1316,Vegetariano/Vegano,2.0,4.1,847.0,0.02648563557654467
9114630460,49,Femenino,Chicago,Medio,2,6.37,Sí,Sí,Vegano,No,App,2663,Vegetariano/Vegano,2.0,4.1,847.0,0.02648563557654467
4456193555,27,Masculino,Chicago,Alto,4,36.07,Sí,No,Vegano,Sí,Tarjeta,5264,Vegetariano/Vegano,2.0,4.1,847.0,0.02648563557654467
4078864180,53,Femenino,Chicago,Medio,2,7.72,No,Sí,Sin dato,No,Efectivo,2336,Sin dato,,,,
8038719145,56,Femenino,Chicago,Medio,5,28.56,Sí,Sí,Pescado,No,Efectivo,2172,Mariscos y pescado,21.0,4.409523809523809,59.142857142857146,0.37930756843800323
4294684247,35,Masculino,Chicago,Medio,4,25.6,Sí,No,Vegano,No,App,1893,Vegetariano/Vegano,2.0,4.1,847.0,0.02648563557654467
8274530390,28,Femenino,Chicago,Bajo,0,0.0,Sí,Sí,Carnes,No,Tarjeta,1029,Carnes,32.0,4.3125,49.65625,0.45177260331445357
7420945161,22,Masculino,Chicago,Alto,5,30.09,No,No,Pescado,No,App,6419,Mariscos y pescado,21.0,4.409523809523809,59.142857142857146,0.37930756843800323
9283085713,62,Femenino,Chicago,Alto,6,25.96,Sí,Sí,Carnes,Sí,Tarjeta,4436,Carnes,32.0,4.3125,49.65625,0.45177260331445357
8466137093,23,Masculino,Chicago,Bajo,3,5.52,Sí,Sí,Vegetariano,No,Tarjeta,912,Vegetariano/Vegano,2.0,4.1,847.0,0.02648563557654467
8573798920,26,Femenino,Chicago,Alto,5,26.13,No,Sí,Carnes,Sí,Efectivo,7620,Carnes,32.0,4.3125,49.65625,0.45177260331445357
7510701005,29,Femenino,Chicago,Alto,5,24.27,Sí,Sí,Sin dato,Sí,Efectivo,4049,Sin dato,,,,
8251373202,53,Masculino,Chicago,Alto,6,35.0,No,No,Pescado,Sí,Tarjeta,6986,Mariscos y pescado,21.0,4.409523809523809,59.142857142857146,0.37930756843800323
3556329609,20,Femenino,Chicago,Muy Alto,5,50.64,No,Sí,Vegano,Sí,Efectivo,9164,Vegetariano/Vegano,2.0,4.1,847.0,0.02648563557654467
9181014286,24,Femenino,Chicago,Muy Alto,7,22.3,Sí,Sí,Carnes,Sí,App,15527,Carnes,32.0,4.3125,49.65625,0.45177260331445357
3467506024,54,Femenino,Chicago,Alto,6,32.955,No,No,Carnes,Sí,Tarjeta,3859,Carnes,32.0,4.3125,49.65625,0.45177260331445357
2993491419,46,Femenino,Chicago,Medio,4,24.2,No,Sí,Mariscos,No,Tarjeta,2791,Mariscos y pescado,21.0,4.409523809523809,59.142857142857146,0.37930756843800323
8373547961,63,Masculino,Chicago,Muy Alto,7,34.61,No,No,Vegano,Sí,App,15921,Vegetariano/Vegano,2.0,4.1,847.0,0.02648563557654467
8757585120,76,Femenino,Chicago,Medio,5,9.77,No,Sí,Carnes,No,App,2960,Carnes,32.0,4.3125,49.65625,0.45177260331445357
5903276945,34,Femenino,Chicago,Bajo,0,0.0,Sí,No,Carnes,No,Efectivo,862,Carnes,32.0,4.3125,49.65625,0.45177260331445357
7251025592,80,Femenino,Chicago,Alto,5,24.34,No,No,Sin dato,Sí,App,6113,Sin dato,,,,
7380955073,61,Masculino,Chicago,Medio,3,9.04,Sí,Sí,Vegetariano,No,Efectivo,3352,Vegetariano/Vegano,2.0,4.1,847.0,0.02648563557654467
3206955437,35,Femenino,Chicago,Bajo,1,9.1,Sí,No,Vegetariano,No,App,894,Vegetariano/Vegano,2.0,4.1,847.0,0.02648563557654467
2477770938,23,Masculino,Chicago,Muy Alto,7,73.42,Sí,Sí,Otro,Sí,App,16979,Otro,191.0,4.39738219895288,3.094240837696335,7.250028200789622
8864247524,27,Masculino,Chicago,Muy Alto,9,52.41,No,Sí,Pescado,Sí,Tarjeta,11361,Mariscos y pescado,21.0,4.409523809523809,59.142857142857146,0.37930756843800323
7818568548,80,Femenino,Chicago,Medio,2,11.24,Sí,Sí,Carnes,No,Tarjeta,2040,Carnes,32.0,4.3125,49.65625,0.45177260331445357
1160913827,24,Femenino,Chicago,Medio,4,19.48,Sí,Sí,Carnes,No,Efectivo,3020,Carnes,32.0,4.3125,49.65625,0.45177260331445357
2210637886,42,Femenino,Chicago,Alto,6,11.22,Sí,Sí,Carnes,Sí,App,7221,Carnes,32.0,4.3125,49.65625,0.45177260331445357
9723826842,70,Femenino,Chicago,Medio,4,13.76,Sí,Sí,Vegetariano,No,Tarjeta,1790,Vegetariano/Vegano,2.0,4.1,847.0,0.02648563557654467
3579583244,56,Masculino,Chicago,Medio,2,29.65,Sí,Sí,Carnes,No,Efectivo,2486,Carnes,32.0,4.3125,49.65625,0.45177260331445357
1809283659,22,Masculino,Chicago,Muy Alto,10,5.59,No,No,Vegetariano,Sí,Tarjeta,10946,Vegetariano/Vegano,2.0,4.1,847.0,0.02648563557654467
2210565696,50,Femenino,Chicago,Muy Alto,9,77.23,No,No,Carnes,Sí,Efectivo,10258,Carnes,32.0,4.3125,49.65625,0.45177260331445357
2504540807,34,Masculino,Chicago,Alto,4,33.8,Sí,Sí,Carnes,No,Efectivo,5183,Carnes,32.0,4.3125,49.65625,0.45177260331445357
5927990650,60,Masculino,Chicago,Muy Alto,9,80.89,Sí,Sí,Vegetariano,Sí,Efectivo,9132,Vegetariano/Vegano,2.0,4.1,847.0,0.02648563557654467
8137764127,61,Femenino,Chicago,Bajo,0,0.0,Sí,Sí,Pescado,No,Tarjeta,961,Mariscos y pescado,21.0,4.409523809523809,59.142857142857146,0.37930756843800323
4580671460,75,Femenino,Chicago,Muy Alto,8,9.89,Sí,Sí,Carnes,Sí,App,14251,Carnes,32.0,4.3125,49.65625,0.45177260331445357
4242579642,51,Masculino,Chicago,Muy Alto,8,36.14,No,Sí,Otro,Sí,Efectivo,9458,Otro,191.0,4.39738219895288,3.094240837696335,7.250028200789622
3983456023,56,Femenino,Chicago,Muy Alto,7,80.56,Sí,No,Otro,Sí,Efectivo,12574,Otro,191.0,4.39738219895288,3.094240837696335,7.250028200789622
9002512712,19,Masculino,Chicago,Alto,6,36.35,Sí,Sí,Sin dato,Sí,Tarjeta,7653,Sin dato,,,,
7074707335,74,Femenino,Chicago,Medio,3,16.6,Sí,No,Carnes,No,Efectivo,2838,Carnes,32.0,4.3125,49.65625,0.45177260331445357
7647058121,28,Masculino,Chicago,Alto,6,43.57,No,No,Vegetariano,Sí,Tarjeta,4564,Vegetariano/Vegano,2.0,4.1,847.0,0.02648563557654467
2650901331,76,Femenino,Chicago,Medio,4,15.17,No,Sí,Carnes,Sí,Tarjeta,3137,Carnes,32.0,4.3125,49.65625,0.45177260331445357
8283104901,45,Femenino,Chicago,Medio,2,23.23,No,Sí,Pescado,Sí,App,1843,Mariscos y pescado,21.0,4.409523809523809,59.142857142857146,0.37930756843800323
8218033876,61,Femenino,Chicago,Medio,4,16.71,No,Sí,Otro,No,Tarjeta,2619,Otro,191.0,4.39738219895288,3.094240837696335,7.250028200789622
9661361196,80,Masculino,Chicago,Muy Alto,8,30.01,Sí,Sí,Mariscos,Sí,Efectivo,13061,Mariscos y pescado,21.0,4.409523809523809,59.142857142857146,0.37930756843800323
3964619803,28,Femenino,Chicago,Alto,6,34.94,No,Sí,Vegetariano,No,Criptomoneda,8178,Vegetariano/Vegano,2.0,4.1,847.0,0.02648563557654467
4220365953,41,Masculino,Chicago,Medio,3,17.68,No,No,Carnes,No,Efectivo,1931,Carnes,32.0,4.3125,49.65625,0.45177260331445357
9808411557,69,Femenino,Chicago,Medio,4,11.45,Sí,Sí,Pescado,No,App,3048,Mariscos y pescado,21.0,4.409523809523809,59.142857142857146,0.37930756843800323
3222043334,70,Masculino,Chicago,Muy Alto,6,92.22,Sí,Sí,Sin dato,Sí,Tarjeta,12397,Sin dato,,,,
1983447031,66,Masculino,Chicago,Medio,2,9.65,No,No,Otro,No,Tarjeta,2152,Otro,191.0,4.39738219895288,3.094240837696335,7.250028200789622
9506273832,57,Femenino,Chicago,Bajo,0,0.0,Sí,No,Carnes,No,Efectivo,844,Carnes,32.0,4.3125,49.65625,0.45177260331445357
5744076853,18,Femenino,Chicago,Medio,3,9.68,Sí,No,Vegetariano,No,Tarjeta,2793,Vegetariano/Vegano,2.0,4.1,847.0,0.02648563557654467
3267547234,20,Masculino,Chicago,Medio,2,14.02,Sí,Sí,Otro,No,Tarjeta,3144,Otro,191.0,4.39738219895288,3.094240837696335,7.250028200789622
3781569954,69,Masculino,Chicago,Bajo,0,0.0,No,No,Vegetariano,No,Tarjeta,927,Vegetariano/Vegano,2.0,4.1,847.0,0.02648563557654467
1832997778,50,Masculino,Chicago,Muy Alto,9,69.63,Sí,Sí,Vegetariano,Sí,Efectivo,13367,Vegetariano/Vegano,2.0,4.1,847.0,0.02648563557654467
1126884405,77,Masculino,Chicago,Alto,6,40.29,Sí,No,Vegetariano,No,Tarjeta,4658,Vegetariano/Vegano,2.0,4.1,847.0,0.02648563557654467
7839819230,54,Masculino,Chicago,Muy Alto,9,20.88,No,No,Vegetariano,No,Efectivo,13716,Vegetariano/Vegano,2.0,4.1,847.0,0.02648563557654467
4843660761,19,Masculino,Chicago,Muy Alto,7,76.11,No,Sí,Vegetariano,Sí,App,17028,Vegetariano/Vegano,2.0,4.1,847.0,0.02648563557654467
4975339279,72,Femenino,Chicago,Alto,4,11.68,No,Sí,Carnes,Sí,Efectivo,4742,Carnes,32.0,4.3125,49.65625,0.45177260331445357
4514830868,30,Femenino,Chicago,Alto,4,41.61,Sí,Sí,Carnes,Sí,Efectivo,3774,Carnes,32.0,4.3125,49.65625,0.45177260331445357
2277649215,30,Femenino,Chicago,Medio,5,14.65,Sí,Sí,Otro,No,App,1831,Otro,191.0,4.39738219895288,3.094240837696335,7.250028200789622
6893167206,29,Femenino,Chicago,Bajo,1,6.33,Sí,Sí,Vegano,No,App,912,Vegetariano/Vegano,2.0,4.1,847.0,0.02648563557654467
2724208527,44,Masculino,Chicago,Muy Alto,7,41.33,No,Sí,Carnes,Sí,App,11010,Carnes,32.0,4.3125,49.65625,0.45177260331445357
4959482779,37,Femenino,Chicago,Alto,4,31.66,No,Sí,Vegetariano,No,Tarjeta,4727,Vegetariano/Vegano,2.0,4.1,847.0,0.02648563557654467
3631989114,46,Masculino,Chicago,Muy Alto,7,31.17,No,No,Mariscos,Sí,App,10928,Mariscos y pescado,21.0,4.409523809523809,59.142857142857146,0.37930756843800323
9678917545,74,Masculino,Chicago,Muy Alto,9,41.21,No,No,Pescado,Sí,Efectivo,16650,Mariscos y pescado,21.0,4.409523809523809,59.142857142857146,0.37930756843800323
3577508675,36,Masculino,Chicago,Medio,3,25.61,No,Sí,Pescado,No,App,2623,Mariscos y pescado,21.0,4.409523809523809,59.142857142857146,0.37930756843800323
3761607938,32,Masculino,Chicago,Alto,5,56.89,No,Sí,Carnes,Sí,Tarjeta,5811,Carnes,32.0,4.3125,49.65625,0.45177260331445357
1322344974,52,Masculino,Chicago,Medio,3,24.96,No,No,Pescado,No,Efectivo,3278,Mariscos y pescado,21.0,4.409523809523809,59.142857142857146,0.37930756843800323
6448436558,71,Masculino,Chicago,Bajo,0,0.0,Sí,No,Vegano,No,Tarjeta,837,Vegetariano/Vegano,2.0,4.1,847.0,0.02648563557654467
2372798445,47,Femenino,Chicago,Alto,5,36.97,No,No,Carnes,Sí,Tarjeta,7924,Carnes,32.0,4.3125,49.65625,0.45177260331445357
9205885404,38,Masculino,Chicago,Medio,2,19.56,Sí,Sí,Vegetariano,No,Efectivo,2057,Vegetariano/Vegano,2.0,4.1,847.0,0.02648563557654467
1701477759,61,Femenino,Chicago,Alto,5,23.25,No,No,Carnes,No,Tarjeta,7579,Carnes,32.0,4.3125,49.65625,0.45177260331445357
7969674420,28,Masculino,Chicago,Bajo,2,7.79,No,Sí,Mariscos,No,Tarjeta,1156,Mariscos y pescado,21.0,4.409523809523809,59.142857142857146,0.37930756843800323
5280312345,65,Masculino,Chicago,Medio,4,21.9,Sí,No,Vegetariano,No,Efectivo,2965,Vegetariano/Vegano,2.0,4.1,847.0,0.02648563557654467
2630110128,74,Masculino,Chicago,Muy Alto,8,65.59,Sí,No,Mariscos,Sí,Efectivo,17219,Mariscos y pescado,21.0,4.409523809523809,59.142857142857146,0.37930756843800323
9579359717,41,Femenino,Chicago,Alto,6,27.42,No,Sí,Mariscos,Sí,Tarjeta,4669,Mariscos y pescado,21.0,4.409523809523809,59.142857142857146,0.37930756843800323
8025153371,67,Masculino,Chicago,Medio,5,14.1,Sí,Sí,Carnes,No,Tarjeta,2005,Carnes,32.0,4.3125,49.65625,0.45177260331445357
5590077509,55,Masculino,Chicago,Alto,6,18.71,Sí,Sí,Otro,Sí,Efectivo,8476,Otro,191.0,4.39738219895288,3.094240837696335,7.250028200789622
6012067717,27,Femenino,Chicago,Medio,5,14.56,Sí,Sí,Otro,No,Efectivo,2786,Otro,191.0,4.39738219895288,3.094240837696335,7.250028200789622
4870516577,76,Masculino,Chicago,Muy Alto,9,86.22,No,No,Vegetariano,Sí,App,14775,Vegetariano/Vegano,2.0,4.1,847.0,0.02648563557654467
4482548488,60,Femenino,Chicago,Muy Alto,7,64.39,Sí,Sí,Vegetariano,Sí,Efectivo,11541,Vegetariano/Vegano,2.0,4.1,847.0,0.02648563557654467
8063812593,28,Masculino,Chicago,Medio,4,11.03,Sí,Sí,Pescado,No,Efectivo,1920,Mariscos y pescado,21.0,4.409523809523809,59.142857142857146,0.37930756843800323
8106906538,47,Femenino,Chicago,Alto,4,11.23,No,Sí,Mariscos,Sí,Tarjeta,4862,Mariscos y pescado,21.0,4.409523809523809,59.142857142857146,0.37930756843800323
9379906181,74,Femenino,Chicago,Bajo,0,0.0,No,No,Carnes,No,Tarjeta,1131,Carnes,32.0,4.3125,49.65625,0.45177260331445357
3802822089,52,Femenino,Chicago,Alto,6,10.19,Sí,Sí,Pescado,No,Efectivo,5092,Mariscos y pescado,21.0,4.409523809523809,59.142857142857146,0.37930756843800323
3316277000,69,Femenino,Chicago,Alto,6,27.17,No,Sí,Mariscos,No,Efectivo,3703,Mariscos y pescado,21.0,4.409523809523809,59.142857142857146,0.37930756843800323
8853079811,77,Femenino,Chicago,Bajo,1,6.18,Sí,No,Otro,No,Tarjeta,1057,Otro,191.0,4.39738219895288,3.094240837696335,7.250028200789622
4553644223,57,Femenino,Chicago,Bajo,1,6.96,No,Sí,Carnes,No,Efectivo,1348,Carnes,32.0,4.3125,49.65625,0.45177260331445357
